{
  "type": "FeatureCollection",
  "generator": "overpass-turbo",
  "copyright": "The data included in this document is from www.openstreetmap.org. The data is made available under ODbL.",
  "timestamp": "2025-02-22T19:51:58Z",
  "features": [
    {
      "type": "Feature",
      "properties": {
        "@id": "node/84927602",
        "ele": "370",
        "name": "Wildcat Peak",
        "natural": "peak"
      },
      "geometry": {
        "type": "Point",
        "coordinates": [
          -122.2621766,
          37.9192307
        ]
      },
      "id": "node/84927602"
    },
    {
      "type": "Feature",
      "properties": {
        "@id": "node/310951330",
        "name": "Madera Point",
        "natural": "peak"
      },
      "geometry": {
        "type": "Point",
        "coordinates": [
          -122.1860104,
          37.3660947
        ]
      },
      "id": "node/310951330"
    },
    {
      "type": "Feature",
      "properties": {
        "@id": "node/312912327",
        "name": "Serpentine Knoll",
        "natural": "peak"
      },
      "geometry": {
        "type": "Point",
        "coordinates": [
          -122.6125879,
          37.936806
        ]
      },
      "id": "node/312912327"
    },
    {
      "type": "Feature",
      "properties": {
        "@id": "node/312912378",
        "ele": "744",
        "gnis:feature_id": "1659122",
        "loc_name": "Mount Tam Middle Peak",
        "name": "Mount Tamalpais Middle Peak",
        "name:pronunciation": "maʊnt tæməlˈpaɪ.ɪs ˈmɪdəl ˈpiːk",
        "natural": "peak",
        "wikidata": "Q49049999"
      },
      "geometry": {
        "type": "Point",
        "coordinates": [
          -122.5885767,
          37.9271946
        ]
      },
      "id": "node/312912378"
    },
    {
      "type": "Feature",
      "properties": {
        "@id": "node/312912379",
        "ele": "784",
        "loc_name": "Mount Tam East Peak",
        "name": "Mount Tamalpais East Peak",
        "name:pronunciation": "maʊnt tæməlˈpaɪ.ɪs ˈiːst ˈpiːk",
        "natural": "peak",
        "wikidata": "Q785665",
        "wikipedia": "en:Mount Tamalpais"
      },
      "geometry": {
        "type": "Point",
        "coordinates": [
          -122.5777214,
          37.9290369
        ]
      },
      "id": "node/312912379"
    },
    {
      "type": "Feature",
      "properties": {
        "@id": "node/331937887",
        "ele": "158",
        "name": "Corona Heights",
        "natural": "peak",
        "prominence": "38"
      },
      "geometry": {
        "type": "Point",
        "coordinates": [
          -122.4393677,
          37.7648857
        ]
      },
      "id": "node/331937887"
    },
    {
      "type": "Feature",
      "properties": {
        "@id": "node/348075397",
        "created_by": "Potlatch 0.10f",
        "name": "Fossil Hill",
        "natural": "peak"
      },
      "geometry": {
        "type": "Point",
        "coordinates": [
          -122.0315399,
          37.8962468
        ]
      },
      "id": "node/348075397"
    },
    {
      "type": "Feature",
      "properties": {
        "@id": "node/358760808",
        "ele": "793",
        "gnis:feature_id": "218152",
        "name": "Mount Allison",
        "natural": "peak",
        "wikidata": "Q6919369",
        "wikipedia": "en:Mount Allison"
      },
      "geometry": {
        "type": "Point",
        "coordinates": [
          -121.8712977,
          37.4989139
        ]
      },
      "id": "node/358760808"
    },
    {
      "type": "Feature",
      "properties": {
        "@id": "node/358760889",
        "ele": "563",
        "gnis:feature_id": "218197",
        "name": "Alum Rock",
        "natural": "peak",
        "wikidata": "Q35724082"
      },
      "geometry": {
        "type": "Point",
        "coordinates": [
          -121.7888412,
          37.3879948
        ]
      },
      "id": "node/358760889"
    },
    {
      "type": "Feature",
      "properties": {
        "@id": "node/358761289",
        "ele": "345",
        "gnis:feature_id": "218568",
        "name": "Bald Hill",
        "natural": "peak",
        "wikidata": "Q35724867"
      },
      "geometry": {
        "type": "Point",
        "coordinates": [
          -122.5803515,
          37.9673981
        ]
      },
      "id": "node/358761289"
    },
    {
      "type": "Feature",
      "properties": {
        "@id": "node/358761443",
        "ele": "447",
        "gnis:feature_id": "218682",
        "name": "Barnabe Mountain",
        "natural": "peak",
        "wikidata": "Q35725909"
      },
      "geometry": {
        "type": "Point",
        "coordinates": [
          -122.7163409,
          38.0267797
        ]
      },
      "id": "node/358761443"
    },
    {
      "type": "Feature",
      "properties": {
        "@id": "node/358762043",
        "ele": "199",
        "gnis:feature_id": "219376",
        "name": "Black Mountain",
        "natural": "peak",
        "wikidata": "Q35727855"
      },
      "geometry": {
        "type": "Point",
        "coordinates": [
          -122.3530265,
          37.5452149
        ]
      },
      "id": "node/358762043"
    },
    {
      "type": "Feature",
      "properties": {
        "@id": "node/358762047",
        "ele": "386",
        "gnis:feature_id": "219377",
        "name": "Black Mountain",
        "natural": "peak",
        "wikidata": "Q35727744"
      },
      "geometry": {
        "type": "Point",
        "coordinates": [
          -122.7655451,
          38.0804774
        ]
      },
      "id": "node/358762047"
    },
    {
      "type": "Feature",
      "properties": {
        "@id": "node/358762086",
        "ele": "492",
        "gnis:feature_id": "219398",
        "name": "Black Point",
        "natural": "peak",
        "wikidata": "Q35728005"
      },
      "geometry": {
        "type": "Point",
        "coordinates": [
          -121.9588521,
          37.9122814
        ]
      },
      "id": "node/358762086"
    },
    {
      "type": "Feature",
      "properties": {
        "@id": "node/358762569",
        "ele": "514",
        "gnis:feature_id": "219956",
        "name": "Brushy Peak",
        "natural": "peak",
        "wikidata": "Q35729728"
      },
      "geometry": {
        "type": "Point",
        "coordinates": [
          -121.7032851,
          37.7677056
        ]
      },
      "id": "node/358762569"
    },
    {
      "type": "Feature",
      "properties": {
        "@id": "node/358762802",
        "ele": "208",
        "gnis:feature_id": "220262",
        "name": "Bush Hill",
        "natural": "peak",
        "wikidata": "Q35730869"
      },
      "geometry": {
        "type": "Point",
        "coordinates": [
          -122.2060789,
          38.0418655
        ]
      },
      "id": "node/358762802"
    },
    {
      "type": "Feature",
      "properties": {
        "@id": "node/358764234",
        "ele": "112",
        "gnis:feature_id": "221750",
        "name": "Coyote Hill",
        "natural": "peak",
        "wikidata": "Q35736231"
      },
      "geometry": {
        "type": "Point",
        "coordinates": [
          -122.148853,
          37.3985511
        ]
      },
      "id": "node/358764234"
    },
    {
      "type": "Feature",
      "properties": {
        "@id": "node/358764706",
        "ele": "1173",
        "gnis:feature_id": "222343",
        "name": "Mount Diablo",
        "natural": "peak",
        "wikidata": "Q13359059"
      },
      "geometry": {
        "type": "Point",
        "coordinates": [
          -121.9141465,
          37.8816954
        ]
      },
      "id": "node/358764706"
    },
    {
      "type": "Feature",
      "properties": {
        "@id": "node/358764846",
        "ele": "329",
        "gnis:feature_id": "222499",
        "name": "Donlan Point",
        "natural": "peak",
        "wikidata": "Q49025451"
      },
      "geometry": {
        "type": "Point",
        "coordinates": [
          -121.9677373,
          37.7010412
        ]
      },
      "id": "node/358764846"
    },
    {
      "type": "Feature",
      "properties": {
        "@id": "node/358765046",
        "ele": "722",
        "gnis:feature_id": "222820",
        "name": "Eagle Peak",
        "natural": "peak"
      },
      "geometry": {
        "type": "Point",
        "coordinates": [
          -121.9383695,
          37.90192
        ]
      },
      "id": "node/358765046"
    },
    {
      "type": "Feature",
      "properties": {
        "@id": "node/358765616",
        "ele": "382",
        "gnis:feature_id": "223304",
        "name": "Ewing Hill",
        "natural": "peak"
      },
      "geometry": {
        "type": "Point",
        "coordinates": [
          -122.147872,
          37.3451274
        ]
      },
      "id": "node/358765616"
    },
    {
      "type": "Feature",
      "properties": {
        "@id": "node/358766869",
        "ele": "421",
        "gnis:feature_id": "224545",
        "name": "Green Hill",
        "natural": "peak"
      },
      "geometry": {
        "type": "Point",
        "coordinates": [
          -122.6719074,
          37.9979864
        ]
      },
      "id": "node/358766869"
    },
    {
      "type": "Feature",
      "properties": {
        "@id": "node/358768728",
        "ele": "637",
        "gnis:feature_id": "226591",
        "name": "Kings Mountain",
        "natural": "peak"
      },
      "geometry": {
        "type": "Point",
        "coordinates": [
          -122.3244145,
          37.4407729
        ]
      },
      "id": "node/358768728"
    },
    {
      "type": "Feature",
      "properties": {
        "@id": "node/358768798",
        "ele": "285",
        "gnis:feature_id": "226658",
        "name": "Knob Hill",
        "natural": "peak",
        "wikidata": "Q49042134"
      },
      "geometry": {
        "type": "Point",
        "coordinates": [
          -122.5639556,
          37.934944
        ]
      },
      "id": "node/358768798"
    },
    {
      "type": "Feature",
      "properties": {
        "@id": "node/358769184",
        "ele": "338",
        "gnis:feature_id": "226968",
        "name": "Lawson Hill",
        "natural": "peak"
      },
      "geometry": {
        "type": "Point",
        "coordinates": [
          -122.1921891,
          37.9435348
        ]
      },
      "id": "node/358769184"
    },
    {
      "type": "Feature",
      "properties": {
        "@id": "node/358769628",
        "ele": "484",
        "gnis:feature_id": "227486",
        "name": "Loma Alta",
        "natural": "peak",
        "wikidata": "Q49045921"
      },
      "geometry": {
        "type": "Point",
        "coordinates": [
          -122.6124816,
          38.0243667
        ]
      },
      "id": "node/358769628"
    },
    {
      "type": "Feature",
      "properties": {
        "@id": "node/358770032",
        "ele": "484",
        "gnis:feature_id": "227946",
        "name": "Maguire Peaks",
        "natural": "peak",
        "wikidata": "Q49047454"
      },
      "geometry": {
        "type": "Point",
        "coordinates": [
          -121.8355224,
          37.5459343
        ]
      },
      "id": "node/358770032"
    },
    {
      "type": "Feature",
      "properties": {
        "@id": "node/358770877",
        "ele": "761",
        "gnis:feature_id": "228839",
        "name": "Mission Peak",
        "natural": "peak",
        "tourism": "viewpoint",
        "wikidata": "Q6878668",
        "wikipedia": "en:Mission Peak"
      },
      "geometry": {
        "type": "Point",
        "coordinates": [
          -121.8809081,
          37.5125462
        ]
      },
      "id": "node/358770877"
    },
    {
      "type": "Feature",
      "properties": {
        "@id": "node/358771379",
        "ele": "426",
        "gnis:feature_id": "229323",
        "name": "Mulligan Hill",
        "natural": "peak"
      },
      "geometry": {
        "type": "Point",
        "coordinates": [
          -121.9349594,
          37.9818663
        ]
      },
      "id": "node/358771379"
    },
    {
      "type": "Feature",
      "properties": {
        "@id": "node/358771583",
        "alt_name": "Nickols Knob",
        "ele": "113",
        "gnis:feature_id": "229545",
        "name": "Nicholl Knob",
        "natural": "peak",
        "note": "local map says elv is 371 ft. Historical USGS Topo (San Quentin, 1947) identifies it as Nickols Knob"
      },
      "geometry": {
        "type": "Point",
        "coordinates": [
          -122.382329,
          37.9203682
        ]
      },
      "id": "node/358771583"
    },
    {
      "type": "Feature",
      "properties": {
        "@id": "node/358771713",
        "ele": "1084",
        "gnis:feature_id": "229745",
        "name": "North Peak",
        "natural": "peak"
      },
      "geometry": {
        "type": "Point",
        "coordinates": [
          -121.9004086,
          37.8932494
        ]
      },
      "id": "node/358771713"
    },
    {
      "type": "Feature",
      "properties": {
        "@id": "node/358772260",
        "ele": "644",
        "gnis:feature_id": "230186",
        "name": "Oyster Point",
        "natural": "peak"
      },
      "geometry": {
        "type": "Point",
        "coordinates": [
          -121.8777348,
          37.8304816
        ]
      },
      "id": "node/358772260"
    },
    {
      "type": "Feature",
      "properties": {
        "@id": "node/358772263",
        "ele": "129",
        "gnis:feature_id": "230194",
        "name": "Pacheco Hill",
        "natural": "peak",
        "wikidata": "Q49059261"
      },
      "geometry": {
        "type": "Point",
        "coordinates": [
          -122.5313666,
          38.0426993
        ]
      },
      "id": "node/358772263"
    },
    {
      "type": "Feature",
      "properties": {
        "@id": "node/358772684",
        "ele": "340",
        "gnis:feature_id": "230660",
        "name": "Pilot Knob",
        "natural": "peak",
        "wikidata": "Q49061289"
      },
      "geometry": {
        "type": "Point",
        "coordinates": [
          -122.5885471,
          37.9483089
        ]
      },
      "id": "node/358772684"
    },
    {
      "type": "Feature",
      "properties": {
        "@id": "node/358772748",
        "ele": "543",
        "gnis:feature_id": "230708",
        "name": "Pine Mountain",
        "natural": "peak"
      },
      "geometry": {
        "type": "Point",
        "coordinates": [
          -122.6524832,
          37.977146
        ]
      },
      "id": "node/358772748"
    },
    {
      "type": "Feature",
      "properties": {
        "@id": "node/358772918",
        "ele": "45",
        "gnis:feature_id": "230870",
        "name": "Point San Bruno",
        "natural": "peak"
      },
      "geometry": {
        "type": "Point",
        "coordinates": [
          -122.3851802,
          37.6537146
        ]
      },
      "id": "node/358772918"
    },
    {
      "type": "Feature",
      "properties": {
        "@id": "node/358773191",
        "ele": "411",
        "gnis:feature_id": "231200",
        "name": "Ramage Peak",
        "natural": "peak",
        "wikidata": "Q49066503"
      },
      "geometry": {
        "type": "Point",
        "coordinates": [
          -122.0688517,
          37.7904829
        ]
      },
      "id": "node/358773191"
    },
    {
      "type": "Feature",
      "properties": {
        "@id": "node/358773287",
        "ele": "133",
        "gnis:feature_id": "231329",
        "name": "Red Hill",
        "natural": "peak",
        "wikidata": "Q49067269"
      },
      "geometry": {
        "type": "Point",
        "coordinates": [
          -122.560888,
          37.9792601
        ]
      },
      "id": "node/358773287"
    },
    {
      "type": "Feature",
      "properties": {
        "@id": "node/358773428",
        "ele": "493",
        "elevation": "469",
        "gnis:feature_id": "231447",
        "name": "Redwood Peak",
        "natural": "peak"
      },
      "geometry": {
        "type": "Point",
        "coordinates": [
          -122.176562,
          37.8179437
        ]
      },
      "id": "node/358773428"
    },
    {
      "type": "Feature",
      "properties": {
        "@id": "node/358773907",
        "ele": "531",
        "gnis:feature_id": "231972",
        "name": "Round Top",
        "natural": "peak",
        "note": "Changing back to peak from volcano; the area is volcanic, but ten million years ago wandering rather vaguely specified geographically",
        "volcano:status": "extinct",
        "volcano:type": "dirt",
        "wikidata": "Q7371144"
      },
      "geometry": {
        "type": "Point",
        "coordinates": [
          -122.1926084,
          37.8501463
        ]
      },
      "id": "node/358773907"
    },
    {
      "type": "Feature",
      "properties": {
        "@id": "node/358774522",
        "alt_name": "Radio Peak",
        "ele": "371",
        "gnis:feature_id": "232381",
        "name": "San Bruno Mountain Summit",
        "natural": "peak",
        "prominence": "340"
      },
      "geometry": {
        "type": "Point",
        "coordinates": [
          -122.4355251,
          37.6874055
        ]
      },
      "id": "node/358774522"
    },
    {
      "type": "Feature",
      "properties": {
        "@id": "node/358774628",
        "ele": "204",
        "gnis:feature_id": "232468",
        "name": "San Rafael Hill",
        "name:pronunciation": "ˌsæn rəˈfɛl hɪl",
        "natural": "peak",
        "wikidata": "Q49071126"
      },
      "geometry": {
        "type": "Point",
        "coordinates": [
          -122.5327544,
          37.9852009
        ]
      },
      "id": "node/358774628"
    },
    {
      "type": "Feature",
      "properties": {
        "@id": "node/358775206",
        "ele": "442",
        "gnis:feature_id": "233068",
        "name": "Shroyer Mountain",
        "natural": "peak",
        "wikidata": "Q49073562"
      },
      "geometry": {
        "type": "Point",
        "coordinates": [
          -122.6699851,
          38.0651994
        ]
      },
      "id": "node/358775206"
    },
    {
      "type": "Feature",
      "properties": {
        "@id": "node/358775690",
        "ele": "400",
        "gnis:feature_id": "233880",
        "name": "Firtop",
        "natural": "peak"
      },
      "geometry": {
        "type": "Point",
        "coordinates": [
          -122.7763787,
          37.9921465
        ]
      },
      "id": "node/358775690"
    },
    {
      "type": "Feature",
      "properties": {
        "@id": "node/358775960",
        "ele": "570",
        "gnis:feature_id": "234383",
        "name": "Montara Mountain North Peak",
        "natural": "peak"
      },
      "geometry": {
        "type": "Point",
        "coordinates": [
          -122.4776933,
          37.5613805
        ]
      },
      "id": "node/358775960"
    },
    {
      "type": "Feature",
      "properties": {
        "@id": "node/358776755",
        "ele": "148",
        "gnis:feature_id": "235663",
        "name": "Sugarloaf Hill Benchmark",
        "natural": "peak"
      },
      "geometry": {
        "type": "Point",
        "coordinates": [
          -122.042462,
          37.877147
        ]
      },
      "id": "node/358776755"
    },
    {
      "type": "Feature",
      "properties": {
        "@id": "node/358777548",
        "ele": "33",
        "gnis:feature_id": "236638",
        "name": "Turk Island",
        "natural": "peak"
      },
      "geometry": {
        "type": "Point",
        "coordinates": [
          -122.1044079,
          37.5721574
        ]
      },
      "id": "node/358777548"
    },
    {
      "type": "Feature",
      "properties": {
        "@id": "node/358777608",
        "alt_name": "South Peak",
        "ele": "274",
        "ele:source": "San Francisco Recreation & Park Department",
        "name": "Noe Peak",
        "natural": "peak",
        "prominence": "100",
        "wikidata": "Q125256286"
      },
      "geometry": {
        "type": "Point",
        "coordinates": [
          -122.447749,
          37.7515972
        ]
      },
      "id": "node/358777608"
    },
    {
      "type": "Feature",
      "properties": {
        "@id": "node/358777613",
        "ele": "463",
        "gnis:feature_id": "236710",
        "name": "Twin Peaks",
        "natural": "peak"
      },
      "geometry": {
        "type": "Point",
        "coordinates": [
          -121.9375421,
          37.9124413
        ]
      },
      "id": "node/358777613"
    },
    {
      "type": "Feature",
      "properties": {
        "@id": "node/358778604",
        "ele": "527",
        "gnis:feature_id": "237510",
        "name": "Mount Tamalpais West Point",
        "name:pronunciation": "maʊnt tæməlˈpaɪ.ɪs ˈwɛst ˈpɔɪnt",
        "natural": "peak",
        "wikidata": "Q49088685"
      },
      "geometry": {
        "type": "Point",
        "coordinates": [
          -122.593841,
          37.9165192
        ]
      },
      "id": "node/358778604"
    },
    {
      "type": "Feature",
      "properties": {
        "@id": "node/358778739",
        "ele": "428",
        "gnis:feature_id": "237643",
        "name": "White Hill",
        "natural": "peak"
      },
      "geometry": {
        "type": "Point",
        "coordinates": [
          -122.627413,
          37.9952461
        ]
      },
      "id": "node/358778739"
    },
    {
      "type": "Feature",
      "properties": {
        "@id": "node/358779123",
        "ele": "632",
        "gnis:feature_id": "238033",
        "name": "Windy Point",
        "natural": "peak"
      },
      "geometry": {
        "type": "Point",
        "coordinates": [
          -121.8757904,
          37.852981
        ]
      },
      "id": "node/358779123"
    },
    {
      "type": "Feature",
      "properties": {
        "@id": "node/358779387",
        "ele": "473",
        "gnis:feature_id": "238321",
        "name": "Mount Zion",
        "natural": "peak"
      },
      "geometry": {
        "type": "Point",
        "coordinates": [
          -121.953293,
          37.9238124
        ]
      },
      "id": "node/358779387"
    },
    {
      "type": "Feature",
      "properties": {
        "@id": "node/358780178",
        "ele": "637",
        "gnis:feature_id": "238918",
        "name": "Bald Knob",
        "natural": "peak",
        "wikidata": "Q35725049"
      },
      "geometry": {
        "type": "Point",
        "coordinates": [
          -122.3543356,
          37.4235835
        ]
      },
      "id": "node/358780178"
    },
    {
      "type": "Feature",
      "properties": {
        "@id": "node/358795029",
        "ele": "306",
        "gnis:feature_id": "251977",
        "name": "William Rust Summit",
        "natural": "peak",
        "wikidata": "Q8017869"
      },
      "geometry": {
        "type": "Point",
        "coordinates": [
          -122.2908028,
          37.9263134
        ]
      },
      "id": "node/358795029"
    },
    {
      "type": "Feature",
      "properties": {
        "@id": "node/358795130",
        "ele": "1037",
        "gnis:feature_id": "252216",
        "name": "Ransom Point",
        "natural": "peak"
      },
      "geometry": {
        "type": "Point",
        "coordinates": [
          -121.9152362,
          37.8857578
        ]
      },
      "id": "node/358795130"
    },
    {
      "type": "Feature",
      "properties": {
        "@id": "node/358796319",
        "ele": "581",
        "gnis:feature_id": "255204",
        "name": "Vollmer Peak",
        "natural": "peak"
      },
      "geometry": {
        "type": "Point",
        "coordinates": [
          -122.2218218,
          37.8835118
        ]
      },
      "id": "node/358796319"
    },
    {
      "type": "Feature",
      "properties": {
        "@id": "node/358802892",
        "ele": "545",
        "gnis:feature_id": "277455",
        "name": "South Peak",
        "natural": "peak"
      },
      "geometry": {
        "type": "Point",
        "coordinates": [
          -122.4795935,
          37.5559562
        ]
      },
      "id": "node/358802892"
    },
    {
      "type": "Feature",
      "properties": {
        "@id": "node/358803038",
        "ele": "240",
        "gnis:feature_id": "1654338",
        "name": "Mount Caroline Livermore",
        "natural": "peak",
        "wikidata": "Q49052240"
      },
      "geometry": {
        "type": "Point",
        "coordinates": [
          -122.4309517,
          37.8615283
        ]
      },
      "id": "node/358803038"
    },
    {
      "type": "Feature",
      "properties": {
        "@id": "node/358803211",
        "ele": "128",
        "gnis:feature_id": "1655330",
        "name": "Bay View Hill",
        "natural": "peak",
        "wikidata": "Q35726358"
      },
      "geometry": {
        "type": "Point",
        "coordinates": [
          -122.3933867,
          37.7150483
        ]
      },
      "id": "node/358803211"
    },
    {
      "type": "Feature",
      "properties": {
        "@id": "node/358803216",
        "ele": "173",
        "gnis:feature_id": "1655336",
        "name": "Buena Vista Heights",
        "natural": "peak",
        "prominence": "38",
        "wikidata": "Q35730125",
        "wikipedia": "ceb:Buena Vista Heights"
      },
      "geometry": {
        "type": "Point",
        "coordinates": [
          -122.4415675,
          37.7677606
        ]
      },
      "id": "node/358803216"
    },
    {
      "type": "Feature",
      "properties": {
        "@id": "node/358803302",
        "ele": "108",
        "gnis:feature_id": "1655420",
        "name": "Ignatius Heights",
        "natural": "peak",
        "wikidata": "Q49038272"
      },
      "geometry": {
        "type": "Point",
        "coordinates": [
          -122.4510825,
          37.7763186
        ]
      },
      "id": "node/358803302"
    },
    {
      "type": "Feature",
      "properties": {
        "@id": "node/358803483",
        "ele": "158",
        "gnis:feature_id": "1655580",
        "name": "Visitacion Knob",
        "natural": "peak",
        "wikidata": "Q49087119"
      },
      "geometry": {
        "type": "Point",
        "coordinates": [
          -122.4218131,
          37.7192828
        ]
      },
      "id": "node/358803483"
    },
    {
      "type": "Feature",
      "properties": {
        "@id": "node/358803788",
        "ele": "485",
        "gnis:feature_id": "1655803",
        "name": "Artist Point",
        "natural": "peak",
        "wikidata": "Q35724474"
      },
      "geometry": {
        "type": "Point",
        "coordinates": [
          -121.934461,
          37.8477787
        ]
      },
      "id": "node/358803788"
    },
    {
      "type": "Feature",
      "properties": {
        "@id": "node/358803827",
        "ele": "195",
        "gnis:feature_id": "1655839",
        "name": "Boon Hill",
        "natural": "peak",
        "wikidata": "Q35728739"
      },
      "geometry": {
        "type": "Point",
        "coordinates": [
          -121.9805156,
          37.8282593
        ]
      },
      "id": "node/358803827"
    },
    {
      "type": "Feature",
      "properties": {
        "@id": "node/358803843",
        "ele": "636",
        "gnis:feature_id": "1655876",
        "name": "Cave Point",
        "natural": "peak",
        "wikidata": "Q35733314"
      },
      "geometry": {
        "type": "Point",
        "coordinates": [
          -121.8819016,
          37.8410368
        ]
      },
      "id": "node/358803843"
    },
    {
      "type": "Feature",
      "properties": {
        "@id": "node/358804001",
        "ele": "568",
        "gnis:feature_id": "1656117",
        "name": "Knob Point",
        "natural": "peak"
      },
      "geometry": {
        "type": "Point",
        "coordinates": [
          -121.9000901,
          37.8435802
        ]
      },
      "id": "node/358804001"
    },
    {
      "type": "Feature",
      "properties": {
        "@id": "node/358804228",
        "ele": "473",
        "gnis:feature_id": "1656397",
        "name": "Wall Point",
        "natural": "peak"
      },
      "geometry": {
        "type": "Point",
        "coordinates": [
          -121.9532927,
          37.8568696
        ]
      },
      "id": "node/358804228"
    },
    {
      "type": "Feature",
      "properties": {
        "@id": "node/358805939",
        "ele": "91",
        "gnis:feature_id": "1657903",
        "name": "Albany Hill",
        "natural": "peak",
        "wikidata": "Q4709328"
      },
      "geometry": {
        "type": "Point",
        "coordinates": [
          -122.304692,
          37.8949254
        ]
      },
      "id": "node/358805939"
    },
    {
      "type": "Feature",
      "properties": {
        "@id": "node/358806083",
        "ele": "171",
        "gnis:feature_id": "1658030",
        "name": "Belmont Hill",
        "natural": "peak",
        "wikidata": "Q35726871"
      },
      "geometry": {
        "type": "Point",
        "coordinates": [
          -122.2760786,
          37.5102149
        ]
      },
      "id": "node/358806083"
    },
    {
      "type": "Feature",
      "properties": {
        "@id": "node/358806089",
        "alt_name": "Bernal Heights;Bernal Heights Hill;Bernal Heights Summit",
        "ele": "132",
        "gnis:feature_id": "1658039",
        "name": "Bernal Hill",
        "natural": "peak",
        "wikidata": "Q2745820",
        "wikipedia": "en:Bernal Heights Summit"
      },
      "geometry": {
        "type": "Point",
        "coordinates": [
          -122.415804,
          37.7429861
        ]
      },
      "id": "node/358806089"
    },
    {
      "type": "Feature",
      "properties": {
        "@id": "node/358806147",
        "ele": "62",
        "gnis:feature_id": "1658104",
        "name": "Bon Air Hill",
        "natural": "peak",
        "wikidata": "Q35728651"
      },
      "geometry": {
        "type": "Point",
        "coordinates": [
          -122.5319204,
          37.9468688
        ]
      },
      "id": "node/358806147"
    },
    {
      "type": "Feature",
      "properties": {
        "@id": "node/358806160",
        "ele": "63",
        "gnis:feature_id": "1658138",
        "name": "Brittan Knoll",
        "natural": "peak",
        "wikidata": "Q35729379"
      },
      "geometry": {
        "type": "Point",
        "coordinates": [
          -122.2652446,
          37.4999372
        ]
      },
      "id": "node/358806160"
    },
    {
      "type": "Feature",
      "properties": {
        "@id": "node/358806215",
        "ele": "210",
        "gnis:feature_id": "1658233",
        "name": "Castle Hill",
        "natural": "peak",
        "wikidata": "Q35733001"
      },
      "geometry": {
        "type": "Point",
        "coordinates": [
          -122.0519069,
          37.8604809
        ]
      },
      "id": "node/358806215"
    },
    {
      "type": "Feature",
      "properties": {
        "@id": "node/358806234",
        "ele": "540",
        "gnis:feature_id": "1658258",
        "name": "Chaparral Peak",
        "natural": "peak",
        "wikidata": "Q35734017"
      },
      "geometry": {
        "type": "Point",
        "coordinates": [
          -122.2230234,
          37.8782589
        ]
      },
      "id": "node/358806234"
    },
    {
      "type": "Feature",
      "properties": {
        "@id": "node/358806322",
        "ele": "283",
        "gnis:feature_id": "1658377",
        "name": "Mount Davidson",
        "natural": "peak",
        "prominence": "193",
        "wikidata": "Q3321801",
        "wikimedia_commons": "Category:Mount Davidson (California)",
        "wikipedia": "en:Mount Davidson (California)"
      },
      "geometry": {
        "type": "Point",
        "coordinates": [
          -122.453304,
          37.7382643
        ]
      },
      "id": "node/358806322"
    },
    {
      "type": "Feature",
      "properties": {
        "@id": "node/358806389",
        "ele": "32",
        "gnis:feature_id": "1658451",
        "name": "Eagle Hill",
        "natural": "peak"
      },
      "geometry": {
        "type": "Point",
        "coordinates": [
          -122.2435772,
          37.4746598
        ]
      },
      "id": "node/358806389"
    },
    {
      "type": "Feature",
      "properties": {
        "@id": "node/358806404",
        "ele": "344",
        "gnis:feature_id": "1658486",
        "name": "Elephant Mountain",
        "natural": "peak"
      },
      "geometry": {
        "type": "Point",
        "coordinates": [
          -122.1546864,
          37.3493856
        ]
      },
      "id": "node/358806404"
    },
    {
      "type": "Feature",
      "properties": {
        "@id": "node/358806426",
        "ele": "495",
        "gnis:feature_id": "1658514",
        "name": "Eureka Peak",
        "natural": "peak"
      },
      "geometry": {
        "type": "Point",
        "coordinates": [
          -122.2124676,
          37.8790922
        ]
      },
      "id": "node/358806426"
    },
    {
      "type": "Feature",
      "properties": {
        "@id": "node/358806526",
        "ele": "531",
        "gnis:feature_id": "1658677",
        "name": "Grizzly Peak",
        "natural": "peak",
        "wikidata": "Q5609806"
      },
      "geometry": {
        "type": "Point",
        "coordinates": [
          -122.2335958,
          37.8821024
        ]
      },
      "id": "node/358806526"
    },
    {
      "type": "Feature",
      "properties": {
        "@id": "node/358806543",
        "ele": "125",
        "gnis:feature_id": "1658685",
        "name": "Grove Hill",
        "natural": "peak",
        "wikidata": "Q49034201"
      },
      "geometry": {
        "type": "Point",
        "coordinates": [
          -122.5556977,
          37.9831328
        ]
      },
      "id": "node/358806543"
    },
    {
      "type": "Feature",
      "properties": {
        "@id": "node/358806681",
        "ele": "228",
        "gnis:feature_id": "1658906",
        "name": "King Mountain",
        "natural": "peak",
        "wikidata": "Q49041680"
      },
      "geometry": {
        "type": "Point",
        "coordinates": [
          -122.5480323,
          37.9365914
        ]
      },
      "id": "node/358806681"
    },
    {
      "type": "Feature",
      "properties": {
        "@id": "node/358806739",
        "ele": "251",
        "gnis:feature_id": "1658975",
        "name": "Little Mountain",
        "natural": "peak",
        "wikidata": "Q49045177"
      },
      "geometry": {
        "type": "Point",
        "coordinates": [
          -122.6263726,
          38.11742
        ]
      },
      "id": "node/358806739"
    },
    {
      "type": "Feature",
      "properties": {
        "@id": "node/358806769",
        "ele": "128",
        "gnis:feature_id": "1659001",
        "name": "Lone Mountain",
        "natural": "peak",
        "wikidata": "Q6671312"
      },
      "geometry": {
        "type": "Point",
        "coordinates": [
          -122.4519159,
          37.7790963
        ]
      },
      "id": "node/358806769"
    },
    {
      "type": "Feature",
      "properties": {
        "@id": "node/358806875",
        "ele": "64",
        "gnis:feature_id": "1659170",
        "name": "Moore Hill",
        "natural": "peak",
        "wikidata": "Q49051380"
      },
      "geometry": {
        "type": "Point",
        "coordinates": [
          -122.5402546,
          37.9707569
        ]
      },
      "id": "node/358806875"
    },
    {
      "type": "Feature",
      "properties": {
        "@id": "node/358806886",
        "ele": "358",
        "gnis:feature_id": "1659194",
        "name": "Mulholland Hill",
        "natural": "peak"
      },
      "geometry": {
        "type": "Point",
        "coordinates": [
          -122.1475112,
          37.8604713
        ]
      },
      "id": "node/358806886"
    },
    {
      "type": "Feature",
      "properties": {
        "@id": "node/358806914",
        "ele": "113",
        "gnis:feature_id": "1659237",
        "name": "Nob Hill",
        "natural": "peak",
        "wikidata": "Q7466",
        "wikimedia_commons": "Category:Nob Hill, San Francisco",
        "wikipedia": "en:Nob Hill, San Francisco"
      },
      "geometry": {
        "type": "Point",
        "coordinates": [
          -122.415249,
          37.7932622
        ]
      },
      "id": "node/358806914"
    },
    {
      "type": "Feature",
      "properties": {
        "@id": "node/358806919",
        "ele": "44",
        "gnis:feature_id": "1659238",
        "name": "Nob Hill",
        "natural": "peak"
      },
      "geometry": {
        "type": "Point",
        "coordinates": [
          -122.30497,
          38.0063111
        ]
      },
      "id": "node/358806919"
    },
    {
      "type": "Feature",
      "properties": {
        "@id": "node/358806943",
        "ele": "125",
        "gnis:feature_id": "1659260",
        "name": "Novato Heights",
        "natural": "peak",
        "wikidata": "Q49057678"
      },
      "geometry": {
        "type": "Point",
        "coordinates": [
          -122.5874816,
          38.092976
        ]
      },
      "id": "node/358806943"
    },
    {
      "type": "Feature",
      "properties": {
        "@id": "node/358806977",
        "ele": "369",
        "gnis:feature_id": "1659278",
        "name": "Oat Hill",
        "natural": "peak",
        "wikidata": "Q49058077"
      },
      "geometry": {
        "type": "Point",
        "coordinates": [
          -122.6391488,
          37.9479802
        ]
      },
      "id": "node/358806977"
    },
    {
      "type": "Feature",
      "properties": {
        "@id": "node/358807008",
        "ele": "171",
        "gnis:feature_id": "1659303",
        "name": "Mount Olympus",
        "natural": "peak",
        "wikidata": "Q14683428",
        "wikimedia_commons": "Category:Mount Olympus (San Francisco)",
        "wikipedia": "en:Mount Olympus (San Francisco)"
      },
      "geometry": {
        "type": "Point",
        "coordinates": [
          -122.445539,
          37.763318
        ]
      },
      "id": "node/358807008"
    },
    {
      "type": "Feature",
      "properties": {
        "@id": "node/358807030",
        "ele": "284",
        "gnis:feature_id": "1659328",
        "name": "Pablo Point",
        "natural": "peak"
      },
      "geometry": {
        "type": "Point",
        "coordinates": [
          -122.7247091,
          37.9429806
        ]
      },
      "id": "node/358807030"
    },
    {
      "type": "Feature",
      "properties": {
        "@id": "node/358807039",
        "ele": "54",
        "gnis:feature_id": "1659336",
        "name": "Palm Hill",
        "natural": "peak",
        "wikidata": "Q49059514"
      },
      "geometry": {
        "type": "Point",
        "coordinates": [
          -122.5291424,
          37.9324248
        ]
      },
      "id": "node/358807039"
    },
    {
      "type": "Feature",
      "properties": {
        "@id": "node/358807125",
        "ele": "94",
        "gnis:feature_id": "1659429",
        "name": "Potrero Hill",
        "natural": "peak",
        "wikidata": "Q3400108",
        "wikipedia": "en:Potrero Hill"
      },
      "geometry": {
        "type": "Point",
        "coordinates": [
          -122.3991374,
          37.7565834
        ]
      },
      "id": "node/358807125"
    },
    {
      "type": "Feature",
      "properties": {
        "@id": "node/358807183",
        "ele": "35",
        "gnis:feature_id": "1659512",
        "name": "Rincon Hill",
        "natural": "peak",
        "wikidata": "Q7334615"
      },
      "geometry": {
        "type": "Point",
        "coordinates": [
          -122.3919152,
          37.7852068
        ]
      },
      "id": "node/358807183"
    },
    {
      "type": "Feature",
      "properties": {
        "@id": "node/358807203",
        "ele": "199",
        "gnis:feature_id": "1659548",
        "name": "Ross Hill",
        "natural": "peak",
        "wikidata": "Q49069466"
      },
      "geometry": {
        "type": "Point",
        "coordinates": [
          -122.567756,
          37.955202
        ]
      },
      "id": "node/358807203"
    },
    {
      "type": "Feature",
      "properties": {
        "@id": "node/358807215",
        "ele": "97",
        "gnis:feature_id": "1659561",
        "name": "Russian Hill",
        "natural": "peak",
        "wikidata": "Q49070429"
      },
      "geometry": {
        "type": "Point",
        "coordinates": [
          -122.4149712,
          37.7977066
        ]
      },
      "id": "node/358807215"
    },
    {
      "type": "Feature",
      "properties": {
        "@id": "node/358807234",
        "ele": "91",
        "gnis:feature_id": "1659587",
        "name": "San Pedro Hill",
        "natural": "peak",
        "wikidata": "Q49071117"
      },
      "geometry": {
        "type": "Point",
        "coordinates": [
          -122.4513625,
          37.9874229
        ]
      },
      "id": "node/358807234"
    },
    {
      "type": "Feature",
      "properties": {
        "@id": "node/358807236",
        "ele": "325",
        "gnis:feature_id": "1659588",
        "name": "San Pedro Mountain",
        "natural": "peak"
      },
      "geometry": {
        "type": "Point",
        "coordinates": [
          -122.5069624,
          37.5735433
        ]
      },
      "id": "node/358807236"
    },
    {
      "type": "Feature",
      "properties": {
        "@id": "node/358807281",
        "ele": "703",
        "gnis:feature_id": "1659674",
        "name": "Skeggs Point",
        "natural": "peak"
      },
      "geometry": {
        "type": "Point",
        "coordinates": [
          -122.3058616,
          37.4108603
        ]
      },
      "id": "node/358807281"
    },
    {
      "type": "Feature",
      "properties": {
        "@id": "node/358807310",
        "ele": "244",
        "gnis:feature_id": "1659708",
        "name": "Cattle Hill",
        "natural": "peak",
        "wikidata": "Q35733291"
      },
      "geometry": {
        "type": "Point",
        "coordinates": [
          -122.4816417,
          37.606881
        ]
      },
      "id": "node/358807310"
    },
    {
      "type": "Feature",
      "properties": {
        "@id": "node/358807342",
        "ele": "487",
        "gnis:feature_id": "1659760",
        "name": "Montara Knob",
        "natural": "peak"
      },
      "geometry": {
        "type": "Point",
        "coordinates": [
          -122.4853841,
          37.5569852
        ]
      },
      "id": "node/358807342"
    },
    {
      "type": "Feature",
      "properties": {
        "@id": "node/358807440",
        "ele": "227",
        "gnis:feature_id": "1659871",
        "name": "Stewart Point",
        "natural": "peak"
      },
      "geometry": {
        "type": "Point",
        "coordinates": [
          -122.7213755,
          37.9299254
        ]
      },
      "id": "node/358807440"
    },
    {
      "type": "Feature",
      "properties": {
        "@id": "node/358807454",
        "ele": "129",
        "gnis:feature_id": "1659887",
        "name": "Strawberry Hill",
        "natural": "peak",
        "wikidata": "Q7622434",
        "wikimedia_commons": "Category:Strawberry Hill (San Francisco)",
        "wikipedia": "en:Strawberry Hill (San Francisco)"
      },
      "geometry": {
        "type": "Point",
        "coordinates": [
          -122.475527,
          37.7685412
        ]
      },
      "id": "node/358807454"
    },
    {
      "type": "Feature",
      "properties": {
        "@id": "node/358807538",
        "ele": "91",
        "gnis:feature_id": "1659965",
        "name": "Telegraph Hill",
        "natural": "peak",
        "summit:register": "no",
        "wikidata": "Q1283754",
        "wikipedia": "en:Telegraph Hill, San Francisco"
      },
      "geometry": {
        "type": "Point",
        "coordinates": [
          -122.405851,
          37.8027297
        ]
      },
      "id": "node/358807538"
    },
    {
      "type": "Feature",
      "properties": {
        "@id": "node/358807593",
        "ele": "304",
        "gnis:feature_id": "1660012",
        "name": "Tolman Peak",
        "name:ru": "Толман-Пик",
        "natural": "peak",
        "wikidata": "Q49084163"
      },
      "geometry": {
        "type": "Point",
        "coordinates": [
          -121.9913495,
          37.6138226
        ]
      },
      "id": "node/358807593"
    },
    {
      "type": "Feature",
      "properties": {
        "@id": "node/358807666",
        "ele": "68",
        "gnis:feature_id": "1660087",
        "name": "Vallejo Heights",
        "natural": "peak"
      },
      "geometry": {
        "type": "Point",
        "coordinates": [
          -122.265526,
          38.1168638
        ]
      },
      "id": "node/358807666"
    },
    {
      "type": "Feature",
      "properties": {
        "@id": "node/358807700",
        "ele": "778",
        "gnis:feature_id": "1660148",
        "loc_name": "Mount Tam West Peak",
        "name": "Mount Tamalpais West Peak",
        "name:pronunciation": "maʊnt tæməlˈpaɪ.ɪs ˈwɛst ˈpiːk",
        "natural": "peak",
        "wikidata": "Q49088648"
      },
      "geometry": {
        "type": "Point",
        "coordinates": [
          -122.5966281,
          37.9233778
        ]
      },
      "id": "node/358807700"
    },
    {
      "type": "Feature",
      "properties": {
        "@id": "node/358817591",
        "ele": "196",
        "gnis:feature_id": "1675509",
        "name": "Mount Helen",
        "natural": "peak"
      },
      "geometry": {
        "type": "Point",
        "coordinates": [
          -122.1369096,
          37.9835335
        ]
      },
      "id": "node/358817591"
    },
    {
      "type": "Feature",
      "properties": {
        "@id": "node/358817593",
        "ele": "201",
        "gnis:feature_id": "1675510",
        "name": "Mount Wanda",
        "natural": "peak"
      },
      "geometry": {
        "type": "Point",
        "coordinates": [
          -122.1332984,
          37.9815891
        ]
      },
      "id": "node/358817593"
    },
    {
      "type": "Feature",
      "properties": {
        "@id": "node/358818840",
        "ele": "89",
        "ele:ft": "292",
        "gnis:feature_id": "1682709",
        "name": "Red Hill",
        "natural": "peak",
        "wikidata": "Q49067463"
      },
      "geometry": {
        "type": "Point",
        "coordinates": [
          -122.0946855,
          37.5538248
        ]
      },
      "id": "node/358818840"
    },
    {
      "type": "Feature",
      "properties": {
        "@id": "node/358823895",
        "ele": "664",
        "gnis:feature_id": "1723545",
        "name": "Sunol Peak",
        "natural": "peak",
        "wikidata": "Q49080140"
      },
      "geometry": {
        "type": "Point",
        "coordinates": [
          -121.9224583,
          37.619933
        ]
      },
      "id": "node/358823895"
    },
    {
      "type": "Feature",
      "properties": {
        "@id": "node/358830725",
        "ele": "179",
        "gnis:feature_id": "1785920",
        "name": "Sugarloaf Mountain",
        "natural": "peak",
        "note": "San Mateo calls the surrounding park Sugarloaf Mountain"
      },
      "geometry": {
        "type": "Point",
        "coordinates": [
          -122.317922,
          37.5223187
        ]
      },
      "id": "node/358830725"
    },
    {
      "type": "Feature",
      "properties": {
        "@id": "node/358832638",
        "ele": "413",
        "gnis:feature_id": "1800578",
        "name": "Cardiac Hill",
        "natural": "peak",
        "wikidata": "Q35732803"
      },
      "geometry": {
        "type": "Point",
        "coordinates": [
          -122.6016461,
          37.8974261
        ]
      },
      "id": "node/358832638"
    },
    {
      "type": "Feature",
      "properties": {
        "@id": "node/358832643",
        "ele": "260",
        "gnis:feature_id": "1800593",
        "name": "Homestead Hill",
        "natural": "peak",
        "wikidata": "Q49036919"
      },
      "geometry": {
        "type": "Point",
        "coordinates": [
          -122.5541433,
          37.8907595
        ]
      },
      "id": "node/358832643"
    },
    {
      "type": "Feature",
      "properties": {
        "@id": "node/358832655",
        "ele": "612",
        "gnis:feature_id": "1800637",
        "name": "Ballou Point",
        "natural": "peak",
        "wikidata": "Q35725767"
      },
      "geometry": {
        "type": "Point",
        "coordinates": [
          -122.6244253,
          37.9118701
        ]
      },
      "id": "node/358832655"
    },
    {
      "type": "Feature",
      "properties": {
        "@id": "node/358832657",
        "ele": "478",
        "gnis:feature_id": "1800640",
        "name": "Bare Knoll",
        "natural": "peak",
        "wikidata": "Q35725853"
      },
      "geometry": {
        "type": "Point",
        "coordinates": [
          -122.6180359,
          37.9015927
        ]
      },
      "id": "node/358832657"
    },
    {
      "type": "Feature",
      "properties": {
        "@id": "node/358832662",
        "ele": "563",
        "gnis:feature_id": "1800661",
        "name": "Trojan Point",
        "natural": "peak",
        "wikidata": "Q49084929"
      },
      "geometry": {
        "type": "Point",
        "coordinates": [
          -122.6140275,
          37.9047209
        ]
      },
      "id": "node/358832662"
    },
    {
      "type": "Feature",
      "properties": {
        "@id": "node/358832667",
        "ele": "465",
        "gnis:feature_id": "1800663",
        "name": "Wooded Knoll",
        "natural": "peak",
        "wikidata": "Q49090915"
      },
      "geometry": {
        "type": "Point",
        "coordinates": [
          -122.6194249,
          37.9004816
        ]
      },
      "id": "node/358832667"
    },
    {
      "type": "Feature",
      "properties": {
        "@id": "node/358832707",
        "ele": "285",
        "gnis:feature_id": "1800734",
        "name": "Deer Point",
        "natural": "peak",
        "wikidata": "Q49024152"
      },
      "geometry": {
        "type": "Point",
        "coordinates": [
          -122.7263766,
          38.0418668
        ]
      },
      "id": "node/358832707"
    },
    {
      "type": "Feature",
      "properties": {
        "@id": "node/358833173",
        "ele": "138",
        "gnis:feature_id": "1808863",
        "name": "Cherry Hill",
        "natural": "peak",
        "wikidata": "Q35734139"
      },
      "geometry": {
        "type": "Point",
        "coordinates": [
          -122.5502581,
          38.1126975
        ]
      },
      "id": "node/358833173"
    },
    {
      "type": "Feature",
      "properties": {
        "@id": "node/358833224",
        "ele": "14",
        "gnis:feature_id": "1808929",
        "name": "Bullet Hill",
        "natural": "peak"
      },
      "geometry": {
        "type": "Point",
        "coordinates": [
          -122.4871971,
          38.0079779
        ]
      },
      "id": "node/358833224"
    },
    {
      "type": "Feature",
      "properties": {
        "@id": "node/358833226",
        "ele": "20",
        "gnis:feature_id": "1808933",
        "name": "Chicken Coop Hill",
        "natural": "peak"
      },
      "geometry": {
        "type": "Point",
        "coordinates": [
          -122.4824747,
          38.0071445
        ]
      },
      "id": "node/358833226"
    },
    {
      "type": "Feature",
      "properties": {
        "@id": "node/358833231",
        "ele": "430",
        "gnis:feature_id": "1808937",
        "name": "Cliff Peak",
        "natural": "peak",
        "wikidata": "Q35735003"
      },
      "geometry": {
        "type": "Point",
        "coordinates": [
          -122.6480383,
          37.9607576
        ]
      },
      "id": "node/358833231"
    },
    {
      "type": "Feature",
      "properties": {
        "@id": "node/358833233",
        "ele": "430",
        "gnis:feature_id": "1808946",
        "name": "Liberty Peak",
        "natural": "peak",
        "wikidata": "Q49044121"
      },
      "geometry": {
        "type": "Point",
        "coordinates": [
          -122.6394267,
          37.9615909
        ]
      },
      "id": "node/358833233"
    },
    {
      "type": "Feature",
      "properties": {
        "@id": "node/358833238",
        "ele": "37",
        "gnis:feature_id": "1808966",
        "name": "Turtle Back",
        "natural": "peak"
      },
      "geometry": {
        "type": "Point",
        "coordinates": [
          -122.4908083,
          38.0090889
        ]
      },
      "id": "node/358833238"
    },
    {
      "type": "Feature",
      "properties": {
        "@id": "node/358833239",
        "ele": "597",
        "gnis:feature_id": "1808967",
        "name": "Twin Knolls",
        "natural": "peak",
        "wikidata": "Q49086034"
      },
      "geometry": {
        "type": "Point",
        "coordinates": [
          -122.6305368,
          37.9210365
        ]
      },
      "id": "node/358833239"
    },
    {
      "type": "Feature",
      "properties": {
        "@id": "node/358833261",
        "ele": "185",
        "gnis:feature_id": "1808997",
        "name": "Ring Mountain",
        "natural": "peak",
        "wikidata": "Q7334722"
      },
      "geometry": {
        "type": "Point",
        "coordinates": [
          -122.4858068,
          37.9099255
        ]
      },
      "id": "node/358833261"
    },
    {
      "type": "Feature",
      "properties": {
        "@id": "node/358833288",
        "ele": "281",
        "gnis:feature_id": "1809026",
        "name": "Hawk Hill",
        "natural": "peak",
        "tourism": "viewpoint",
        "wikidata": "Q5684825"
      },
      "geometry": {
        "type": "Point",
        "coordinates": [
          -122.498775,
          37.8285523
        ]
      },
      "id": "node/358833288"
    },
    {
      "type": "Feature",
      "properties": {
        "@id": "node/358833309",
        "ele": "282",
        "gnis:feature_id": "1809049",
        "name": "Slacker Hill",
        "natural": "peak",
        "wikidata": "Q49074426"
      },
      "geometry": {
        "type": "Point",
        "coordinates": [
          -122.4896948,
          37.8352057
        ]
      },
      "id": "node/358833309"
    },
    {
      "type": "Feature",
      "properties": {
        "@id": "node/358833328",
        "ele": "260",
        "gnis:feature_id": "1809088",
        "name": "Hill 88",
        "natural": "peak",
        "wikidata": "Q49036504"
      },
      "geometry": {
        "type": "Point",
        "coordinates": [
          -122.5324421,
          37.8424161
        ]
      },
      "id": "node/358833328"
    },
    {
      "type": "Feature",
      "properties": {
        "@id": "node/358849983",
        "ele": "82",
        "gnis:feature_id": "1877543",
        "name": "Stony Hill",
        "natural": "peak",
        "wikidata": "Q49078514",
        "wikipedia": "ceb:Stony Hill (bukid sa Tinipong Bansa, California, San Francisco County)"
      },
      "geometry": {
        "type": "Point",
        "coordinates": [
          -122.3844151,
          37.734375
        ]
      },
      "id": "node/358849983"
    },
    {
      "type": "Feature",
      "properties": {
        "@id": "node/358851218",
        "ele": "118",
        "gnis:feature_id": "1878683",
        "name": "Presidio Hill",
        "natural": "peak",
        "wikidata": "Q49064059"
      },
      "geometry": {
        "type": "Point",
        "coordinates": [
          -122.4643016,
          37.7937074
        ]
      },
      "id": "node/358851218"
    },
    {
      "type": "Feature",
      "properties": {
        "@id": "node/358851226",
        "ele": "116",
        "gnis:feature_id": "1878685",
        "name": "Rob Hill",
        "natural": "peak",
        "wikidata": "Q49068706",
        "wikipedia": "ceb:Rob Hill"
      },
      "geometry": {
        "type": "Point",
        "coordinates": [
          -122.4763609,
          37.7954848
        ]
      },
      "id": "node/358851226"
    },
    {
      "type": "Feature",
      "properties": {
        "@id": "node/358857662",
        "ele": "257",
        "gnis:feature_id": "2124655",
        "name": "Lone Hill",
        "natural": "peak",
        "wikidata": "Q49046059"
      },
      "geometry": {
        "type": "Point",
        "coordinates": [
          -121.7075,
          37.6688889
        ]
      },
      "id": "node/358857662"
    },
    {
      "type": "Feature",
      "properties": {
        "@id": "node/358857666",
        "ele": "108",
        "gnis:feature_id": "2124656",
        "name": "Maderia Hill",
        "natural": "peak",
        "wikidata": "Q49047366"
      },
      "geometry": {
        "type": "Point",
        "coordinates": [
          -122.0905493,
          37.6883807
        ]
      },
      "id": "node/358857666"
    },
    {
      "type": "Feature",
      "properties": {
        "@id": "node/358857668",
        "ele": "568",
        "gnis:feature_id": "2124657",
        "name": "Vista Grande",
        "natural": "peak",
        "wikidata": "Q49087122"
      },
      "geometry": {
        "type": "Point",
        "coordinates": [
          -121.8111111,
          37.5297222
        ]
      },
      "id": "node/358857668"
    },
    {
      "type": "Feature",
      "properties": {
        "@id": "node/358857675",
        "ele": "142",
        "gnis:feature_id": "2124678",
        "name": "Oak Knoll",
        "natural": "peak",
        "wikidata": "Q49057998"
      },
      "geometry": {
        "type": "Point",
        "coordinates": [
          -121.7894444,
          37.6769444
        ]
      },
      "id": "node/358857675"
    },
    {
      "type": "Feature",
      "properties": {
        "@id": "node/374201243",
        "natural": "peak"
      },
      "geometry": {
        "type": "Point",
        "coordinates": [
          -122.6029153,
          37.9859853
        ]
      },
      "id": "node/374201243"
    },
    {
      "type": "Feature",
      "properties": {
        "@id": "node/514015212",
        "ele": "1163",
        "name": "Rose Peak",
        "natural": "peak",
        "wikidata": "Q22077820"
      },
      "geometry": {
        "type": "Point",
        "coordinates": [
          -121.7247272,
          37.5112034
        ]
      },
      "id": "node/514015212"
    },
    {
      "type": "Feature",
      "properties": {
        "@id": "node/548107276",
        "ANSICODE": "00222070",
        "COUNTYFP": "085",
        "STATEFP": "06",
        "Tiger:MTFCC": "C3022",
        "ele": "1163",
        "gnis:feature_id": "222070",
        "name": "Mount Day",
        "natural": "peak",
        "source": "Tiger2009"
      },
      "geometry": {
        "type": "Point",
        "coordinates": [
          -121.700782,
          37.42077
        ]
      },
      "id": "node/548107276"
    },
    {
      "type": "Feature",
      "properties": {
        "@id": "node/548107297",
        "ANSICODE": "00219375",
        "COUNTYFP": "085",
        "STATEFP": "06",
        "Tiger:MTFCC": "C3022",
        "ele": "1169",
        "gnis:feature_id": "219375",
        "name": "Black Mountain",
        "natural": "peak",
        "source": "Tiger2009",
        "wikidata": "Q4921339"
      },
      "geometry": {
        "type": "Point",
        "coordinates": [
          -121.7013511,
          37.4373047
        ]
      },
      "id": "node/548107297"
    },
    {
      "type": "Feature",
      "properties": {
        "@id": "node/548118738",
        "ANSICODE": "00227049",
        "COUNTYFP": "085",
        "STATEFP": "06",
        "Tiger:MTFCC": "C3022",
        "ele": "1136",
        "gnis:feature_id": "227049",
        "name": "Mount Lewis",
        "natural": "peak",
        "source": "Tiger2009"
      },
      "geometry": {
        "type": "Point",
        "coordinates": [
          -121.681614,
          37.4804465
        ]
      },
      "id": "node/548118738"
    },
    {
      "type": "Feature",
      "properties": {
        "@id": "node/568834706",
        "ele": "898",
        "name": "Mount Olympia",
        "natural": "peak"
      },
      "geometry": {
        "type": "Point",
        "coordinates": [
          -121.9025749,
          37.9010138
        ]
      },
      "id": "node/568834706"
    },
    {
      "type": "Feature",
      "properties": {
        "@id": "node/787960329",
        "ele": "1170",
        "loc_name": "Discovery Peak",
        "natural": "peak",
        "note": "\"Discovery Peak\" is the unofficial name",
        "source": "yahoo",
        "wikidata": "Q11856159"
      },
      "geometry": {
        "type": "Point",
        "coordinates": [
          -121.6994346,
          37.5122667
        ]
      },
      "id": "node/787960329"
    },
    {
      "type": "Feature",
      "properties": {
        "@id": "node/810359162",
        "name": "Shields Orizaba Rocky Outcrop",
        "natural": "peak",
        "tourism": "viewpoint"
      },
      "geometry": {
        "type": "Point",
        "coordinates": [
          -122.4625774,
          37.7180883
        ]
      },
      "id": "node/810359162"
    },
    {
      "type": "Feature",
      "properties": {
        "@id": "node/1053464993",
        "name": "Christmas Tree Hill",
        "natural": "peak"
      },
      "geometry": {
        "type": "Point",
        "coordinates": [
          -122.535126,
          37.9234731
        ]
      },
      "id": "node/1053464993"
    },
    {
      "type": "Feature",
      "properties": {
        "@id": "node/1269520277",
        "natural": "peak",
        "note": "unnamed?"
      },
      "geometry": {
        "type": "Point",
        "coordinates": [
          -122.4943591,
          37.6172359
        ]
      },
      "id": "node/1269520277"
    },
    {
      "type": "Feature",
      "properties": {
        "@id": "node/1387066300",
        "name": "Haystack Hill",
        "natural": "peak"
      },
      "geometry": {
        "type": "Point",
        "coordinates": [
          -122.0069635,
          37.8954778
        ]
      },
      "id": "node/1387066300"
    },
    {
      "type": "Feature",
      "properties": {
        "@id": "node/1502294625",
        "name": "Cascade Peak",
        "natural": "peak"
      },
      "geometry": {
        "type": "Point",
        "coordinates": [
          -122.6134614,
          37.9847262
        ]
      },
      "id": "node/1502294625"
    },
    {
      "type": "Feature",
      "properties": {
        "@id": "node/1801298834",
        "ele": "739.5",
        "name": "Rocky Ridge",
        "natural": "peak",
        "tourism": "viewpoint"
      },
      "geometry": {
        "type": "Point",
        "coordinates": [
          -121.7036946,
          37.5579449
        ]
      },
      "id": "node/1801298834"
    },
    {
      "type": "Feature",
      "properties": {
        "@id": "node/1854689125",
        "ele": "731",
        "gnis:feature_id": "253851",
        "name": "Morena Sierra",
        "natural": "peak"
      },
      "geometry": {
        "type": "Point",
        "coordinates": [
          -122.308483,
          37.4102827
        ]
      },
      "id": "node/1854689125"
    },
    {
      "type": "Feature",
      "properties": {
        "@id": "node/1854689127",
        "ele": "612",
        "gnis:feature_id": "1659962",
        "name": "Teague Hill",
        "natural": "peak"
      },
      "geometry": {
        "type": "Point",
        "coordinates": [
          -122.2979408,
          37.4202931
        ]
      },
      "id": "node/1854689127"
    },
    {
      "type": "Feature",
      "properties": {
        "@id": "node/1854689129",
        "ele": "683",
        "natural": "peak"
      },
      "geometry": {
        "type": "Point",
        "coordinates": [
          -122.3392145,
          37.4547647
        ]
      },
      "id": "node/1854689129"
    },
    {
      "type": "Feature",
      "properties": {
        "@id": "node/1854689130",
        "ele": "269",
        "natural": "peak"
      },
      "geometry": {
        "type": "Point",
        "coordinates": [
          -122.3684868,
          37.4942245
        ]
      },
      "id": "node/1854689130"
    },
    {
      "type": "Feature",
      "properties": {
        "@id": "node/1854689131",
        "ele": "542",
        "gnis:feature_id": "1659771",
        "name": "Ox Hill",
        "natural": "peak"
      },
      "geometry": {
        "type": "Point",
        "coordinates": [
          -122.4246966,
          37.5252168
        ]
      },
      "id": "node/1854689131"
    },
    {
      "type": "Feature",
      "properties": {
        "@id": "node/1854689132",
        "ele": "545",
        "gnis:feature_id": "1659774",
        "name": "Peak Mountain",
        "natural": "peak"
      },
      "geometry": {
        "type": "Point",
        "coordinates": [
          -122.4844288,
          37.561161
        ]
      },
      "id": "node/1854689132"
    },
    {
      "type": "Feature",
      "properties": {
        "@id": "node/2398112432",
        "ele": "555",
        "gnis:feature_id": "1658890",
        "name": "Kelly Hill",
        "natural": "peak"
      },
      "geometry": {
        "type": "Point",
        "coordinates": [
          -122.2496892,
          37.3663293
        ]
      },
      "id": "node/2398112432"
    },
    {
      "type": "Feature",
      "properties": {
        "@id": "node/2427751995",
        "name": "Holy Hill",
        "natural": "peak"
      },
      "geometry": {
        "type": "Point",
        "coordinates": [
          -122.2618949,
          37.8763194
        ]
      },
      "id": "node/2427751995"
    },
    {
      "type": "Feature",
      "properties": {
        "@id": "node/2427751996",
        "name": "Observatory Hill",
        "natural": "peak",
        "wikidata": "Q49091570"
      },
      "geometry": {
        "type": "Point",
        "coordinates": [
          -122.2605669,
          37.8742233
        ]
      },
      "id": "node/2427751996"
    },
    {
      "type": "Feature",
      "properties": {
        "@id": "node/2562373720",
        "ele": "603",
        "natural": "peak"
      },
      "geometry": {
        "type": "Point",
        "coordinates": [
          -121.8004749,
          37.8450137
        ]
      },
      "id": "node/2562373720"
    },
    {
      "type": "Feature",
      "properties": {
        "@id": "node/2562373721",
        "ele": "706",
        "natural": "peak"
      },
      "geometry": {
        "type": "Point",
        "coordinates": [
          -121.8214135,
          37.8273824
        ]
      },
      "id": "node/2562373721"
    },
    {
      "type": "Feature",
      "properties": {
        "@id": "node/2562373722",
        "ele": "755",
        "natural": "peak"
      },
      "geometry": {
        "type": "Point",
        "coordinates": [
          -121.8139476,
          37.8199887
        ]
      },
      "id": "node/2562373722"
    },
    {
      "type": "Feature",
      "properties": {
        "@id": "node/2562373723",
        "ele": "652",
        "name": "Red Leg Peak",
        "natural": "peak"
      },
      "geometry": {
        "type": "Point",
        "coordinates": [
          -121.821093,
          37.854627
        ]
      },
      "id": "node/2562373723"
    },
    {
      "type": "Feature",
      "properties": {
        "@id": "node/2582763321",
        "alt_name": "Charter Hill",
        "name": "Tightwad Hill",
        "natural": "peak",
        "tourism": "viewpoint",
        "wikidata": "Q7801660",
        "wikipedia": "en:Tightwad Hill"
      },
      "geometry": {
        "type": "Point",
        "coordinates": [
          -122.2508317,
          37.8726181
        ]
      },
      "id": "node/2582763321"
    },
    {
      "type": "Feature",
      "properties": {
        "@id": "node/3267727854",
        "natural": "peak"
      },
      "geometry": {
        "type": "Point",
        "coordinates": [
          -121.9867925,
          37.9532373
        ]
      },
      "id": "node/3267727854"
    },
    {
      "type": "Feature",
      "properties": {
        "@id": "node/3734538937",
        "natural": "peak"
      },
      "geometry": {
        "type": "Point",
        "coordinates": [
          -122.4378394,
          37.7913711
        ]
      },
      "id": "node/3734538937"
    },
    {
      "type": "Feature",
      "properties": {
        "@id": "node/3998532000",
        "ele": "617",
        "name": "Rock 2",
        "natural": "peak"
      },
      "geometry": {
        "type": "Point",
        "coordinates": [
          -122.0611716,
          37.8149554
        ]
      },
      "id": "node/3998532000"
    },
    {
      "type": "Feature",
      "properties": {
        "@id": "node/4407402851",
        "ele": "585",
        "gnis:feature_id": "255241",
        "name": "Windy Hill",
        "natural": "peak",
        "wikidata": "Q49090461"
      },
      "geometry": {
        "type": "Point",
        "coordinates": [
          -122.246299,
          37.3648938
        ]
      },
      "id": "node/4407402851"
    },
    {
      "type": "Feature",
      "properties": {
        "@id": "node/4448541459",
        "ele": "452",
        "name": "Briones Peak",
        "natural": "peak"
      },
      "geometry": {
        "type": "Point",
        "coordinates": [
          -122.1281031,
          37.9367433
        ]
      },
      "id": "node/4448541459"
    },
    {
      "type": "Feature",
      "properties": {
        "@id": "node/4789317301",
        "name": "Twilight Hill",
        "natural": "peak"
      },
      "geometry": {
        "type": "Point",
        "coordinates": [
          -122.0178886,
          37.9569542
        ]
      },
      "id": "node/4789317301"
    },
    {
      "type": "Feature",
      "properties": {
        "@id": "node/4789317302",
        "description": "in memory of mayor June V. Bulman, Concord City Councilmember 1979-1989",
        "name": "June Bulman Grove Overlook",
        "natural": "peak"
      },
      "geometry": {
        "type": "Point",
        "coordinates": [
          -122.0102223,
          37.949396
        ]
      },
      "id": "node/4789317302"
    },
    {
      "type": "Feature",
      "properties": {
        "@id": "node/4789317512",
        "name": "Court Lane Hill",
        "natural": "peak"
      },
      "geometry": {
        "type": "Point",
        "coordinates": [
          -122.0139986,
          37.9545172
        ]
      },
      "id": "node/4789317512"
    },
    {
      "type": "Feature",
      "properties": {
        "@id": "node/4789317525",
        "name": "Rearing Horse Hill",
        "natural": "peak"
      },
      "geometry": {
        "type": "Point",
        "coordinates": [
          -122.01674,
          37.9516692
        ]
      },
      "id": "node/4789317525"
    },
    {
      "type": "Feature",
      "properties": {
        "@id": "node/4789317526",
        "name": "Jane Bulman Grove Overlook",
        "natural": "peak"
      },
      "geometry": {
        "type": "Point",
        "coordinates": [
          -122.0122973,
          37.9498854
        ]
      },
      "id": "node/4789317526"
    },
    {
      "type": "Feature",
      "properties": {
        "@id": "node/4789349171",
        "name": "Two Oaks Hill",
        "natural": "peak"
      },
      "geometry": {
        "type": "Point",
        "coordinates": [
          -122.0139709,
          37.950654
        ]
      },
      "id": "node/4789349171"
    },
    {
      "type": "Feature",
      "properties": {
        "@id": "node/5002569944",
        "ele": "8",
        "name": "Hermit Rock",
        "natural": "peak"
      },
      "geometry": {
        "type": "Point",
        "coordinates": [
          -122.5096191,
          37.7857259
        ]
      },
      "id": "node/5002569944"
    },
    {
      "type": "Feature",
      "properties": {
        "@id": "node/5004029627",
        "ele": "290",
        "name": "Vista Hill",
        "natural": "peak"
      },
      "geometry": {
        "type": "Point",
        "coordinates": [
          -122.1803635,
          37.3655017
        ]
      },
      "id": "node/5004029627"
    },
    {
      "type": "Feature",
      "properties": {
        "@id": "node/5031224540",
        "ele": "168",
        "natural": "peak"
      },
      "geometry": {
        "type": "Point",
        "coordinates": [
          -122.1792595,
          37.4069242
        ]
      },
      "id": "node/5031224540"
    },
    {
      "type": "Feature",
      "properties": {
        "@id": "node/5031224541",
        "ele": "123",
        "natural": "peak"
      },
      "geometry": {
        "type": "Point",
        "coordinates": [
          -122.1674241,
          37.4089712
        ]
      },
      "id": "node/5031224541"
    },
    {
      "type": "Feature",
      "properties": {
        "@id": "node/5031337621",
        "natural": "peak"
      },
      "geometry": {
        "type": "Point",
        "coordinates": [
          -122.1656221,
          37.4059861
        ]
      },
      "id": "node/5031337621"
    },
    {
      "type": "Feature",
      "properties": {
        "@id": "node/5031337622",
        "ele": "120",
        "natural": "peak"
      },
      "geometry": {
        "type": "Point",
        "coordinates": [
          -122.1697996,
          37.4072449
        ]
      },
      "id": "node/5031337622"
    },
    {
      "type": "Feature",
      "properties": {
        "@id": "node/5031337623",
        "ele": "102",
        "natural": "peak"
      },
      "geometry": {
        "type": "Point",
        "coordinates": [
          -122.1732765,
          37.4131595
        ]
      },
      "id": "node/5031337623"
    },
    {
      "type": "Feature",
      "properties": {
        "@id": "node/5158051210",
        "ele": "434",
        "name": "Motts Peak",
        "natural": "peak"
      },
      "geometry": {
        "type": "Point",
        "coordinates": [
          -122.1463422,
          37.942857
        ]
      },
      "id": "node/5158051210"
    },
    {
      "type": "Feature",
      "properties": {
        "@id": "node/5158051428",
        "ele": "231",
        "natural": "peak"
      },
      "geometry": {
        "type": "Point",
        "coordinates": [
          -122.1046525,
          37.9022593
        ]
      },
      "id": "node/5158051428"
    },
    {
      "type": "Feature",
      "properties": {
        "@id": "node/5312887493",
        "ele": "552",
        "natural": "peak"
      },
      "geometry": {
        "type": "Point",
        "coordinates": [
          -122.4342477,
          37.5350705
        ]
      },
      "id": "node/5312887493"
    },
    {
      "type": "Feature",
      "properties": {
        "@id": "node/5312887494",
        "ele": "550",
        "natural": "peak"
      },
      "geometry": {
        "type": "Point",
        "coordinates": [
          -122.4448156,
          37.5433949
        ]
      },
      "id": "node/5312887494"
    },
    {
      "type": "Feature",
      "properties": {
        "@id": "node/5312887495",
        "ele": "489",
        "natural": "peak"
      },
      "geometry": {
        "type": "Point",
        "coordinates": [
          -122.4491823,
          37.5499534
        ]
      },
      "id": "node/5312887495"
    },
    {
      "type": "Feature",
      "properties": {
        "@id": "node/5312887496",
        "ele": "504",
        "natural": "peak"
      },
      "geometry": {
        "type": "Point",
        "coordinates": [
          -122.469213,
          37.5532196
        ]
      },
      "id": "node/5312887496"
    },
    {
      "type": "Feature",
      "properties": {
        "@id": "node/5312887497",
        "ele": "375",
        "natural": "peak"
      },
      "geometry": {
        "type": "Point",
        "coordinates": [
          -122.3925448,
          37.5098961
        ]
      },
      "id": "node/5312887497"
    },
    {
      "type": "Feature",
      "properties": {
        "@id": "node/5312887498",
        "ele": "428",
        "natural": "peak"
      },
      "geometry": {
        "type": "Point",
        "coordinates": [
          -122.4002239,
          37.5153108
        ]
      },
      "id": "node/5312887498"
    },
    {
      "type": "Feature",
      "properties": {
        "@id": "node/5312887499",
        "ele": "504",
        "natural": "peak"
      },
      "geometry": {
        "type": "Point",
        "coordinates": [
          -122.4046817,
          37.517334
        ]
      },
      "id": "node/5312887499"
    },
    {
      "type": "Feature",
      "properties": {
        "@id": "node/5312887500",
        "ele": "512",
        "natural": "peak"
      },
      "geometry": {
        "type": "Point",
        "coordinates": [
          -122.4124146,
          37.5246435
        ]
      },
      "id": "node/5312887500"
    },
    {
      "type": "Feature",
      "properties": {
        "@id": "node/5312887510",
        "ele": "318",
        "natural": "peak"
      },
      "geometry": {
        "type": "Point",
        "coordinates": [
          -122.3729217,
          37.498508
        ]
      },
      "id": "node/5312887510"
    },
    {
      "type": "Feature",
      "properties": {
        "@id": "node/5312887511",
        "ele": "340",
        "natural": "peak"
      },
      "geometry": {
        "type": "Point",
        "coordinates": [
          -122.3637271,
          37.4871182
        ]
      },
      "id": "node/5312887511"
    },
    {
      "type": "Feature",
      "properties": {
        "@id": "node/5312887512",
        "ele": "395",
        "natural": "peak"
      },
      "geometry": {
        "type": "Point",
        "coordinates": [
          -122.3592854,
          37.4815844
        ]
      },
      "id": "node/5312887512"
    },
    {
      "type": "Feature",
      "properties": {
        "@id": "node/5312887513",
        "ele": "462",
        "natural": "peak"
      },
      "geometry": {
        "type": "Point",
        "coordinates": [
          -122.3557878,
          37.4710514
        ]
      },
      "id": "node/5312887513"
    },
    {
      "type": "Feature",
      "properties": {
        "@id": "node/5312887514",
        "ele": "514",
        "natural": "peak"
      },
      "geometry": {
        "type": "Point",
        "coordinates": [
          -122.3465772,
          37.4647712
        ]
      },
      "id": "node/5312887514"
    },
    {
      "type": "Feature",
      "properties": {
        "@id": "node/5312887725",
        "ele": "671",
        "natural": "peak"
      },
      "geometry": {
        "type": "Point",
        "coordinates": [
          -122.2974604,
          37.4001859
        ]
      },
      "id": "node/5312887725"
    },
    {
      "type": "Feature",
      "properties": {
        "@id": "node/5312887726",
        "ele": "708",
        "name": "Allen Lookout",
        "natural": "peak",
        "tourism": "viewpoint"
      },
      "geometry": {
        "type": "Point",
        "coordinates": [
          -122.29532,
          37.3870378
        ]
      },
      "id": "node/5312887726"
    },
    {
      "type": "Feature",
      "properties": {
        "@id": "node/5312887727",
        "ele": "672",
        "natural": "peak"
      },
      "geometry": {
        "type": "Point",
        "coordinates": [
          -122.2820163,
          37.392698
        ]
      },
      "id": "node/5312887727"
    },
    {
      "type": "Feature",
      "properties": {
        "@id": "node/5312887728",
        "ele": "573",
        "natural": "peak"
      },
      "geometry": {
        "type": "Point",
        "coordinates": [
          -122.2521258,
          37.367855
        ]
      },
      "id": "node/5312887728"
    },
    {
      "type": "Feature",
      "properties": {
        "@id": "node/5312887730",
        "ele": "585",
        "natural": "peak"
      },
      "geometry": {
        "type": "Point",
        "coordinates": [
          -122.2429311,
          37.3573151
        ]
      },
      "id": "node/5312887730"
    },
    {
      "type": "Feature",
      "properties": {
        "@id": "node/5332156058",
        "natural": "peak"
      },
      "geometry": {
        "type": "Point",
        "coordinates": [
          -122.2994004,
          37.5449881
        ]
      },
      "id": "node/5332156058"
    },
    {
      "type": "Feature",
      "properties": {
        "@id": "node/5600658993",
        "ele": "513",
        "name": "Barberry Peak",
        "natural": "peak"
      },
      "geometry": {
        "type": "Point",
        "coordinates": [
          -122.2127753,
          37.8690147
        ]
      },
      "id": "node/5600658993"
    },
    {
      "type": "Feature",
      "properties": {
        "@id": "node/6122521585",
        "ele": "557",
        "name": "Las Trampas Peak",
        "natural": "peak"
      },
      "geometry": {
        "type": "Point",
        "coordinates": [
          -122.0645421,
          37.8333179
        ]
      },
      "id": "node/6122521585"
    },
    {
      "type": "Feature",
      "properties": {
        "@id": "node/6506604259",
        "ele": "545",
        "name": "Vail Peak",
        "natural": "peak"
      },
      "geometry": {
        "type": "Point",
        "coordinates": [
          -122.0522,
          37.8251261
        ]
      },
      "id": "node/6506604259"
    },
    {
      "type": "Feature",
      "properties": {
        "@id": "node/6506604260",
        "ele": "524",
        "name": "Eagle Peak",
        "natural": "peak"
      },
      "geometry": {
        "type": "Point",
        "coordinates": [
          -122.049287,
          37.8265358
        ]
      },
      "id": "node/6506604260"
    },
    {
      "type": "Feature",
      "properties": {
        "@id": "node/6538174491",
        "ele": "1029",
        "natural": "peak"
      },
      "geometry": {
        "type": "Point",
        "coordinates": [
          -121.717152,
          37.5287568
        ]
      },
      "id": "node/6538174491"
    },
    {
      "type": "Feature",
      "properties": {
        "@id": "node/6538201030",
        "ele": "1114.1",
        "natural": "peak"
      },
      "geometry": {
        "type": "Point",
        "coordinates": [
          -121.7068121,
          37.5274199
        ]
      },
      "id": "node/6538201030"
    },
    {
      "type": "Feature",
      "properties": {
        "@id": "node/6538201038",
        "ele": "1081.2",
        "natural": "peak"
      },
      "geometry": {
        "type": "Point",
        "coordinates": [
          -121.7146549,
          37.523425
        ]
      },
      "id": "node/6538201038"
    },
    {
      "type": "Feature",
      "properties": {
        "@id": "node/6538235233",
        "ele": "1144.9",
        "natural": "peak"
      },
      "geometry": {
        "type": "Point",
        "coordinates": [
          -121.7016711,
          37.5121203
        ]
      },
      "id": "node/6538235233"
    },
    {
      "type": "Feature",
      "properties": {
        "@id": "node/6538274557",
        "ele": "621.2",
        "name": "Goat Rock",
        "natural": "peak"
      },
      "geometry": {
        "type": "Point",
        "coordinates": [
          -121.7762786,
          37.5091678
        ]
      },
      "id": "node/6538274557"
    },
    {
      "type": "Feature",
      "properties": {
        "@id": "node/6538274558",
        "ele": "517.9",
        "natural": "peak"
      },
      "geometry": {
        "type": "Point",
        "coordinates": [
          -121.7905641,
          37.5097295
        ]
      },
      "id": "node/6538274558"
    },
    {
      "type": "Feature",
      "properties": {
        "@id": "node/6538274559",
        "ele": "793.1",
        "natural": "peak"
      },
      "geometry": {
        "type": "Point",
        "coordinates": [
          -121.7571867,
          37.510005
        ]
      },
      "id": "node/6538274559"
    },
    {
      "type": "Feature",
      "properties": {
        "@id": "node/6565232780",
        "name": "Seeno Hill",
        "natural": "peak"
      },
      "geometry": {
        "type": "Point",
        "coordinates": [
          -121.9357076,
          37.952219
        ]
      },
      "id": "node/6565232780"
    },
    {
      "type": "Feature",
      "properties": {
        "@id": "node/6583331542",
        "name": "Cardiac Hill",
        "natural": "peak"
      },
      "geometry": {
        "type": "Point",
        "coordinates": [
          -122.0742626,
          37.9677344
        ]
      },
      "id": "node/6583331542"
    },
    {
      "type": "Feature",
      "properties": {
        "@id": "node/6721896876",
        "ele": "269",
        "natural": "peak"
      },
      "geometry": {
        "type": "Point",
        "coordinates": [
          -122.371641,
          37.3474508
        ]
      },
      "id": "node/6721896876"
    },
    {
      "type": "Feature",
      "properties": {
        "@id": "node/6989029770",
        "ele": "423",
        "name": "Spiral Knob",
        "natural": "peak"
      },
      "geometry": {
        "type": "Point",
        "coordinates": [
          -122.2296456,
          37.8715116
        ]
      },
      "id": "node/6989029770"
    },
    {
      "type": "Feature",
      "properties": {
        "@id": "node/7137976464",
        "ele": "671",
        "natural": "peak"
      },
      "geometry": {
        "type": "Point",
        "coordinates": [
          -121.8472114,
          37.4627962
        ]
      },
      "id": "node/7137976464"
    },
    {
      "type": "Feature",
      "properties": {
        "@id": "node/7171149911",
        "ele": "285",
        "name": "Vista Peak",
        "natural": "peak"
      },
      "geometry": {
        "type": "Point",
        "coordinates": [
          -122.0361958,
          37.6417936
        ]
      },
      "id": "node/7171149911"
    },
    {
      "type": "Feature",
      "properties": {
        "@id": "node/7171149912",
        "ele": "289",
        "name": "Garin Peak",
        "natural": "peak"
      },
      "geometry": {
        "type": "Point",
        "coordinates": [
          -122.0353317,
          37.6411873
        ]
      },
      "id": "node/7171149912"
    },
    {
      "type": "Feature",
      "properties": {
        "@id": "node/7620935762",
        "ele": "913",
        "name": "Antler Point",
        "natural": "peak"
      },
      "geometry": {
        "type": "Point",
        "coordinates": [
          -121.705684,
          37.3800303
        ]
      },
      "id": "node/7620935762"
    },
    {
      "type": "Feature",
      "properties": {
        "@id": "node/7686055946",
        "ANSICODE": "00228992",
        "COUNTYFP": "085",
        "STATEFP": "06",
        "Tiger:MTFCC": "C3022",
        "ele": "776",
        "gnis:feature_id": "228992",
        "name": "Monument Peak",
        "natural": "peak",
        "source": "Tiger2009",
        "wikidata": "Q8520045"
      },
      "geometry": {
        "type": "Point",
        "coordinates": [
          -121.8657286,
          37.4846245
        ]
      },
      "id": "node/7686055946"
    },
    {
      "type": "Feature",
      "properties": {
        "@id": "node/7706067157",
        "ele": "206",
        "name": "Gold Mine Hill",
        "natural": "peak"
      },
      "geometry": {
        "type": "Point",
        "coordinates": [
          -122.4374384,
          37.741347
        ]
      },
      "id": "node/7706067157"
    },
    {
      "type": "Feature",
      "properties": {
        "@id": "node/7706067158",
        "ele": "213",
        "name": "Red Rock Hill",
        "natural": "peak"
      },
      "geometry": {
        "type": "Point",
        "coordinates": [
          -122.4417717,
          37.7461887
        ]
      },
      "id": "node/7706067158"
    },
    {
      "type": "Feature",
      "properties": {
        "@id": "node/7706067159",
        "ele": "130",
        "name": "Duncan Hill",
        "natural": "peak"
      },
      "geometry": {
        "type": "Point",
        "coordinates": [
          -122.4333891,
          37.7458736
        ]
      },
      "id": "node/7706067159"
    },
    {
      "type": "Feature",
      "properties": {
        "@id": "node/7706067160",
        "ele": "122",
        "name": "Castro Hill",
        "natural": "peak"
      },
      "geometry": {
        "type": "Point",
        "coordinates": [
          -122.4355318,
          37.7550397
        ]
      },
      "id": "node/7706067160"
    },
    {
      "type": "Feature",
      "properties": {
        "@id": "node/7706067161",
        "ele": "122",
        "name": "Dolores Heights",
        "natural": "peak"
      },
      "geometry": {
        "type": "Point",
        "coordinates": [
          -122.4309321,
          37.756118
        ]
      },
      "id": "node/7706067161"
    },
    {
      "type": "Feature",
      "properties": {
        "@id": "node/7706067162",
        "ele": "220",
        "name": "Edgehill Heights",
        "natural": "peak"
      },
      "geometry": {
        "type": "Point",
        "coordinates": [
          -122.4593614,
          37.7428632
        ]
      },
      "id": "node/7706067162"
    },
    {
      "type": "Feature",
      "properties": {
        "@id": "node/7707827580",
        "ele": "244",
        "name": "Forest Hill",
        "natural": "peak"
      },
      "geometry": {
        "type": "Point",
        "coordinates": [
          -122.4671678,
          37.7480759
        ]
      },
      "id": "node/7707827580"
    },
    {
      "type": "Feature",
      "properties": {
        "@id": "node/7707827581",
        "ele": "221",
        "name": "Larsen Peak",
        "natural": "peak"
      },
      "geometry": {
        "type": "Point",
        "coordinates": [
          -122.4688588,
          37.7499334
        ]
      },
      "id": "node/7707827581"
    },
    {
      "type": "Feature",
      "properties": {
        "@id": "node/7707827583",
        "ele": "203",
        "name": "Grand View Hill",
        "natural": "peak"
      },
      "geometry": {
        "type": "Point",
        "coordinates": [
          -122.4718262,
          37.756326
        ]
      },
      "id": "node/7707827583"
    },
    {
      "type": "Feature",
      "properties": {
        "@id": "node/7707941355",
        "ele": "114",
        "name": "Lafayette Heights",
        "natural": "peak"
      },
      "geometry": {
        "type": "Point",
        "coordinates": [
          -122.4276604,
          37.7919294
        ]
      },
      "id": "node/7707941355"
    },
    {
      "type": "Feature",
      "properties": {
        "@id": "node/7707941356",
        "ele": "114",
        "name": "Cannon Hill",
        "natural": "peak"
      },
      "geometry": {
        "type": "Point",
        "coordinates": [
          -122.4463105,
          37.7918925
        ]
      },
      "id": "node/7707941356"
    },
    {
      "type": "Feature",
      "properties": {
        "@id": "node/7707941357",
        "ele": "99",
        "name": "Laurel Hill",
        "natural": "peak"
      },
      "geometry": {
        "type": "Point",
        "coordinates": [
          -122.4486936,
          37.7842629
        ]
      },
      "id": "node/7707941357"
    },
    {
      "type": "Feature",
      "properties": {
        "@id": "node/7707941358",
        "ele": "99",
        "name": "Anza Hill",
        "natural": "peak"
      },
      "geometry": {
        "type": "Point",
        "coordinates": [
          -122.4443598,
          37.7801434
        ]
      },
      "id": "node/7707941358"
    },
    {
      "type": "Feature",
      "properties": {
        "@id": "node/7707941359",
        "ele": "76",
        "name": "Alamo Heights",
        "natural": "peak"
      },
      "geometry": {
        "type": "Point",
        "coordinates": [
          -122.4347984,
          37.7757831
        ]
      },
      "id": "node/7707941359"
    },
    {
      "type": "Feature",
      "properties": {
        "@id": "node/7707941360",
        "ele": "107",
        "name": "City College Hill",
        "natural": "peak"
      },
      "geometry": {
        "type": "Point",
        "coordinates": [
          -122.4511596,
          37.7257953
        ]
      },
      "id": "node/7707941360"
    },
    {
      "type": "Feature",
      "properties": {
        "@id": "node/7707941361",
        "ele": "182",
        "name": "Tank Hill",
        "natural": "peak"
      },
      "geometry": {
        "type": "Point",
        "coordinates": [
          -122.4475292,
          37.7600157
        ]
      },
      "id": "node/7707941361"
    },
    {
      "type": "Feature",
      "properties": {
        "@id": "node/7707941362",
        "ele": "66",
        "name": "Horner's Hill",
        "natural": "peak"
      },
      "geometry": {
        "type": "Point",
        "coordinates": [
          -122.4254469,
          37.7510038
        ]
      },
      "id": "node/7707941362"
    },
    {
      "type": "Feature",
      "properties": {
        "@id": "node/7707941363",
        "ele": "99",
        "name": "Kite Hill",
        "natural": "peak"
      },
      "geometry": {
        "type": "Point",
        "coordinates": [
          -122.4413602,
          37.7583261
        ]
      },
      "id": "node/7707941363"
    },
    {
      "type": "Feature",
      "properties": {
        "@id": "node/7707959961",
        "ele": "251",
        "name": "Clarendon Heights",
        "natural": "peak"
      },
      "geometry": {
        "type": "Point",
        "coordinates": [
          -122.452872,
          37.755154
        ]
      },
      "id": "node/7707959961"
    },
    {
      "type": "Feature",
      "properties": {
        "@id": "node/7929462364",
        "name": "Sand Hill",
        "natural": "peak"
      },
      "geometry": {
        "type": "Point",
        "coordinates": [
          -122.2204718,
          37.4238373
        ]
      },
      "id": "node/7929462364"
    },
    {
      "type": "Feature",
      "properties": {
        "@id": "node/8250458125",
        "alt_name": "Montara Mountain",
        "ele": "592.5",
        "name": "Scarper Peak",
        "natural": "peak"
      },
      "geometry": {
        "type": "Point",
        "coordinates": [
          -122.427449,
          37.5287146
        ]
      },
      "id": "node/8250458125"
    },
    {
      "type": "Feature",
      "properties": {
        "@id": "node/8250778931",
        "ele": "262",
        "name": "Dougherty Hills",
        "natural": "peak",
        "source:ele": "USGS Topo Map"
      },
      "geometry": {
        "type": "Point",
        "coordinates": [
          -121.9277702,
          37.7573329
        ]
      },
      "id": "node/8250778931"
    },
    {
      "type": "Feature",
      "properties": {
        "@id": "node/8307423161",
        "name": "Kreiger Peak",
        "natural": "peak"
      },
      "geometry": {
        "type": "Point",
        "coordinates": [
          -121.8832843,
          37.9416873
        ]
      },
      "id": "node/8307423161"
    },
    {
      "type": "Feature",
      "properties": {
        "@id": "node/8382933629",
        "ele": "317",
        "name": "Pinole Peak",
        "natural": "peak",
        "source": "EBMUD Trail Map"
      },
      "geometry": {
        "type": "Point",
        "coordinates": [
          -122.2067177,
          37.9825177
        ]
      },
      "id": "node/8382933629"
    },
    {
      "type": "Feature",
      "properties": {
        "@id": "node/8530165546",
        "ele": "158",
        "name": "Sugerloaf Hill",
        "natural": "peak"
      },
      "geometry": {
        "type": "Point",
        "coordinates": [
          -122.0367859,
          37.869851
        ]
      },
      "id": "node/8530165546"
    },
    {
      "type": "Feature",
      "properties": {
        "@id": "node/8787274819",
        "ele": "88.09",
        "name": "Kite Hill",
        "natural": "peak",
        "source": "USGS Topo"
      },
      "geometry": {
        "type": "Point",
        "coordinates": [
          -122.5308417,
          37.9052776
        ]
      },
      "id": "node/8787274819"
    },
    {
      "type": "Feature",
      "properties": {
        "@id": "node/8830521765",
        "ele": "413.6136",
        "name": "Russell Peak",
        "natural": "peak",
        "note": "ele from usgs topo converted from ft to m"
      },
      "geometry": {
        "type": "Point",
        "coordinates": [
          -122.1396062,
          37.917486
        ]
      },
      "id": "node/8830521765"
    },
    {
      "type": "Feature",
      "properties": {
        "@id": "node/8990062248",
        "ele": "314",
        "natural": "peak"
      },
      "geometry": {
        "type": "Point",
        "coordinates": [
          -122.2861701,
          37.9425836
        ]
      },
      "id": "node/8990062248"
    },
    {
      "type": "Feature",
      "properties": {
        "@id": "node/8990062249",
        "ele": "322",
        "natural": "peak"
      },
      "geometry": {
        "type": "Point",
        "coordinates": [
          -122.2874128,
          37.9484163
        ]
      },
      "id": "node/8990062249"
    },
    {
      "type": "Feature",
      "properties": {
        "@id": "node/9035773515",
        "name": "Dinosaur Hill",
        "natural": "peak"
      },
      "geometry": {
        "type": "Point",
        "coordinates": [
          -122.0901794,
          37.9359533
        ]
      },
      "id": "node/9035773515"
    },
    {
      "type": "Feature",
      "properties": {
        "@id": "node/9080348603",
        "ele": "242",
        "name": "Eagle Rock",
        "natural": "peak"
      },
      "geometry": {
        "type": "Point",
        "coordinates": [
          -121.815726,
          37.3958356
        ]
      },
      "id": "node/9080348603"
    },
    {
      "type": "Feature",
      "properties": {
        "@id": "node/9080815714",
        "ele": "578",
        "name": "Boccardo Peak",
        "natural": "peak"
      },
      "geometry": {
        "type": "Point",
        "coordinates": [
          -121.806776,
          37.4056127
        ]
      },
      "id": "node/9080815714"
    },
    {
      "type": "Feature",
      "properties": {
        "@id": "node/9109054631",
        "ele": "460",
        "name": "Fish Ranch Peak",
        "natural": "peak"
      },
      "geometry": {
        "type": "Point",
        "coordinates": [
          -122.221083,
          37.8652008
        ]
      },
      "id": "node/9109054631"
    },
    {
      "type": "Feature",
      "properties": {
        "@id": "node/9189645201",
        "name": "Pill Hill",
        "natural": "peak"
      },
      "geometry": {
        "type": "Point",
        "coordinates": [
          -122.2645785,
          37.8207616
        ]
      },
      "id": "node/9189645201"
    },
    {
      "type": "Feature",
      "properties": {
        "@id": "node/9344568714",
        "natural": "peak"
      },
      "geometry": {
        "type": "Point",
        "coordinates": [
          -122.6140938,
          38.071656
        ]
      },
      "id": "node/9344568714"
    },
    {
      "type": "Feature",
      "properties": {
        "@id": "node/9591161206",
        "ele": "565",
        "name": "Wiedemann Hill",
        "natural": "peak"
      },
      "geometry": {
        "type": "Point",
        "coordinates": [
          -121.9948268,
          37.7382686
        ]
      },
      "id": "node/9591161206"
    },
    {
      "type": "Feature",
      "properties": {
        "@id": "node/9710647915",
        "natural": "peak"
      },
      "geometry": {
        "type": "Point",
        "coordinates": [
          -122.6058347,
          37.9903233
        ]
      },
      "id": "node/9710647915"
    },
    {
      "type": "Feature",
      "properties": {
        "@id": "node/9763233966",
        "ele": "76.2",
        "name": "Heidelberg Hill",
        "natural": "peak",
        "wikidata": "Q123233513"
      },
      "geometry": {
        "type": "Point",
        "coordinates": [
          -122.469061,
          37.7682394
        ]
      },
      "id": "node/9763233966"
    },
    {
      "type": "Feature",
      "properties": {
        "@id": "node/9936432845",
        "ele": "415",
        "name": "Flag Hill",
        "natural": "peak"
      },
      "geometry": {
        "type": "Point",
        "coordinates": [
          -121.8314524,
          37.5247611
        ]
      },
      "id": "node/9936432845"
    },
    {
      "type": "Feature",
      "properties": {
        "@id": "node/10203043716",
        "ele": "317.2968",
        "name": "Peak 1041",
        "natural": "peak"
      },
      "geometry": {
        "type": "Point",
        "coordinates": [
          -122.5224906,
          37.8554628
        ]
      },
      "id": "node/10203043716"
    },
    {
      "type": "Feature",
      "properties": {
        "@id": "node/10203187388",
        "ele": "329",
        "name": "Gossip Rock",
        "natural": "peak"
      },
      "geometry": {
        "type": "Point",
        "coordinates": [
          -121.9987118,
          37.6206025
        ]
      },
      "id": "node/10203187388"
    },
    {
      "type": "Feature",
      "properties": {
        "@id": "node/10203187389",
        "ele": "82",
        "name": "Hayes Hill",
        "natural": "peak"
      },
      "geometry": {
        "type": "Point",
        "coordinates": [
          -122.4346201,
          37.775968
        ]
      },
      "id": "node/10203187389"
    },
    {
      "type": "Feature",
      "properties": {
        "@id": "node/10203201802",
        "ele": "459",
        "name": "Rose Hill",
        "natural": "peak"
      },
      "geometry": {
        "type": "Point",
        "coordinates": [
          -121.8747222,
          37.9599853
        ]
      },
      "id": "node/10203201802"
    },
    {
      "type": "Feature",
      "properties": {
        "@id": "node/10203212214",
        "ele": "338.6",
        "name": "Richardson East",
        "natural": "peak"
      },
      "geometry": {
        "type": "Point",
        "coordinates": [
          -122.4987295,
          37.8508876
        ]
      },
      "id": "node/10203212214"
    },
    {
      "type": "Feature",
      "properties": {
        "@id": "node/10728381589",
        "ele": "575",
        "name": "Big Rock Ridge",
        "natural": "peak"
      },
      "geometry": {
        "type": "Point",
        "coordinates": [
          -122.604294,
          38.0591947
        ]
      },
      "id": "node/10728381589"
    },
    {
      "type": "Feature",
      "properties": {
        "@id": "node/10760551880",
        "ele": "343",
        "natural": "peak"
      },
      "geometry": {
        "type": "Point",
        "coordinates": [
          -122.2308551,
          37.9418217
        ]
      },
      "id": "node/10760551880"
    },
    {
      "type": "Feature",
      "properties": {
        "@id": "node/10760552370",
        "ele": "267",
        "natural": "peak"
      },
      "geometry": {
        "type": "Point",
        "coordinates": [
          -122.2246652,
          37.9286368
        ]
      },
      "id": "node/10760552370"
    },
    {
      "type": "Feature",
      "properties": {
        "@id": "node/10760552371",
        "ele": "238",
        "natural": "peak"
      },
      "geometry": {
        "type": "Point",
        "coordinates": [
          -122.217751,
          37.9155366
        ]
      },
      "id": "node/10760552371"
    },
    {
      "type": "Feature",
      "properties": {
        "@id": "node/10760552372",
        "ele": "312",
        "natural": "peak"
      },
      "geometry": {
        "type": "Point",
        "coordinates": [
          -122.2649267,
          37.9312862
        ]
      },
      "id": "node/10760552372"
    },
    {
      "type": "Feature",
      "properties": {
        "@id": "node/10760552373",
        "ele": "307",
        "natural": "peak"
      },
      "geometry": {
        "type": "Point",
        "coordinates": [
          -122.2702048,
          37.9353679
        ]
      },
      "id": "node/10760552373"
    },
    {
      "type": "Feature",
      "properties": {
        "@id": "node/10760552374",
        "ele": "206",
        "natural": "peak"
      },
      "geometry": {
        "type": "Point",
        "coordinates": [
          -122.2697487,
          37.9430604
        ]
      },
      "id": "node/10760552374"
    },
    {
      "type": "Feature",
      "properties": {
        "@id": "node/10760552380",
        "ele": "308",
        "name": "Abrott Benchmark",
        "natural": "peak"
      },
      "geometry": {
        "type": "Point",
        "coordinates": [
          -122.2487832,
          37.9540373
        ]
      },
      "id": "node/10760552380"
    },
    {
      "type": "Feature",
      "properties": {
        "@id": "node/10776121999",
        "ele": "280",
        "natural": "peak"
      },
      "geometry": {
        "type": "Point",
        "coordinates": [
          -122.2091716,
          37.9329063
        ]
      },
      "id": "node/10776121999"
    },
    {
      "type": "Feature",
      "properties": {
        "@id": "node/10776159106",
        "ele": "309",
        "natural": "peak"
      },
      "geometry": {
        "type": "Point",
        "coordinates": [
          -122.1833035,
          37.934434
        ]
      },
      "id": "node/10776159106"
    },
    {
      "type": "Feature",
      "properties": {
        "@id": "node/10784949951",
        "ele": "466",
        "natural": "peak"
      },
      "geometry": {
        "type": "Point",
        "coordinates": [
          -122.2021837,
          37.8768342
        ]
      },
      "id": "node/10784949951"
    },
    {
      "type": "Feature",
      "properties": {
        "@id": "node/10784949982",
        "ele": "387",
        "natural": "peak"
      },
      "geometry": {
        "type": "Point",
        "coordinates": [
          -122.1981966,
          37.8721449
        ]
      },
      "id": "node/10784949982"
    },
    {
      "type": "Feature",
      "properties": {
        "@id": "node/10784950066",
        "ele": "498",
        "name": "Volcanic Peak",
        "natural": "peak"
      },
      "geometry": {
        "type": "Point",
        "coordinates": [
          -122.1985329,
          37.8589204
        ]
      },
      "id": "node/10784950066"
    },
    {
      "type": "Feature",
      "properties": {
        "@id": "node/10822574250",
        "ele": "338",
        "name": "Sobrante Peak",
        "natural": "peak",
        "source": "USGS"
      },
      "geometry": {
        "type": "Point",
        "coordinates": [
          -122.2144921,
          37.9431034
        ]
      },
      "id": "node/10822574250"
    },
    {
      "type": "Feature",
      "properties": {
        "@id": "node/10822574251",
        "ele": "324",
        "natural": "peak"
      },
      "geometry": {
        "type": "Point",
        "coordinates": [
          -122.2180323,
          37.9544807
        ]
      },
      "id": "node/10822574251"
    },
    {
      "type": "Feature",
      "properties": {
        "@id": "node/10822574252",
        "ele": "300",
        "natural": "peak"
      },
      "geometry": {
        "type": "Point",
        "coordinates": [
          -122.2113192,
          37.9520721
        ]
      },
      "id": "node/10822574252"
    },
    {
      "type": "Feature",
      "properties": {
        "@id": "node/10828765664",
        "ele": "342",
        "natural": "peak"
      },
      "geometry": {
        "type": "Point",
        "coordinates": [
          -122.1775496,
          37.9390568
        ]
      },
      "id": "node/10828765664"
    },
    {
      "type": "Feature",
      "properties": {
        "@id": "node/10828765665",
        "ele": "376",
        "name": "Costa Peak",
        "natural": "peak"
      },
      "geometry": {
        "type": "Point",
        "coordinates": [
          -122.1670236,
          37.9423454
        ]
      },
      "id": "node/10828765665"
    },
    {
      "type": "Feature",
      "properties": {
        "@id": "node/10828765666",
        "ele": "365",
        "natural": "peak"
      },
      "geometry": {
        "type": "Point",
        "coordinates": [
          -122.1705977,
          37.9375427
        ]
      },
      "id": "node/10828765666"
    },
    {
      "type": "Feature",
      "properties": {
        "@id": "node/10836222284",
        "ele": "279",
        "natural": "peak"
      },
      "geometry": {
        "type": "Point",
        "coordinates": [
          -122.1746626,
          37.9559798
        ]
      },
      "id": "node/10836222284"
    },
    {
      "type": "Feature",
      "properties": {
        "@id": "node/10836222285",
        "ele": "358",
        "name": "Duarte Peak",
        "natural": "peak"
      },
      "geometry": {
        "type": "Point",
        "coordinates": [
          -122.1671944,
          37.962075
        ]
      },
      "id": "node/10836222285"
    },
    {
      "type": "Feature",
      "properties": {
        "@id": "node/10836222286",
        "ele": "320",
        "natural": "peak"
      },
      "geometry": {
        "type": "Point",
        "coordinates": [
          -122.1855268,
          37.9558832
        ]
      },
      "id": "node/10836222286"
    },
    {
      "type": "Feature",
      "properties": {
        "@id": "node/10876954304",
        "ele": "293",
        "natural": "peak"
      },
      "geometry": {
        "type": "Point",
        "coordinates": [
          -122.200278,
          37.9867029
        ]
      },
      "id": "node/10876954304"
    },
    {
      "type": "Feature",
      "properties": {
        "@id": "node/10878978039",
        "ele": "271",
        "name": "Franklin Peak",
        "natural": "peak"
      },
      "geometry": {
        "type": "Point",
        "coordinates": [
          -122.2048688,
          38.0196228
        ]
      },
      "id": "node/10878978039"
    },
    {
      "type": "Feature",
      "properties": {
        "@id": "node/10879937841",
        "ele": "115",
        "natural": "peak"
      },
      "geometry": {
        "type": "Point",
        "coordinates": [
          -122.2433454,
          38.0533952
        ]
      },
      "id": "node/10879937841"
    },
    {
      "type": "Feature",
      "properties": {
        "@id": "node/10879937842",
        "ele": "181",
        "natural": "peak"
      },
      "geometry": {
        "type": "Point",
        "coordinates": [
          -122.2293477,
          38.0426917
        ]
      },
      "id": "node/10879937842"
    },
    {
      "type": "Feature",
      "properties": {
        "@id": "node/10891357945",
        "ele": "5",
        "name": "Shellmound",
        "natural": "peak"
      },
      "geometry": {
        "type": "Point",
        "coordinates": [
          -122.230824,
          37.7586759
        ]
      },
      "id": "node/10891357945"
    },
    {
      "type": "Feature",
      "properties": {
        "@id": "node/10915545408",
        "name": "Nadeen Peak",
        "natural": "peak"
      },
      "geometry": {
        "type": "Point",
        "coordinates": [
          -122.1975325,
          38.0288646
        ]
      },
      "id": "node/10915545408"
    },
    {
      "type": "Feature",
      "properties": {
        "@id": "node/10934893489",
        "ele": "238",
        "name": "Engagement Hill",
        "natural": "peak"
      },
      "geometry": {
        "type": "Point",
        "coordinates": [
          -122.4872243,
          37.8442859
        ]
      },
      "id": "node/10934893489"
    },
    {
      "type": "Feature",
      "properties": {
        "@id": "node/11057670725",
        "ele": "3",
        "name": "High Street Center",
        "natural": "peak"
      },
      "geometry": {
        "type": "Point",
        "coordinates": [
          -122.226161,
          37.7637483
        ]
      },
      "id": "node/11057670725"
    },
    {
      "type": "Feature",
      "properties": {
        "@id": "node/11067776914",
        "ele": "210",
        "natural": "peak"
      },
      "geometry": {
        "type": "Point",
        "coordinates": [
          -122.3684396,
          37.3426758
        ]
      },
      "id": "node/11067776914"
    },
    {
      "type": "Feature",
      "properties": {
        "@id": "node/11067776915",
        "ele": "239",
        "natural": "peak"
      },
      "geometry": {
        "type": "Point",
        "coordinates": [
          -122.3823656,
          37.343597
        ]
      },
      "id": "node/11067776915"
    },
    {
      "type": "Feature",
      "properties": {
        "@id": "node/11067776916",
        "ele": "231",
        "natural": "peak"
      },
      "geometry": {
        "type": "Point",
        "coordinates": [
          -122.3889531,
          37.3431023
        ]
      },
      "id": "node/11067776916"
    },
    {
      "type": "Feature",
      "properties": {
        "@id": "node/11067776918",
        "ele": "253",
        "natural": "peak"
      },
      "geometry": {
        "type": "Point",
        "coordinates": [
          -122.3529901,
          37.3457294
        ]
      },
      "id": "node/11067776918"
    },
    {
      "type": "Feature",
      "properties": {
        "@id": "node/11067776919",
        "ele": "257",
        "natural": "peak"
      },
      "geometry": {
        "type": "Point",
        "coordinates": [
          -122.3590197,
          37.3575671
        ]
      },
      "id": "node/11067776919"
    },
    {
      "type": "Feature",
      "properties": {
        "@id": "node/11067776920",
        "ele": "284",
        "natural": "peak"
      },
      "geometry": {
        "type": "Point",
        "coordinates": [
          -122.3420252,
          37.3590851
        ]
      },
      "id": "node/11067776920"
    },
    {
      "type": "Feature",
      "properties": {
        "@id": "node/11067776921",
        "ele": "311",
        "natural": "peak"
      },
      "geometry": {
        "type": "Point",
        "coordinates": [
          -122.3506727,
          37.3594091
        ]
      },
      "id": "node/11067776921"
    },
    {
      "type": "Feature",
      "properties": {
        "@id": "node/11067776922",
        "ele": "150",
        "natural": "peak"
      },
      "geometry": {
        "type": "Point",
        "coordinates": [
          -122.3811425,
          37.3621209
        ]
      },
      "id": "node/11067776922"
    },
    {
      "type": "Feature",
      "properties": {
        "@id": "node/11067776923",
        "ele": "204",
        "natural": "peak"
      },
      "geometry": {
        "type": "Point",
        "coordinates": [
          -122.3672165,
          37.3682093
        ]
      },
      "id": "node/11067776923"
    },
    {
      "type": "Feature",
      "properties": {
        "@id": "node/11067776924",
        "ele": "294",
        "natural": "peak"
      },
      "geometry": {
        "type": "Point",
        "coordinates": [
          -122.3542132,
          37.373615
        ]
      },
      "id": "node/11067776924"
    },
    {
      "type": "Feature",
      "properties": {
        "@id": "node/11067776925",
        "ele": "377",
        "natural": "peak"
      },
      "geometry": {
        "type": "Point",
        "coordinates": [
          -122.34136,
          37.3740243
        ]
      },
      "id": "node/11067776925"
    },
    {
      "type": "Feature",
      "properties": {
        "@id": "node/11067776926",
        "ele": "290",
        "natural": "peak"
      },
      "geometry": {
        "type": "Point",
        "coordinates": [
          -122.3813786,
          37.384613
        ]
      },
      "id": "node/11067776926"
    },
    {
      "type": "Feature",
      "properties": {
        "@id": "node/11067776927",
        "ele": "227",
        "natural": "peak"
      },
      "geometry": {
        "type": "Point",
        "coordinates": [
          -122.3695339,
          37.3810324
        ]
      },
      "id": "node/11067776927"
    },
    {
      "type": "Feature",
      "properties": {
        "@id": "node/11067776928",
        "ele": "215",
        "natural": "peak"
      },
      "geometry": {
        "type": "Point",
        "coordinates": [
          -122.391056,
          37.388432
        ]
      },
      "id": "node/11067776928"
    },
    {
      "type": "Feature",
      "properties": {
        "@id": "node/11067776934",
        "ele": "238",
        "natural": "peak"
      },
      "geometry": {
        "type": "Point",
        "coordinates": [
          -122.4004759,
          37.3996323
        ]
      },
      "id": "node/11067776934"
    },
    {
      "type": "Feature",
      "properties": {
        "@id": "node/11067776935",
        "ele": "271",
        "natural": "peak"
      },
      "geometry": {
        "type": "Point",
        "coordinates": [
          -122.3718943,
          37.3936658
        ]
      },
      "id": "node/11067776935"
    },
    {
      "type": "Feature",
      "properties": {
        "@id": "node/11067776936",
        "ele": "259",
        "natural": "peak"
      },
      "geometry": {
        "type": "Point",
        "coordinates": [
          -122.3814215,
          37.3943648
        ]
      },
      "id": "node/11067776936"
    },
    {
      "type": "Feature",
      "properties": {
        "@id": "node/11067776941",
        "ele": "473",
        "natural": "peak"
      },
      "geometry": {
        "type": "Point",
        "coordinates": [
          -122.3575177,
          37.4141203
        ]
      },
      "id": "node/11067776941"
    },
    {
      "type": "Feature",
      "properties": {
        "@id": "node/11067776942",
        "ele": "278",
        "natural": "peak"
      },
      "geometry": {
        "type": "Point",
        "coordinates": [
          -122.3818507,
          37.416779
        ]
      },
      "id": "node/11067776942"
    },
    {
      "type": "Feature",
      "properties": {
        "@id": "node/11067776943",
        "ele": "398",
        "natural": "peak"
      },
      "geometry": {
        "type": "Point",
        "coordinates": [
          -122.3740401,
          37.4217893
        ]
      },
      "id": "node/11067776943"
    },
    {
      "type": "Feature",
      "properties": {
        "@id": "node/11067776944",
        "ele": "432",
        "natural": "peak"
      },
      "geometry": {
        "type": "Point",
        "coordinates": [
          -122.3660363,
          37.4222835
        ]
      },
      "id": "node/11067776944"
    },
    {
      "type": "Feature",
      "properties": {
        "@id": "node/11067776946",
        "ele": "578",
        "natural": "peak"
      },
      "geometry": {
        "type": "Point",
        "coordinates": [
          -122.3342575,
          37.420443
        ]
      },
      "id": "node/11067776946"
    },
    {
      "type": "Feature",
      "properties": {
        "@id": "node/11067776948",
        "ele": "215",
        "natural": "peak"
      },
      "geometry": {
        "type": "Point",
        "coordinates": [
          -122.4120201,
          37.4153133
        ]
      },
      "id": "node/11067776948"
    },
    {
      "type": "Feature",
      "properties": {
        "@id": "node/11067776949",
        "ele": "200",
        "natural": "peak"
      },
      "geometry": {
        "type": "Point",
        "coordinates": [
          -122.4024286,
          37.4234253
        ]
      },
      "id": "node/11067776949"
    },
    {
      "type": "Feature",
      "properties": {
        "@id": "node/11067776950",
        "ele": "242",
        "natural": "peak"
      },
      "geometry": {
        "type": "Point",
        "coordinates": [
          -122.3819365,
          37.4254531
        ]
      },
      "id": "node/11067776950"
    },
    {
      "type": "Feature",
      "properties": {
        "@id": "node/11360427069",
        "gnis:feature_id": "2787876",
        "name": "Suribachi Hill",
        "natural": "peak"
      },
      "geometry": {
        "type": "Point",
        "coordinates": [
          -122.2378868,
          38.0483702
        ]
      },
      "id": "node/11360427069"
    },
    {
      "type": "Feature",
      "properties": {
        "@id": "node/11360427116",
        "gnis:feature_id": "224939",
        "name": "Harlan Hill",
        "natural": "peak"
      },
      "geometry": {
        "type": "Point",
        "coordinates": [
          -121.9828587,
          37.7364737
        ]
      },
      "id": "node/11360427116"
    },
    {
      "type": "Feature",
      "properties": {
        "@id": "node/11759096316",
        "ele": "~1000",
        "name": "Peterson",
        "natural": "peak"
      },
      "geometry": {
        "type": "Point",
        "coordinates": [
          -121.9616432,
          37.7273125
        ]
      },
      "id": "node/11759096316"
    },
    {
      "type": "Feature",
      "properties": {
        "@id": "node/11778387241",
        "alt_name": "North Peak",
        "ele": "271",
        "ele:source": "San Francisco Recreation & Park Department",
        "name": "Eureka Peak",
        "natural": "peak",
        "prominence": "100",
        "wikidata": "Q125256271"
      },
      "geometry": {
        "type": "Point",
        "coordinates": [
          -122.4474225,
          37.7533227
        ]
      },
      "id": "node/11778387241"
    },
    {
      "type": "Feature",
      "properties": {
        "@id": "node/11783910263",
        "name": "Pine Top",
        "natural": "peak"
      },
      "geometry": {
        "type": "Point",
        "coordinates": [
          -122.1769161,
          37.7817467
        ]
      },
      "id": "node/11783910263"
    },
    {
      "type": "Feature",
      "properties": {
        "@id": "node/11891708427",
        "ele": "168",
        "name": "Moore Hill",
        "natural": "peak"
      },
      "geometry": {
        "type": "Point",
        "coordinates": [
          -122.5460531,
          37.9672563
        ]
      },
      "id": "node/11891708427"
    },
    {
      "type": "Feature",
      "properties": {
        "@id": "node/11896366082",
        "natural": "peak"
      },
      "geometry": {
        "type": "Point",
        "coordinates": [
          -122.6053162,
          37.9594652
        ]
      },
      "id": "node/11896366082"
    },
    {
      "type": "Feature",
      "properties": {
        "@id": "node/11896468234",
        "natural": "peak"
      },
      "geometry": {
        "type": "Point",
        "coordinates": [
          -122.5000379,
          37.9848025
        ]
      },
      "id": "node/11896468234"
    },
    {
      "type": "Feature",
      "properties": {
        "@id": "node/11911024335",
        "natural": "peak"
      },
      "geometry": {
        "type": "Point",
        "coordinates": [
          -122.6566293,
          38.0189305
        ]
      },
      "id": "node/11911024335"
    },
    {
      "type": "Feature",
      "properties": {
        "@id": "node/11911024336",
        "natural": "peak"
      },
      "geometry": {
        "type": "Point",
        "coordinates": [
          -122.6689945,
          38.0175537
        ]
      },
      "id": "node/11911024336"
    },
    {
      "type": "Feature",
      "properties": {
        "@id": "node/11911024338",
        "natural": "peak"
      },
      "geometry": {
        "type": "Point",
        "coordinates": [
          -122.6652674,
          38.0164963
        ]
      },
      "id": "node/11911024338"
    },
    {
      "type": "Feature",
      "properties": {
        "@id": "node/11911024339",
        "natural": "peak"
      },
      "geometry": {
        "type": "Point",
        "coordinates": [
          -122.6490699,
          38.0190898
        ]
      },
      "id": "node/11911024339"
    },
    {
      "type": "Feature",
      "properties": {
        "@id": "node/11911024340",
        "natural": "peak"
      },
      "geometry": {
        "type": "Point",
        "coordinates": [
          -122.644552,
          38.027543
        ]
      },
      "id": "node/11911024340"
    },
    {
      "type": "Feature",
      "properties": {
        "@id": "node/11911024341",
        "natural": "peak"
      },
      "geometry": {
        "type": "Point",
        "coordinates": [
          -122.6304372,
          38.0242186
        ]
      },
      "id": "node/11911024341"
    },
    {
      "type": "Feature",
      "properties": {
        "@id": "node/11911024342",
        "natural": "peak"
      },
      "geometry": {
        "type": "Point",
        "coordinates": [
          -122.6089959,
          38.0218237
        ]
      },
      "id": "node/11911024342"
    },
    {
      "type": "Feature",
      "properties": {
        "@id": "node/11911024343",
        "natural": "peak"
      },
      "geometry": {
        "type": "Point",
        "coordinates": [
          -122.5908823,
          38.0160042
        ]
      },
      "id": "node/11911024343"
    },
    {
      "type": "Feature",
      "properties": {
        "@id": "node/11911024344",
        "natural": "peak"
      },
      "geometry": {
        "type": "Point",
        "coordinates": [
          -122.5486565,
          38.0287754
        ]
      },
      "id": "node/11911024344"
    },
    {
      "type": "Feature",
      "properties": {
        "@id": "node/11911024345",
        "natural": "peak"
      },
      "geometry": {
        "type": "Point",
        "coordinates": [
          -122.5411311,
          38.0277295
        ]
      },
      "id": "node/11911024345"
    },
    {
      "type": "Feature",
      "properties": {
        "@id": "node/11920513255",
        "natural": "peak"
      },
      "geometry": {
        "type": "Point",
        "coordinates": [
          -122.5273736,
          38.0208965
        ]
      },
      "id": "node/11920513255"
    },
    {
      "type": "Feature",
      "properties": {
        "@id": "node/11920513256",
        "natural": "peak"
      },
      "geometry": {
        "type": "Point",
        "coordinates": [
          -122.531079,
          38.0239821
        ]
      },
      "id": "node/11920513256"
    },
    {
      "type": "Feature",
      "properties": {
        "@id": "node/11932189048",
        "natural": "peak"
      },
      "geometry": {
        "type": "Point",
        "coordinates": [
          -122.5622414,
          38.0217245
        ]
      },
      "id": "node/11932189048"
    },
    {
      "type": "Feature",
      "properties": {
        "@id": "node/11936238954",
        "natural": "peak"
      },
      "geometry": {
        "type": "Point",
        "coordinates": [
          -122.6483916,
          37.9806528
        ]
      },
      "id": "node/11936238954"
    },
    {
      "type": "Feature",
      "properties": {
        "@id": "node/11936559741",
        "natural": "peak"
      },
      "geometry": {
        "type": "Point",
        "coordinates": [
          -122.622783,
          37.9620991
        ]
      },
      "id": "node/11936559741"
    },
    {
      "type": "Feature",
      "properties": {
        "@id": "node/11940600529",
        "natural": "peak"
      },
      "geometry": {
        "type": "Point",
        "coordinates": [
          -122.6441035,
          38.0882771
        ]
      },
      "id": "node/11940600529"
    },
    {
      "type": "Feature",
      "properties": {
        "@id": "node/11940600530",
        "natural": "peak"
      },
      "geometry": {
        "type": "Point",
        "coordinates": [
          -122.632103,
          38.0818588
        ]
      },
      "id": "node/11940600530"
    },
    {
      "type": "Feature",
      "properties": {
        "@id": "node/11940600531",
        "natural": "peak"
      },
      "geometry": {
        "type": "Point",
        "coordinates": [
          -122.6235758,
          38.0775752
        ]
      },
      "id": "node/11940600531"
    },
    {
      "type": "Feature",
      "properties": {
        "@id": "node/11961613102",
        "natural": "peak"
      },
      "geometry": {
        "type": "Point",
        "coordinates": [
          -122.7211937,
          38.0472875
        ]
      },
      "id": "node/11961613102"
    },
    {
      "type": "Feature",
      "properties": {
        "@id": "node/11971096998",
        "name": "Icehouse Hill",
        "natural": "peak"
      },
      "geometry": {
        "type": "Point",
        "coordinates": [
          -122.4035059,
          37.6921365
        ]
      },
      "id": "node/11971096998"
    },
    {
      "type": "Feature",
      "properties": {
        "@id": "node/12056865382",
        "ele": "278",
        "gnis:feature_id": "253951",
        "name": "Mount Sutro",
        "name:etymology": "Adolph Sutro",
        "name:etymology:wikidata": "Q214461",
        "name:etymology:wikipedia": "en:Adolph Sutro",
        "natural": "peak",
        "prominence": "68",
        "wikidata": "Q3322124",
        "wikimedia_commons": "Category:Mount Sutro",
        "wikipedia": "en:Mount Sutro"
      },
      "geometry": {
        "type": "Point",
        "coordinates": [
          -122.4571803,
          37.758106
        ]
      },
      "id": "node/12056865382"
    },
    {
      "type": "Feature",
      "properties": {
        "@id": "node/12150570235",
        "ele": "236",
        "name": "Old Man's Hill",
        "natural": "peak"
      },
      "geometry": {
        "type": "Point",
        "coordinates": [
          -122.006307,
          37.8842398
        ]
      },
      "id": "node/12150570235"
    },
    {
      "type": "Feature",
      "properties": {
        "@id": "node/12245480451",
        "ele": "326",
        "name": "San Pedro Mountain",
        "natural": "peak"
      },
      "geometry": {
        "type": "Point",
        "coordinates": [
          -122.50107,
          37.9930511
        ]
      },
      "id": "node/12245480451"
    },
    {
      "type": "Feature",
      "properties": {
        "@id": "node/12294441042",
        "ele": "221",
        "loc_name": "Franklin Crest",
        "name": "Franklin Crest",
        "natural": "peak"
      },
      "geometry": {
        "type": "Point",
        "coordinates": [
          -122.1578344,
          38.0158083
        ]
      },
      "id": "node/12294441042"
    },
    {
      "type": "Feature",
      "properties": {
        "@id": "node/12294441043",
        "ele": "227",
        "name": "Old Martinez Summit",
        "natural": "peak"
      },
      "geometry": {
        "type": "Point",
        "coordinates": [
          -122.1478039,
          38.0056616
        ]
      },
      "id": "node/12294441043"
    },
    {
      "type": "Feature",
      "properties": {
        "@id": "node/12294607275",
        "ele": "100",
        "name": "Point Carquinez Overlook",
        "natural": "peak"
      },
      "geometry": {
        "type": "Point",
        "coordinates": [
          -122.1806868,
          38.0430354
        ]
      },
      "id": "node/12294607275"
    }
  ]
}