{
"type": "FeatureCollection",
"name": "california_cable_car",
"crs": { "type": "name", "properties": { "name": "urn:ogc:def:crs:OGC:1.3:CRS84" } },
"features": [
{ "type": "Feature", "properties": { "id": "way/30035709", "@id": "way/30035709", "area": null, "historic": null, "name": null, "railway": "tram", "landuse": null, "operator": "San Francisco Municipal Railway", "bicycle": null, "covered": null, "departures_board": null, "foot": null, "highway": null, "indoor": null, "network": "Muni", "public_transport": null, "ref": null, "surface": null, "train": null, "lit": null, "wheelchair": null, "bench": null, "bin": null, "shelter": null, "owner": "San Francisco Municipal Railway", "building": null, "disused:railway": null, "source": null, "source_ref": null, "level": null, "tactile_paving": null, "addr:city": null, "addr:housenumber": null, "addr:postcode": null, "addr:state": null, "addr:street": null, "addr:street_direction_prefix": null, "industrial": null, "building:levels": null, "height": null, "light_rail": null, "air_conditioning": null, "attribution": null, "bak:fac_type1": null, "internet_access": null, "bus": null, "tram": null, "wheelchair:description": null, "check_date": null, "passenger_information_display": null, "bridge": null, "layer": null, "check_date:lit": null, "trolleybus": null, "bearing": null, "check_date:shelter": null, "tourism": null, "access": null, "subway": null, "location": null, "tunnel": null, "motor_vehicle": null, "operator:wikidata": null, "electrified": "no", "gauge": "1067", "alt_name": null, "note": null, "note:website": null, "phone": null, "railway:position": null, "railway:ref": null, "short_name": null, "website": null, "wikidata": null, "wikipedia": null, "service": null, "length": null, "addr:housename": null, "attraction": null, "monorail": null, "horse": null, "check_date:bin": null, "tiger:county": null, "start_date": null, "check_date:bench": null, "ele": null, "lacounty:ain": null, "lacounty:bld_id": null, "usage": null, "fixme": null, "rail": null, "source:imagery": null, "description": null, "underground": null, "frequency": null, "voltage": null, "network:wikidata": null, "network:wikipedia": null, "operator:wikipedia": null, "owner:wikidata": null, "owner:wikipedia": null, "organization": null, "crossing": null, "official_name": null, "railway:proposed": null, "proposed:public_transport": null, "proposed:railway": null, "proposed:tram": null, "turntable": null, "biotic_reef:type": null, "image": null, "natural": null, "protection_title": null, "reef": null, "ruined": null, "seamark:type": null, "man_made": null, "proposed": null, "wikimedia_commons": null, "addr:country": null, "toilets:wheelchair": null, "baby_feeding": null, "station": null, "railway:preferred_direction": "forward", "oneway": null, "maxspeed": null, "tiger:cfcc": null, "tiger:reviewed": null, "maxspeed:freight": null, "railway:ptc": null, "railway:track_class": null, "railway:track_ref": null, "old_railway_operator": null, "railway:atc": null, "tiger:name_base": null, "railway:traffic_mode": null, "reporting_marks": null, "tunnel:name": null, "segregated": null, "sidewalk": null, "cycleway": null, "tiger:name_type": null, "passenger_lines": null, "passenger": null, "railway:preserved": null, "cycleway:left": null, "cycleway:right": null, "cycleway:right:lane": null, "lcn": null, "lanes": null, "abandoned:railway": null, "abandoned:name": null, "smoothness": null, "tracktype": null, "source:construction": null, "tiger:source": null, "tiger:tlid": null, "tiger:upload_uuid": null, "review": null, "maxspeed:backward": null, "maxspeed:forward": null, "maxspeed:freight:backward": null, "historic:name": null, "historic:operator": null, "historic:usage": null, "bridge:name": null, "operator:short": null, "embankment": null, "old_name": null, "route": null, "type": null, "cutting": null, "vta:id": null, "maxheight": null, "razed:railway": null, "cycleway:both": null, "cycleway:both:lane": null, "lane_markings": null, "name_1": null, "tiger:name_base_1": null, "tiger:name_type_1": null, "width": null, "abandoned": null, "tiger:separated": null, "incline": null, "bridge:movable": null, "bridge:wikidata": null, "bridge:wikipedia": null, "heritage": null, "heritage:operator": null, "ref:nrhp": null, "bridge_ref": null, "milepost:county": null, "source:bridge": null, "source_ref:bridge": null, "hgv": null, "demolished:railway": null, "loc_name": null, "route_ref": null, "embedded": null, "addr:county": null, "ref:lahcm": null, "construction": null, "opening_date": null, "created_by": null, "bridge:alt_name": null, "maxspeed:freight:forward": null, "name:pronunciation": null, "cable_tram": "cable", "ref:cpuc": null, "ref:fra_crossing": null, "flood_prone": null, "motorcycle": null, "bing": null, "railway:cbtc": null, "tunnel:alt_name": null, "ID": null, "assmntdist": null, "built": null, "finish": null, "region": null, "shape_le_1": null, "shape_len": null, "start": null, "winter": null, "highspeed": null, "crossing:markings": null, "tunnel:wikidata": null, "NHS": null, "dog": null, "bridge:structure": null, "builder": null, "line": null, "is_in:state_code": null, "demolished": null, "old_attraction_name": null, "destination:lanes": null, "hov": null, "toll": null, "toll:hov": null, "turn:lanes": null, "railway:interlaced": null, "seasonal:dry_season": null, "seasonal:wet_season": null, "removed:bridge": null, "designation": null, "razed": null, "name:es": null, "destination": null, "lift_chain": null, "source:1": null, "hov:minimum": null, "old_ref": null, "construction:electrified": null, "construction:frequency": null, "construction:railway": null, "construction:voltage": null, "FIXME": null, "abandoned:usage": null, "admin_level": null, "border_type": null, "boundary": null, "ruins:bridge": null, "own": null, "leisure": null, "ohv": null, "source:maxspeed": null, "maxspeed:passenger": null, "was:gauge": null, "was:service": null, "hgv:national_network": null, "source:hgv:national_network": null, "tiger:name_base_2": null, "tiger:name_type_2": null, "nrhp:criteria": null, "nrhp:inscription_date": null, "nrhp:nhl": null, "old_name:1927-1968": null, "ref:cli": null, "name_2": null, "mtb:scale": null, "mtb:scale:uphill": null, "trail_visibility": null, "alt_owner": null, "url": null, "construction:railway:etcs": null, "lanes:backward": null, "lanes:both_ways": null, "lanes:forward": null, "parking:lane:both": null, "turn:lanes:both_ways": null, "disused:service": null, "MAPKEY": null, "OBJECTID": null, "SHAPE_STLe": null, "sccgis:objectid": null, "miniature:scale": null, "colour": null, "turn:lanes:forward": null, "turn:lanes:backward": null, "parking:lane:right": null, "mtb:scale:imba": null, "sac_scale": null, "cycleway:left:oneway": null, "end_date": null, "bus:lanes:backward": null, "bus:lanes:forward": null, "ford": null, "parking:both": null, "parking:both:orientation": null, "historic_usage": null, "construction:maxspeed": null, "proposed:electrified": null, "proposed:frequency": null, "proposed:voltage": null, "abandoned:service": null, "destination:ref": null, "construction:name": null, "construction:network": null, "construction:operator": null, "construction:wikidata": null, "construction:wikipedia": null, "change": null, "railway:disused": null, "crossing:island": null, "source:exit": null, "source:width": null, "footway": null, "disused": null, "contact:email": null, "contact:phone": null, "contact:website": null, "group_only": null, "name:en": null, "change:forward": null, "change:backward": null, "bus:lanes": null, "trolley_wire": null, "abandoned:electrified": null, "crossing:signals": null, "maxweight:hgv": null, "maxweight:hgv:conditional": null, "maxweight:hgv_articulated": null, "razed:service": null, "demolished:bridge": null, "crossing:barrier": null, "tracks": null, "heritage:website": null, "razed:usage": null, "parking:lane:left": null, "imagery": null, "local_ref": null, "crane:type": null, "submerged": null, "construction:gauge": null, "construction:usage": null, "planned": null, "floor": null, "lastcheck": null, "end_date:railway": null, "bridge:ref": null, "not:name": null, "stroller": null, "path": null, "proposed:railway:etcs": null, "was:bridge": null, "Note": null, "name:absent": null, "construction:service": null }, "geometry": { "type": "LineString", "coordinates": [ [ -122.3960333, 37.7937361 ], [ -122.3962202, 37.7937113 ] ] } },
{ "type": "Feature", "properties": { "id": "way/142961068", "@id": "way/142961068", "area": null, "historic": null, "name": null, "railway": "tram", "landuse": null, "operator": "San Francisco Municipal Railway", "bicycle": null, "covered": null, "departures_board": null, "foot": null, "highway": null, "indoor": null, "network": "Muni", "public_transport": null, "ref": null, "surface": null, "train": null, "lit": null, "wheelchair": null, "bench": null, "bin": null, "shelter": null, "owner": "San Francisco Municipal Railway", "building": null, "disused:railway": null, "source": null, "source_ref": null, "level": null, "tactile_paving": null, "addr:city": null, "addr:housenumber": null, "addr:postcode": null, "addr:state": null, "addr:street": null, "addr:street_direction_prefix": null, "industrial": null, "building:levels": null, "height": null, "light_rail": null, "air_conditioning": null, "attribution": null, "bak:fac_type1": null, "internet_access": null, "bus": null, "tram": null, "wheelchair:description": null, "check_date": null, "passenger_information_display": null, "bridge": null, "layer": null, "check_date:lit": null, "trolleybus": null, "bearing": null, "check_date:shelter": null, "tourism": null, "access": null, "subway": null, "location": null, "tunnel": null, "motor_vehicle": null, "operator:wikidata": null, "electrified": "no", "gauge": "1067", "alt_name": null, "note": null, "note:website": null, "phone": null, "railway:position": null, "railway:ref": null, "short_name": null, "website": null, "wikidata": null, "wikipedia": null, "service": null, "length": null, "addr:housename": null, "attraction": null, "monorail": null, "horse": null, "check_date:bin": null, "tiger:county": null, "start_date": null, "check_date:bench": null, "ele": null, "lacounty:ain": null, "lacounty:bld_id": null, "usage": null, "fixme": null, "rail": null, "source:imagery": null, "description": null, "underground": null, "frequency": null, "voltage": null, "network:wikidata": null, "network:wikipedia": null, "operator:wikipedia": null, "owner:wikidata": null, "owner:wikipedia": null, "organization": null, "crossing": null, "official_name": null, "railway:proposed": null, "proposed:public_transport": null, "proposed:railway": null, "proposed:tram": null, "turntable": null, "biotic_reef:type": null, "image": null, "natural": null, "protection_title": null, "reef": null, "ruined": null, "seamark:type": null, "man_made": null, "proposed": null, "wikimedia_commons": null, "addr:country": null, "toilets:wheelchair": null, "baby_feeding": null, "station": null, "railway:preferred_direction": "forward", "oneway": null, "maxspeed": null, "tiger:cfcc": null, "tiger:reviewed": null, "maxspeed:freight": null, "railway:ptc": null, "railway:track_class": null, "railway:track_ref": null, "old_railway_operator": null, "railway:atc": null, "tiger:name_base": null, "railway:traffic_mode": null, "reporting_marks": null, "tunnel:name": null, "segregated": null, "sidewalk": null, "cycleway": null, "tiger:name_type": null, "passenger_lines": null, "passenger": null, "railway:preserved": null, "cycleway:left": null, "cycleway:right": null, "cycleway:right:lane": null, "lcn": null, "lanes": null, "abandoned:railway": null, "abandoned:name": null, "smoothness": null, "tracktype": null, "source:construction": null, "tiger:source": null, "tiger:tlid": null, "tiger:upload_uuid": null, "review": null, "maxspeed:backward": null, "maxspeed:forward": null, "maxspeed:freight:backward": null, "historic:name": null, "historic:operator": null, "historic:usage": null, "bridge:name": null, "operator:short": null, "embankment": null, "old_name": null, "route": null, "type": null, "cutting": null, "vta:id": null, "maxheight": null, "razed:railway": null, "cycleway:both": null, "cycleway:both:lane": null, "lane_markings": null, "name_1": null, "tiger:name_base_1": null, "tiger:name_type_1": null, "width": null, "abandoned": null, "tiger:separated": null, "incline": null, "bridge:movable": null, "bridge:wikidata": null, "bridge:wikipedia": null, "heritage": null, "heritage:operator": null, "ref:nrhp": null, "bridge_ref": null, "milepost:county": null, "source:bridge": null, "source_ref:bridge": null, "hgv": null, "demolished:railway": null, "loc_name": null, "route_ref": null, "embedded": null, "addr:county": null, "ref:lahcm": null, "construction": null, "opening_date": null, "created_by": null, "bridge:alt_name": null, "maxspeed:freight:forward": null, "name:pronunciation": null, "cable_tram": "cable", "ref:cpuc": null, "ref:fra_crossing": null, "flood_prone": null, "motorcycle": null, "bing": null, "railway:cbtc": null, "tunnel:alt_name": null, "ID": null, "assmntdist": null, "built": null, "finish": null, "region": null, "shape_le_1": null, "shape_len": null, "start": null, "winter": null, "highspeed": null, "crossing:markings": null, "tunnel:wikidata": null, "NHS": null, "dog": null, "bridge:structure": null, "builder": null, "line": null, "is_in:state_code": null, "demolished": null, "old_attraction_name": null, "destination:lanes": null, "hov": null, "toll": null, "toll:hov": null, "turn:lanes": null, "railway:interlaced": null, "seasonal:dry_season": null, "seasonal:wet_season": null, "removed:bridge": null, "designation": null, "razed": null, "name:es": null, "destination": null, "lift_chain": null, "source:1": null, "hov:minimum": null, "old_ref": null, "construction:electrified": null, "construction:frequency": null, "construction:railway": null, "construction:voltage": null, "FIXME": null, "abandoned:usage": null, "admin_level": null, "border_type": null, "boundary": null, "ruins:bridge": null, "own": null, "leisure": null, "ohv": null, "source:maxspeed": null, "maxspeed:passenger": null, "was:gauge": null, "was:service": null, "hgv:national_network": null, "source:hgv:national_network": null, "tiger:name_base_2": null, "tiger:name_type_2": null, "nrhp:criteria": null, "nrhp:inscription_date": null, "nrhp:nhl": null, "old_name:1927-1968": null, "ref:cli": null, "name_2": null, "mtb:scale": null, "mtb:scale:uphill": null, "trail_visibility": null, "alt_owner": null, "url": null, "construction:railway:etcs": null, "lanes:backward": null, "lanes:both_ways": null, "lanes:forward": null, "parking:lane:both": null, "turn:lanes:both_ways": null, "disused:service": null, "MAPKEY": null, "OBJECTID": null, "SHAPE_STLe": null, "sccgis:objectid": null, "miniature:scale": null, "colour": null, "turn:lanes:forward": null, "turn:lanes:backward": null, "parking:lane:right": null, "mtb:scale:imba": null, "sac_scale": null, "cycleway:left:oneway": null, "end_date": null, "bus:lanes:backward": null, "bus:lanes:forward": null, "ford": null, "parking:both": null, "parking:both:orientation": null, "historic_usage": null, "construction:maxspeed": null, "proposed:electrified": null, "proposed:frequency": null, "proposed:voltage": null, "abandoned:service": null, "destination:ref": null, "construction:name": null, "construction:network": null, "construction:operator": null, "construction:wikidata": null, "construction:wikipedia": null, "change": null, "railway:disused": null, "crossing:island": null, "source:exit": null, "source:width": null, "footway": null, "disused": null, "contact:email": null, "contact:phone": null, "contact:website": null, "group_only": null, "name:en": null, "change:forward": null, "change:backward": null, "bus:lanes": null, "trolley_wire": null, "abandoned:electrified": null, "crossing:signals": null, "maxweight:hgv": null, "maxweight:hgv:conditional": null, "maxweight:hgv_articulated": null, "razed:service": null, "demolished:bridge": null, "crossing:barrier": null, "tracks": null, "heritage:website": null, "razed:usage": null, "parking:lane:left": null, "imagery": null, "local_ref": null, "crane:type": null, "submerged": null, "construction:gauge": null, "construction:usage": null, "planned": null, "floor": null, "lastcheck": null, "end_date:railway": null, "bridge:ref": null, "not:name": null, "stroller": null, "path": null, "proposed:railway:etcs": null, "was:bridge": null, "Note": null, "name:absent": null, "construction:service": null }, "geometry": { "type": "LineString", "coordinates": [ [ -122.4218697, 37.790454 ], [ -122.4220725, 37.7904285 ] ] } },
{ "type": "Feature", "properties": { "id": "way/142961070", "@id": "way/142961070", "area": null, "historic": null, "name": null, "railway": "tram", "landuse": null, "operator": "San Francisco Municipal Railway", "bicycle": null, "covered": null, "departures_board": null, "foot": null, "highway": null, "indoor": null, "network": "Muni", "public_transport": null, "ref": null, "surface": null, "train": null, "lit": null, "wheelchair": null, "bench": null, "bin": null, "shelter": null, "owner": "San Francisco Municipal Railway", "building": null, "disused:railway": null, "source": null, "source_ref": null, "level": null, "tactile_paving": null, "addr:city": null, "addr:housenumber": null, "addr:postcode": null, "addr:state": null, "addr:street": null, "addr:street_direction_prefix": null, "industrial": null, "building:levels": null, "height": null, "light_rail": null, "air_conditioning": null, "attribution": null, "bak:fac_type1": null, "internet_access": null, "bus": null, "tram": null, "wheelchair:description": null, "check_date": null, "passenger_information_display": null, "bridge": null, "layer": null, "check_date:lit": null, "trolleybus": null, "bearing": null, "check_date:shelter": null, "tourism": null, "access": null, "subway": null, "location": null, "tunnel": null, "motor_vehicle": null, "operator:wikidata": null, "electrified": "no", "gauge": "1067", "alt_name": null, "note": null, "note:website": null, "phone": null, "railway:position": null, "railway:ref": null, "short_name": null, "website": null, "wikidata": null, "wikipedia": null, "service": null, "length": null, "addr:housename": null, "attraction": null, "monorail": null, "horse": null, "check_date:bin": null, "tiger:county": null, "start_date": null, "check_date:bench": null, "ele": null, "lacounty:ain": null, "lacounty:bld_id": null, "usage": null, "fixme": null, "rail": null, "source:imagery": null, "description": null, "underground": null, "frequency": null, "voltage": null, "network:wikidata": null, "network:wikipedia": null, "operator:wikipedia": null, "owner:wikidata": null, "owner:wikipedia": null, "organization": null, "crossing": null, "official_name": null, "railway:proposed": null, "proposed:public_transport": null, "proposed:railway": null, "proposed:tram": null, "turntable": null, "biotic_reef:type": null, "image": null, "natural": null, "protection_title": null, "reef": null, "ruined": null, "seamark:type": null, "man_made": null, "proposed": null, "wikimedia_commons": null, "addr:country": null, "toilets:wheelchair": null, "baby_feeding": null, "station": null, "railway:preferred_direction": "forward", "oneway": null, "maxspeed": "9.5 mph", "tiger:cfcc": null, "tiger:reviewed": null, "maxspeed:freight": null, "railway:ptc": null, "railway:track_class": null, "railway:track_ref": null, "old_railway_operator": null, "railway:atc": null, "tiger:name_base": null, "railway:traffic_mode": null, "reporting_marks": null, "tunnel:name": null, "segregated": null, "sidewalk": null, "cycleway": null, "tiger:name_type": null, "passenger_lines": null, "passenger": null, "railway:preserved": null, "cycleway:left": null, "cycleway:right": null, "cycleway:right:lane": null, "lcn": null, "lanes": null, "abandoned:railway": null, "abandoned:name": null, "smoothness": null, "tracktype": null, "source:construction": null, "tiger:source": null, "tiger:tlid": null, "tiger:upload_uuid": null, "review": null, "maxspeed:backward": null, "maxspeed:forward": null, "maxspeed:freight:backward": null, "historic:name": null, "historic:operator": null, "historic:usage": null, "bridge:name": null, "operator:short": null, "embankment": null, "old_name": null, "route": null, "type": null, "cutting": null, "vta:id": null, "maxheight": null, "razed:railway": null, "cycleway:both": null, "cycleway:both:lane": null, "lane_markings": null, "name_1": null, "tiger:name_base_1": null, "tiger:name_type_1": null, "width": null, "abandoned": null, "tiger:separated": null, "incline": null, "bridge:movable": null, "bridge:wikidata": null, "bridge:wikipedia": null, "heritage": null, "heritage:operator": null, "ref:nrhp": null, "bridge_ref": null, "milepost:county": null, "source:bridge": null, "source_ref:bridge": null, "hgv": null, "demolished:railway": null, "loc_name": null, "route_ref": null, "embedded": null, "addr:county": null, "ref:lahcm": null, "construction": null, "opening_date": null, "created_by": null, "bridge:alt_name": null, "maxspeed:freight:forward": null, "name:pronunciation": null, "cable_tram": "cable", "ref:cpuc": null, "ref:fra_crossing": null, "flood_prone": null, "motorcycle": null, "bing": null, "railway:cbtc": null, "tunnel:alt_name": null, "ID": null, "assmntdist": null, "built": null, "finish": null, "region": null, "shape_le_1": null, "shape_len": null, "start": null, "winter": null, "highspeed": null, "crossing:markings": null, "tunnel:wikidata": null, "NHS": null, "dog": null, "bridge:structure": null, "builder": null, "line": null, "is_in:state_code": null, "demolished": null, "old_attraction_name": null, "destination:lanes": null, "hov": null, "toll": null, "toll:hov": null, "turn:lanes": null, "railway:interlaced": null, "seasonal:dry_season": null, "seasonal:wet_season": null, "removed:bridge": null, "designation": null, "razed": null, "name:es": null, "destination": null, "lift_chain": null, "source:1": null, "hov:minimum": null, "old_ref": null, "construction:electrified": null, "construction:frequency": null, "construction:railway": null, "construction:voltage": null, "FIXME": null, "abandoned:usage": null, "admin_level": null, "border_type": null, "boundary": null, "ruins:bridge": null, "own": null, "leisure": null, "ohv": null, "source:maxspeed": null, "maxspeed:passenger": null, "was:gauge": null, "was:service": null, "hgv:national_network": null, "source:hgv:national_network": null, "tiger:name_base_2": null, "tiger:name_type_2": null, "nrhp:criteria": null, "nrhp:inscription_date": null, "nrhp:nhl": null, "old_name:1927-1968": null, "ref:cli": null, "name_2": null, "mtb:scale": null, "mtb:scale:uphill": null, "trail_visibility": null, "alt_owner": null, "url": null, "construction:railway:etcs": null, "lanes:backward": null, "lanes:both_ways": null, "lanes:forward": null, "parking:lane:both": null, "turn:lanes:both_ways": null, "disused:service": null, "MAPKEY": null, "OBJECTID": null, "SHAPE_STLe": null, "sccgis:objectid": null, "miniature:scale": null, "colour": null, "turn:lanes:forward": null, "turn:lanes:backward": null, "parking:lane:right": null, "mtb:scale:imba": null, "sac_scale": null, "cycleway:left:oneway": null, "end_date": null, "bus:lanes:backward": null, "bus:lanes:forward": null, "ford": null, "parking:both": null, "parking:both:orientation": null, "historic_usage": null, "construction:maxspeed": null, "proposed:electrified": null, "proposed:frequency": null, "proposed:voltage": null, "abandoned:service": null, "destination:ref": null, "construction:name": null, "construction:network": null, "construction:operator": null, "construction:wikidata": null, "construction:wikipedia": null, "change": null, "railway:disused": null, "crossing:island": null, "source:exit": null, "source:width": null, "footway": null, "disused": null, "contact:email": null, "contact:phone": null, "contact:website": null, "group_only": null, "name:en": null, "change:forward": null, "change:backward": null, "bus:lanes": null, "trolley_wire": null, "abandoned:electrified": null, "crossing:signals": null, "maxweight:hgv": null, "maxweight:hgv:conditional": null, "maxweight:hgv_articulated": null, "razed:service": null, "demolished:bridge": null, "crossing:barrier": null, "tracks": null, "heritage:website": null, "razed:usage": null, "parking:lane:left": null, "imagery": null, "local_ref": null, "crane:type": null, "submerged": null, "construction:gauge": null, "construction:usage": null, "planned": null, "floor": null, "lastcheck": null, "end_date:railway": null, "bridge:ref": null, "not:name": null, "stroller": null, "path": null, "proposed:railway:etcs": null, "was:bridge": null, "Note": null, "name:absent": null, "construction:service": null }, "geometry": { "type": "LineString", "coordinates": [ [ -122.4215926, 37.7904601 ], [ -122.4208268, 37.7905547 ], [ -122.4207932, 37.7905589 ], [ -122.420728, 37.7905669 ], [ -122.4206986, 37.7905705 ], [ -122.4206041, 37.7905822 ], [ -122.4201695, 37.7906385 ], [ -122.4192161, 37.7907601 ], [ -122.4191599, 37.7907675 ], [ -122.4190565, 37.7907815 ], [ -122.4189633, 37.790794 ], [ -122.4181374, 37.7908976 ], [ -122.4176725, 37.790956 ], [ -122.4175173, 37.7909747 ], [ -122.4174084, 37.7909879 ], [ -122.417375, 37.7909925 ], [ -122.4173078, 37.7910005 ], [ -122.417156, 37.7910184 ], [ -122.4166093, 37.7910879 ], [ -122.4161129, 37.7911477 ], [ -122.4158762, 37.7911773 ], [ -122.4157625, 37.7911923 ], [ -122.4157287, 37.7911965 ], [ -122.4156725, 37.7912042 ], [ -122.414234, 37.7913878 ], [ -122.414119, 37.7914025 ], [ -122.4140906, 37.7914063 ], [ -122.4140274, 37.7914146 ], [ -122.4128995, 37.7915625 ], [ -122.4128077, 37.7915743 ], [ -122.4127899, 37.7915769 ], [ -122.4125997, 37.7916022 ], [ -122.4125904, 37.7916034 ], [ -122.4124766, 37.7916183 ], [ -122.4123879, 37.7916301 ], [ -122.4120662, 37.7916721 ], [ -122.4117259, 37.7917152 ], [ -122.4109725, 37.7918104 ], [ -122.4109447, 37.7918139 ], [ -122.4108295, 37.7918286 ], [ -122.4108179, 37.7918301 ], [ -122.4107276, 37.7918415 ], [ -122.4104526, 37.7918771 ], [ -122.409665, 37.7919756 ], [ -122.409314, 37.7920198 ], [ -122.409304, 37.7920211 ], [ -122.4092319, 37.7920302 ], [ -122.4091995, 37.7920345 ], [ -122.4091816, 37.7920369 ], [ -122.4091636, 37.7920392 ], [ -122.4091395, 37.7920423 ], [ -122.4090908, 37.7920484 ], [ -122.4088249, 37.7920819 ], [ -122.408372, 37.7921386 ], [ -122.4080867, 37.792174 ], [ -122.4075488, 37.7922402 ], [ -122.4075207, 37.7922434 ], [ -122.4074508, 37.7922524 ], [ -122.4067271, 37.7923452 ], [ -122.4060229, 37.7924362 ], [ -122.4059509, 37.7924455 ], [ -122.4059105, 37.792451 ], [ -122.4058852, 37.7924541 ], [ -122.4056647, 37.7924815 ], [ -122.405315, 37.7925268 ], [ -122.4045605, 37.7926247 ], [ -122.4044229, 37.7926425 ], [ -122.4043259, 37.7926549 ], [ -122.4041521, 37.7926772 ], [ -122.4037301, 37.792731 ], [ -122.4034248, 37.7927694 ], [ -122.4029152, 37.7928339 ], [ -122.4028853, 37.7928379 ], [ -122.4027896, 37.7928505 ], [ -122.4027013, 37.7928614 ], [ -122.4019718, 37.7929516 ], [ -122.4012913, 37.7930402 ], [ -122.4012546, 37.7930449 ], [ -122.4011498, 37.7930581 ], [ -122.4010522, 37.7930705 ], [ -122.4000975, 37.7931914 ], [ -122.4000831, 37.7931932 ], [ -122.3999747, 37.793207 ], [ -122.3998749, 37.7932198 ], [ -122.3989422, 37.7933391 ], [ -122.3989004, 37.7933441 ], [ -122.3987994, 37.793357 ], [ -122.3987036, 37.7933691 ], [ -122.3977525, 37.7934893 ], [ -122.397735, 37.7934915 ], [ -122.3976258, 37.7935055 ], [ -122.3975152, 37.7935173 ], [ -122.3970732, 37.793571 ], [ -122.3968299, 37.7936005 ], [ -122.3966898, 37.7936175 ], [ -122.3966372, 37.7936239 ] ] } },
{ "type": "Feature", "properties": { "id": "way/142961076", "@id": "way/142961076", "area": null, "historic": null, "name": null, "railway": "tram", "landuse": null, "operator": "San Francisco Municipal Railway", "bicycle": null, "covered": null, "departures_board": null, "foot": null, "highway": null, "indoor": null, "network": "Muni", "public_transport": null, "ref": null, "surface": null, "train": null, "lit": null, "wheelchair": null, "bench": null, "bin": null, "shelter": null, "owner": "San Francisco Municipal Railway", "building": null, "disused:railway": null, "source": null, "source_ref": null, "level": null, "tactile_paving": null, "addr:city": null, "addr:housenumber": null, "addr:postcode": null, "addr:state": null, "addr:street": null, "addr:street_direction_prefix": null, "industrial": null, "building:levels": null, "height": null, "light_rail": null, "air_conditioning": null, "attribution": null, "bak:fac_type1": null, "internet_access": null, "bus": null, "tram": null, "wheelchair:description": null, "check_date": null, "passenger_information_display": null, "bridge": null, "layer": null, "check_date:lit": null, "trolleybus": null, "bearing": null, "check_date:shelter": null, "tourism": null, "access": null, "subway": null, "location": null, "tunnel": null, "motor_vehicle": null, "operator:wikidata": null, "electrified": "no", "gauge": "1067", "alt_name": null, "note": null, "note:website": null, "phone": null, "railway:position": null, "railway:ref": null, "short_name": null, "website": null, "wikidata": null, "wikipedia": null, "service": null, "length": null, "addr:housename": null, "attraction": null, "monorail": null, "horse": null, "check_date:bin": null, "tiger:county": null, "start_date": null, "check_date:bench": null, "ele": null, "lacounty:ain": null, "lacounty:bld_id": null, "usage": null, "fixme": null, "rail": null, "source:imagery": null, "description": null, "underground": null, "frequency": null, "voltage": null, "network:wikidata": null, "network:wikipedia": null, "operator:wikipedia": null, "owner:wikidata": null, "owner:wikipedia": null, "organization": null, "crossing": null, "official_name": null, "railway:proposed": null, "proposed:public_transport": null, "proposed:railway": null, "proposed:tram": null, "turntable": null, "biotic_reef:type": null, "image": null, "natural": null, "protection_title": null, "reef": null, "ruined": null, "seamark:type": null, "man_made": null, "proposed": null, "wikimedia_commons": null, "addr:country": null, "toilets:wheelchair": null, "baby_feeding": null, "station": null, "railway:preferred_direction": "forward", "oneway": null, "maxspeed": null, "tiger:cfcc": null, "tiger:reviewed": null, "maxspeed:freight": null, "railway:ptc": null, "railway:track_class": null, "railway:track_ref": null, "old_railway_operator": null, "railway:atc": null, "tiger:name_base": null, "railway:traffic_mode": null, "reporting_marks": null, "tunnel:name": null, "segregated": null, "sidewalk": null, "cycleway": null, "tiger:name_type": null, "passenger_lines": null, "passenger": null, "railway:preserved": null, "cycleway:left": null, "cycleway:right": null, "cycleway:right:lane": null, "lcn": null, "lanes": null, "abandoned:railway": null, "abandoned:name": null, "smoothness": null, "tracktype": null, "source:construction": null, "tiger:source": null, "tiger:tlid": null, "tiger:upload_uuid": null, "review": null, "maxspeed:backward": null, "maxspeed:forward": null, "maxspeed:freight:backward": null, "historic:name": null, "historic:operator": null, "historic:usage": null, "bridge:name": null, "operator:short": null, "embankment": null, "old_name": null, "route": null, "type": null, "cutting": null, "vta:id": null, "maxheight": null, "razed:railway": null, "cycleway:both": null, "cycleway:both:lane": null, "lane_markings": null, "name_1": null, "tiger:name_base_1": null, "tiger:name_type_1": null, "width": null, "abandoned": null, "tiger:separated": null, "incline": null, "bridge:movable": null, "bridge:wikidata": null, "bridge:wikipedia": null, "heritage": null, "heritage:operator": null, "ref:nrhp": null, "bridge_ref": null, "milepost:county": null, "source:bridge": null, "source_ref:bridge": null, "hgv": null, "demolished:railway": null, "loc_name": null, "route_ref": null, "embedded": null, "addr:county": null, "ref:lahcm": null, "construction": null, "opening_date": null, "created_by": null, "bridge:alt_name": null, "maxspeed:freight:forward": null, "name:pronunciation": null, "cable_tram": "cable", "ref:cpuc": null, "ref:fra_crossing": null, "flood_prone": null, "motorcycle": null, "bing": null, "railway:cbtc": null, "tunnel:alt_name": null, "ID": null, "assmntdist": null, "built": null, "finish": null, "region": null, "shape_le_1": null, "shape_len": null, "start": null, "winter": null, "highspeed": null, "crossing:markings": null, "tunnel:wikidata": null, "NHS": null, "dog": null, "bridge:structure": null, "builder": null, "line": null, "is_in:state_code": null, "demolished": null, "old_attraction_name": null, "destination:lanes": null, "hov": null, "toll": null, "toll:hov": null, "turn:lanes": null, "railway:interlaced": null, "seasonal:dry_season": null, "seasonal:wet_season": null, "removed:bridge": null, "designation": null, "razed": null, "name:es": null, "destination": null, "lift_chain": null, "source:1": null, "hov:minimum": null, "old_ref": null, "construction:electrified": null, "construction:frequency": null, "construction:railway": null, "construction:voltage": null, "FIXME": null, "abandoned:usage": null, "admin_level": null, "border_type": null, "boundary": null, "ruins:bridge": null, "own": null, "leisure": null, "ohv": null, "source:maxspeed": null, "maxspeed:passenger": null, "was:gauge": null, "was:service": null, "hgv:national_network": null, "source:hgv:national_network": null, "tiger:name_base_2": null, "tiger:name_type_2": null, "nrhp:criteria": null, "nrhp:inscription_date": null, "nrhp:nhl": null, "old_name:1927-1968": null, "ref:cli": null, "name_2": null, "mtb:scale": null, "mtb:scale:uphill": null, "trail_visibility": null, "alt_owner": null, "url": null, "construction:railway:etcs": null, "lanes:backward": null, "lanes:both_ways": null, "lanes:forward": null, "parking:lane:both": null, "turn:lanes:both_ways": null, "disused:service": null, "MAPKEY": null, "OBJECTID": null, "SHAPE_STLe": null, "sccgis:objectid": null, "miniature:scale": null, "colour": null, "turn:lanes:forward": null, "turn:lanes:backward": null, "parking:lane:right": null, "mtb:scale:imba": null, "sac_scale": null, "cycleway:left:oneway": null, "end_date": null, "bus:lanes:backward": null, "bus:lanes:forward": null, "ford": null, "parking:both": null, "parking:both:orientation": null, "historic_usage": null, "construction:maxspeed": null, "proposed:electrified": null, "proposed:frequency": null, "proposed:voltage": null, "abandoned:service": null, "destination:ref": null, "construction:name": null, "construction:network": null, "construction:operator": null, "construction:wikidata": null, "construction:wikipedia": null, "change": null, "railway:disused": null, "crossing:island": null, "source:exit": null, "source:width": null, "footway": null, "disused": null, "contact:email": null, "contact:phone": null, "contact:website": null, "group_only": null, "name:en": null, "change:forward": null, "change:backward": null, "bus:lanes": null, "trolley_wire": null, "abandoned:electrified": null, "crossing:signals": null, "maxweight:hgv": null, "maxweight:hgv:conditional": null, "maxweight:hgv_articulated": null, "razed:service": null, "demolished:bridge": null, "crossing:barrier": null, "tracks": null, "heritage:website": null, "razed:usage": null, "parking:lane:left": null, "imagery": null, "local_ref": null, "crane:type": null, "submerged": null, "construction:gauge": null, "construction:usage": null, "planned": null, "floor": null, "lastcheck": null, "end_date:railway": null, "bridge:ref": null, "not:name": null, "stroller": null, "path": null, "proposed:railway:etcs": null, "was:bridge": null, "Note": null, "name:absent": null, "construction:service": null }, "geometry": { "type": "LineString", "coordinates": [ [ -122.4110147, 37.791832 ], [ -122.4110282, 37.7918304 ], [ -122.4117346, 37.7917406 ], [ -122.4123528, 37.7916621 ], [ -122.4123922, 37.7916572 ], [ -122.4124829, 37.7916454 ], [ -122.4125959, 37.791631 ], [ -122.4131176, 37.7915645 ], [ -122.4139623, 37.7914538 ], [ -122.4140339, 37.7914447 ], [ -122.4141249, 37.7914332 ], [ -122.4142405, 37.7914186 ], [ -122.415597, 37.7912483 ], [ -122.4156796, 37.791238 ], [ -122.41577, 37.7912245 ], [ -122.4158827, 37.7912085 ], [ -122.4163782, 37.7911471 ], [ -122.4164753, 37.7911341 ], [ -122.4168602, 37.7910822 ], [ -122.4171724, 37.7910424 ] ] } },
{ "type": "Feature", "properties": { "id": "way/144346317", "@id": "way/144346317", "area": null, "historic": null, "name": null, "railway": "tram", "landuse": null, "operator": "San Francisco Municipal Railway", "bicycle": null, "covered": null, "departures_board": null, "foot": null, "highway": null, "indoor": null, "network": "Muni", "public_transport": null, "ref": null, "surface": null, "train": null, "lit": null, "wheelchair": null, "bench": null, "bin": null, "shelter": null, "owner": "San Francisco Municipal Railway", "building": null, "disused:railway": null, "source": null, "source_ref": null, "level": null, "tactile_paving": null, "addr:city": null, "addr:housenumber": null, "addr:postcode": null, "addr:state": null, "addr:street": null, "addr:street_direction_prefix": null, "industrial": null, "building:levels": null, "height": null, "light_rail": null, "air_conditioning": null, "attribution": null, "bak:fac_type1": null, "internet_access": null, "bus": null, "tram": null, "wheelchair:description": null, "check_date": null, "passenger_information_display": null, "bridge": null, "layer": null, "check_date:lit": null, "trolleybus": null, "bearing": null, "check_date:shelter": null, "tourism": null, "access": null, "subway": null, "location": null, "tunnel": null, "motor_vehicle": null, "operator:wikidata": null, "electrified": "no", "gauge": "1067", "alt_name": null, "note": null, "note:website": null, "phone": null, "railway:position": null, "railway:ref": null, "short_name": null, "website": null, "wikidata": null, "wikipedia": null, "service": "crossover", "length": null, "addr:housename": null, "attraction": null, "monorail": null, "horse": null, "check_date:bin": null, "tiger:county": null, "start_date": null, "check_date:bench": null, "ele": null, "lacounty:ain": null, "lacounty:bld_id": null, "usage": null, "fixme": null, "rail": null, "source:imagery": null, "description": null, "underground": null, "frequency": null, "voltage": null, "network:wikidata": null, "network:wikipedia": null, "operator:wikipedia": null, "owner:wikidata": null, "owner:wikipedia": null, "organization": null, "crossing": null, "official_name": null, "railway:proposed": null, "proposed:public_transport": null, "proposed:railway": null, "proposed:tram": null, "turntable": null, "biotic_reef:type": null, "image": null, "natural": null, "protection_title": null, "reef": null, "ruined": null, "seamark:type": null, "man_made": null, "proposed": null, "wikimedia_commons": null, "addr:country": null, "toilets:wheelchair": null, "baby_feeding": null, "station": null, "railway:preferred_direction": null, "oneway": null, "maxspeed": null, "tiger:cfcc": null, "tiger:reviewed": null, "maxspeed:freight": null, "railway:ptc": null, "railway:track_class": null, "railway:track_ref": null, "old_railway_operator": null, "railway:atc": null, "tiger:name_base": null, "railway:traffic_mode": null, "reporting_marks": null, "tunnel:name": null, "segregated": null, "sidewalk": null, "cycleway": null, "tiger:name_type": null, "passenger_lines": null, "passenger": null, "railway:preserved": null, "cycleway:left": null, "cycleway:right": null, "cycleway:right:lane": null, "lcn": null, "lanes": null, "abandoned:railway": null, "abandoned:name": null, "smoothness": null, "tracktype": null, "source:construction": null, "tiger:source": null, "tiger:tlid": null, "tiger:upload_uuid": null, "review": null, "maxspeed:backward": null, "maxspeed:forward": null, "maxspeed:freight:backward": null, "historic:name": null, "historic:operator": null, "historic:usage": null, "bridge:name": null, "operator:short": null, "embankment": null, "old_name": null, "route": null, "type": null, "cutting": null, "vta:id": null, "maxheight": null, "razed:railway": null, "cycleway:both": null, "cycleway:both:lane": null, "lane_markings": null, "name_1": null, "tiger:name_base_1": null, "tiger:name_type_1": null, "width": null, "abandoned": null, "tiger:separated": null, "incline": null, "bridge:movable": null, "bridge:wikidata": null, "bridge:wikipedia": null, "heritage": null, "heritage:operator": null, "ref:nrhp": null, "bridge_ref": null, "milepost:county": null, "source:bridge": null, "source_ref:bridge": null, "hgv": null, "demolished:railway": null, "loc_name": null, "route_ref": null, "embedded": null, "addr:county": null, "ref:lahcm": null, "construction": null, "opening_date": null, "created_by": null, "bridge:alt_name": null, "maxspeed:freight:forward": null, "name:pronunciation": null, "cable_tram": null, "ref:cpuc": null, "ref:fra_crossing": null, "flood_prone": null, "motorcycle": null, "bing": null, "railway:cbtc": null, "tunnel:alt_name": null, "ID": null, "assmntdist": null, "built": null, "finish": null, "region": null, "shape_le_1": null, "shape_len": null, "start": null, "winter": null, "highspeed": null, "crossing:markings": null, "tunnel:wikidata": null, "NHS": null, "dog": null, "bridge:structure": null, "builder": null, "line": null, "is_in:state_code": null, "demolished": null, "old_attraction_name": null, "destination:lanes": null, "hov": null, "toll": null, "toll:hov": null, "turn:lanes": null, "railway:interlaced": null, "seasonal:dry_season": null, "seasonal:wet_season": null, "removed:bridge": null, "designation": null, "razed": null, "name:es": null, "destination": null, "lift_chain": null, "source:1": null, "hov:minimum": null, "old_ref": null, "construction:electrified": null, "construction:frequency": null, "construction:railway": null, "construction:voltage": null, "FIXME": null, "abandoned:usage": null, "admin_level": null, "border_type": null, "boundary": null, "ruins:bridge": null, "own": null, "leisure": null, "ohv": null, "source:maxspeed": null, "maxspeed:passenger": null, "was:gauge": null, "was:service": null, "hgv:national_network": null, "source:hgv:national_network": null, "tiger:name_base_2": null, "tiger:name_type_2": null, "nrhp:criteria": null, "nrhp:inscription_date": null, "nrhp:nhl": null, "old_name:1927-1968": null, "ref:cli": null, "name_2": null, "mtb:scale": null, "mtb:scale:uphill": null, "trail_visibility": null, "alt_owner": null, "url": null, "construction:railway:etcs": null, "lanes:backward": null, "lanes:both_ways": null, "lanes:forward": null, "parking:lane:both": null, "turn:lanes:both_ways": null, "disused:service": null, "MAPKEY": null, "OBJECTID": null, "SHAPE_STLe": null, "sccgis:objectid": null, "miniature:scale": null, "colour": null, "turn:lanes:forward": null, "turn:lanes:backward": null, "parking:lane:right": null, "mtb:scale:imba": null, "sac_scale": null, "cycleway:left:oneway": null, "end_date": null, "bus:lanes:backward": null, "bus:lanes:forward": null, "ford": null, "parking:both": null, "parking:both:orientation": null, "historic_usage": null, "construction:maxspeed": null, "proposed:electrified": null, "proposed:frequency": null, "proposed:voltage": null, "abandoned:service": null, "destination:ref": null, "construction:name": null, "construction:network": null, "construction:operator": null, "construction:wikidata": null, "construction:wikipedia": null, "change": null, "railway:disused": null, "crossing:island": null, "source:exit": null, "source:width": null, "footway": null, "disused": null, "contact:email": null, "contact:phone": null, "contact:website": null, "group_only": null, "name:en": null, "change:forward": null, "change:backward": null, "bus:lanes": null, "trolley_wire": null, "abandoned:electrified": null, "crossing:signals": null, "maxweight:hgv": null, "maxweight:hgv:conditional": null, "maxweight:hgv_articulated": null, "razed:service": null, "demolished:bridge": null, "crossing:barrier": null, "tracks": null, "heritage:website": null, "razed:usage": null, "parking:lane:left": null, "imagery": null, "local_ref": null, "crane:type": null, "submerged": null, "construction:gauge": null, "construction:usage": null, "planned": null, "floor": null, "lastcheck": null, "end_date:railway": null, "bridge:ref": null, "not:name": null, "stroller": null, "path": null, "proposed:railway:etcs": null, "was:bridge": null, "Note": null, "name:absent": null, "construction:service": null }, "geometry": { "type": "LineString", "coordinates": [ [ -122.4168602, 37.7910822 ], [ -122.4168089, 37.7910866 ], [ -122.4167818, 37.7910881 ], [ -122.4167574, 37.7910882 ], [ -122.4167217, 37.7910871 ], [ -122.4166887, 37.791086 ], [ -122.4166634, 37.7910852 ], [ -122.4166437, 37.7910856 ], [ -122.4166093, 37.7910879 ] ] } },
{ "type": "Feature", "properties": { "id": "way/144783747", "@id": "way/144783747", "area": null, "historic": null, "name": null, "railway": "tram", "landuse": null, "operator": "San Francisco Municipal Railway", "bicycle": null, "covered": null, "departures_board": null, "foot": null, "highway": null, "indoor": null, "network": "Muni", "public_transport": null, "ref": null, "surface": null, "train": null, "lit": null, "wheelchair": null, "bench": null, "bin": null, "shelter": null, "owner": "San Francisco Municipal Railway", "building": null, "disused:railway": null, "source": null, "source_ref": null, "level": null, "tactile_paving": null, "addr:city": null, "addr:housenumber": null, "addr:postcode": null, "addr:state": null, "addr:street": null, "addr:street_direction_prefix": null, "industrial": null, "building:levels": null, "height": null, "light_rail": null, "air_conditioning": null, "attribution": null, "bak:fac_type1": null, "internet_access": null, "bus": null, "tram": null, "wheelchair:description": null, "check_date": null, "passenger_information_display": null, "bridge": null, "layer": null, "check_date:lit": null, "trolleybus": null, "bearing": null, "check_date:shelter": null, "tourism": null, "access": null, "subway": null, "location": null, "tunnel": null, "motor_vehicle": null, "operator:wikidata": null, "electrified": "no", "gauge": "1067", "alt_name": null, "note": null, "note:website": null, "phone": null, "railway:position": null, "railway:ref": null, "short_name": null, "website": null, "wikidata": null, "wikipedia": null, "service": null, "length": null, "addr:housename": null, "attraction": null, "monorail": null, "horse": null, "check_date:bin": null, "tiger:county": null, "start_date": null, "check_date:bench": null, "ele": null, "lacounty:ain": null, "lacounty:bld_id": null, "usage": null, "fixme": null, "rail": null, "source:imagery": null, "description": null, "underground": null, "frequency": null, "voltage": null, "network:wikidata": null, "network:wikipedia": null, "operator:wikipedia": null, "owner:wikidata": null, "owner:wikipedia": null, "organization": null, "crossing": null, "official_name": null, "railway:proposed": null, "proposed:public_transport": null, "proposed:railway": null, "proposed:tram": null, "turntable": null, "biotic_reef:type": null, "image": null, "natural": null, "protection_title": null, "reef": null, "ruined": null, "seamark:type": null, "man_made": null, "proposed": null, "wikimedia_commons": null, "addr:country": null, "toilets:wheelchair": null, "baby_feeding": null, "station": null, "railway:preferred_direction": "forward", "oneway": null, "maxspeed": "9.5 mph", "tiger:cfcc": null, "tiger:reviewed": null, "maxspeed:freight": null, "railway:ptc": null, "railway:track_class": null, "railway:track_ref": null, "old_railway_operator": null, "railway:atc": null, "tiger:name_base": null, "railway:traffic_mode": null, "reporting_marks": null, "tunnel:name": null, "segregated": null, "sidewalk": null, "cycleway": null, "tiger:name_type": null, "passenger_lines": null, "passenger": null, "railway:preserved": null, "cycleway:left": null, "cycleway:right": null, "cycleway:right:lane": null, "lcn": null, "lanes": null, "abandoned:railway": null, "abandoned:name": null, "smoothness": null, "tracktype": null, "source:construction": null, "tiger:source": null, "tiger:tlid": null, "tiger:upload_uuid": null, "review": null, "maxspeed:backward": null, "maxspeed:forward": null, "maxspeed:freight:backward": null, "historic:name": null, "historic:operator": null, "historic:usage": null, "bridge:name": null, "operator:short": null, "embankment": null, "old_name": null, "route": null, "type": null, "cutting": null, "vta:id": null, "maxheight": null, "razed:railway": null, "cycleway:both": null, "cycleway:both:lane": null, "lane_markings": null, "name_1": null, "tiger:name_base_1": null, "tiger:name_type_1": null, "width": null, "abandoned": null, "tiger:separated": null, "incline": null, "bridge:movable": null, "bridge:wikidata": null, "bridge:wikipedia": null, "heritage": null, "heritage:operator": null, "ref:nrhp": null, "bridge_ref": null, "milepost:county": null, "source:bridge": null, "source_ref:bridge": null, "hgv": null, "demolished:railway": null, "loc_name": null, "route_ref": null, "embedded": null, "addr:county": null, "ref:lahcm": null, "construction": null, "opening_date": null, "created_by": null, "bridge:alt_name": null, "maxspeed:freight:forward": null, "name:pronunciation": null, "cable_tram": "cable", "ref:cpuc": null, "ref:fra_crossing": null, "flood_prone": null, "motorcycle": null, "bing": null, "railway:cbtc": null, "tunnel:alt_name": null, "ID": null, "assmntdist": null, "built": null, "finish": null, "region": null, "shape_le_1": null, "shape_len": null, "start": null, "winter": null, "highspeed": null, "crossing:markings": null, "tunnel:wikidata": null, "NHS": null, "dog": null, "bridge:structure": null, "builder": null, "line": null, "is_in:state_code": null, "demolished": null, "old_attraction_name": null, "destination:lanes": null, "hov": null, "toll": null, "toll:hov": null, "turn:lanes": null, "railway:interlaced": null, "seasonal:dry_season": null, "seasonal:wet_season": null, "removed:bridge": null, "designation": null, "razed": null, "name:es": null, "destination": null, "lift_chain": null, "source:1": null, "hov:minimum": null, "old_ref": null, "construction:electrified": null, "construction:frequency": null, "construction:railway": null, "construction:voltage": null, "FIXME": null, "abandoned:usage": null, "admin_level": null, "border_type": null, "boundary": null, "ruins:bridge": null, "own": null, "leisure": null, "ohv": null, "source:maxspeed": null, "maxspeed:passenger": null, "was:gauge": null, "was:service": null, "hgv:national_network": null, "source:hgv:national_network": null, "tiger:name_base_2": null, "tiger:name_type_2": null, "nrhp:criteria": null, "nrhp:inscription_date": null, "nrhp:nhl": null, "old_name:1927-1968": null, "ref:cli": null, "name_2": null, "mtb:scale": null, "mtb:scale:uphill": null, "trail_visibility": null, "alt_owner": null, "url": null, "construction:railway:etcs": null, "lanes:backward": null, "lanes:both_ways": null, "lanes:forward": null, "parking:lane:both": null, "turn:lanes:both_ways": null, "disused:service": null, "MAPKEY": null, "OBJECTID": null, "SHAPE_STLe": null, "sccgis:objectid": null, "miniature:scale": null, "colour": null, "turn:lanes:forward": null, "turn:lanes:backward": null, "parking:lane:right": null, "mtb:scale:imba": null, "sac_scale": null, "cycleway:left:oneway": null, "end_date": null, "bus:lanes:backward": null, "bus:lanes:forward": null, "ford": null, "parking:both": null, "parking:both:orientation": null, "historic_usage": null, "construction:maxspeed": null, "proposed:electrified": null, "proposed:frequency": null, "proposed:voltage": null, "abandoned:service": null, "destination:ref": null, "construction:name": null, "construction:network": null, "construction:operator": null, "construction:wikidata": null, "construction:wikipedia": null, "change": null, "railway:disused": null, "crossing:island": null, "source:exit": null, "source:width": null, "footway": null, "disused": null, "contact:email": null, "contact:phone": null, "contact:website": null, "group_only": null, "name:en": null, "change:forward": null, "change:backward": null, "bus:lanes": null, "trolley_wire": null, "abandoned:electrified": null, "crossing:signals": null, "maxweight:hgv": null, "maxweight:hgv:conditional": null, "maxweight:hgv_articulated": null, "razed:service": null, "demolished:bridge": null, "crossing:barrier": null, "tracks": null, "heritage:website": null, "razed:usage": null, "parking:lane:left": null, "imagery": null, "local_ref": null, "crane:type": null, "submerged": null, "construction:gauge": null, "construction:usage": null, "planned": null, "floor": null, "lastcheck": null, "end_date:railway": null, "bridge:ref": null, "not:name": null, "stroller": null, "path": null, "proposed:railway:etcs": null, "was:bridge": null, "Note": null, "name:absent": null, "construction:service": null }, "geometry": { "type": "LineString", "coordinates": [ [ -122.3962674, 37.7937051 ], [ -122.3962811, 37.7937006 ], [ -122.3963539, 37.7936943 ], [ -122.3964814, 37.7936781 ], [ -122.3965619, 37.793668 ], [ -122.3974764, 37.7935522 ], [ -122.3975218, 37.7935464 ], [ -122.3976311, 37.7935324 ], [ -122.39774, 37.7935187 ], [ -122.3986691, 37.7934019 ], [ -122.3987089, 37.7933965 ], [ -122.3988048, 37.7933835 ], [ -122.3989044, 37.7933708 ], [ -122.3998155, 37.7932552 ], [ -122.3998805, 37.793247 ], [ -122.3999806, 37.7932343 ], [ -122.4000888, 37.7932206 ], [ -122.4010244, 37.7931023 ], [ -122.4010572, 37.7930981 ], [ -122.4011558, 37.7930853 ], [ -122.4012606, 37.793072 ], [ -122.4019774, 37.792981 ], [ -122.402656, 37.7928936 ], [ -122.4027071, 37.7928876 ], [ -122.4027948, 37.7928773 ], [ -122.4028912, 37.7928651 ], [ -122.4034847, 37.7927898 ], [ -122.4038343, 37.7927455 ], [ -122.4042862, 37.7926888 ], [ -122.4043316, 37.7926828 ], [ -122.4044284, 37.7926701 ], [ -122.4045662, 37.7926526 ], [ -122.4056631, 37.7925135 ], [ -122.4058914, 37.7924846 ], [ -122.4059495, 37.7924773 ], [ -122.4059572, 37.7924764 ], [ -122.4060292, 37.7924674 ], [ -122.4067347, 37.7923794 ], [ -122.4068856, 37.7923605 ], [ -122.4074584, 37.7922888 ], [ -122.4075557, 37.7922766 ], [ -122.4075668, 37.792275 ], [ -122.4081123, 37.7922071 ], [ -122.4083765, 37.7921697 ], [ -122.4088484, 37.792109 ], [ -122.4090962, 37.7920753 ], [ -122.4091451, 37.7920693 ], [ -122.4091691, 37.7920662 ], [ -122.4091868, 37.7920639 ], [ -122.4092045, 37.7920616 ], [ -122.4092375, 37.7920573 ], [ -122.4093096, 37.7920488 ], [ -122.409424, 37.7920354 ], [ -122.4107332, 37.791868 ], [ -122.4107628, 37.7918642 ] ] } },
{ "type": "Feature", "properties": { "id": "way/198001185", "@id": "way/198001185", "area": null, "historic": null, "name": null, "railway": "tram", "landuse": null, "operator": "San Francisco Municipal Railway", "bicycle": null, "covered": null, "departures_board": null, "foot": null, "highway": null, "indoor": null, "network": "Muni", "public_transport": null, "ref": null, "surface": null, "train": null, "lit": null, "wheelchair": null, "bench": null, "bin": null, "shelter": null, "owner": "San Francisco Municipal Railway", "building": null, "disused:railway": null, "source": "Bing", "source_ref": null, "level": null, "tactile_paving": null, "addr:city": null, "addr:housenumber": null, "addr:postcode": null, "addr:state": null, "addr:street": null, "addr:street_direction_prefix": null, "industrial": null, "building:levels": null, "height": null, "light_rail": null, "air_conditioning": null, "attribution": null, "bak:fac_type1": null, "internet_access": null, "bus": null, "tram": null, "wheelchair:description": null, "check_date": null, "passenger_information_display": null, "bridge": null, "layer": null, "check_date:lit": null, "trolleybus": null, "bearing": null, "check_date:shelter": null, "tourism": null, "access": null, "subway": null, "location": null, "tunnel": null, "motor_vehicle": null, "operator:wikidata": null, "electrified": "no", "gauge": "1067", "alt_name": null, "note": null, "note:website": null, "phone": null, "railway:position": null, "railway:ref": null, "short_name": null, "website": null, "wikidata": null, "wikipedia": null, "service": "crossover", "length": null, "addr:housename": null, "attraction": null, "monorail": null, "horse": null, "check_date:bin": null, "tiger:county": null, "start_date": null, "check_date:bench": null, "ele": null, "lacounty:ain": null, "lacounty:bld_id": null, "usage": null, "fixme": null, "rail": null, "source:imagery": null, "description": null, "underground": null, "frequency": null, "voltage": null, "network:wikidata": null, "network:wikipedia": null, "operator:wikipedia": null, "owner:wikidata": null, "owner:wikipedia": null, "organization": null, "crossing": null, "official_name": null, "railway:proposed": null, "proposed:public_transport": null, "proposed:railway": null, "proposed:tram": null, "turntable": null, "biotic_reef:type": null, "image": null, "natural": null, "protection_title": null, "reef": null, "ruined": null, "seamark:type": null, "man_made": null, "proposed": null, "wikimedia_commons": null, "addr:country": null, "toilets:wheelchair": null, "baby_feeding": null, "station": null, "railway:preferred_direction": null, "oneway": null, "maxspeed": null, "tiger:cfcc": null, "tiger:reviewed": null, "maxspeed:freight": null, "railway:ptc": null, "railway:track_class": null, "railway:track_ref": null, "old_railway_operator": null, "railway:atc": null, "tiger:name_base": null, "railway:traffic_mode": null, "reporting_marks": null, "tunnel:name": null, "segregated": null, "sidewalk": null, "cycleway": null, "tiger:name_type": null, "passenger_lines": null, "passenger": null, "railway:preserved": null, "cycleway:left": null, "cycleway:right": null, "cycleway:right:lane": null, "lcn": null, "lanes": null, "abandoned:railway": null, "abandoned:name": null, "smoothness": null, "tracktype": null, "source:construction": null, "tiger:source": null, "tiger:tlid": null, "tiger:upload_uuid": null, "review": null, "maxspeed:backward": null, "maxspeed:forward": null, "maxspeed:freight:backward": null, "historic:name": null, "historic:operator": null, "historic:usage": null, "bridge:name": null, "operator:short": null, "embankment": null, "old_name": null, "route": null, "type": null, "cutting": null, "vta:id": null, "maxheight": null, "razed:railway": null, "cycleway:both": null, "cycleway:both:lane": null, "lane_markings": null, "name_1": null, "tiger:name_base_1": null, "tiger:name_type_1": null, "width": null, "abandoned": null, "tiger:separated": null, "incline": null, "bridge:movable": null, "bridge:wikidata": null, "bridge:wikipedia": null, "heritage": null, "heritage:operator": null, "ref:nrhp": null, "bridge_ref": null, "milepost:county": null, "source:bridge": null, "source_ref:bridge": null, "hgv": null, "demolished:railway": null, "loc_name": null, "route_ref": null, "embedded": null, "addr:county": null, "ref:lahcm": null, "construction": null, "opening_date": null, "created_by": null, "bridge:alt_name": null, "maxspeed:freight:forward": null, "name:pronunciation": null, "cable_tram": null, "ref:cpuc": null, "ref:fra_crossing": null, "flood_prone": null, "motorcycle": null, "bing": null, "railway:cbtc": null, "tunnel:alt_name": null, "ID": null, "assmntdist": null, "built": null, "finish": null, "region": null, "shape_le_1": null, "shape_len": null, "start": null, "winter": null, "highspeed": null, "crossing:markings": null, "tunnel:wikidata": null, "NHS": null, "dog": null, "bridge:structure": null, "builder": null, "line": null, "is_in:state_code": null, "demolished": null, "old_attraction_name": null, "destination:lanes": null, "hov": null, "toll": null, "toll:hov": null, "turn:lanes": null, "railway:interlaced": null, "seasonal:dry_season": null, "seasonal:wet_season": null, "removed:bridge": null, "designation": null, "razed": null, "name:es": null, "destination": null, "lift_chain": null, "source:1": null, "hov:minimum": null, "old_ref": null, "construction:electrified": null, "construction:frequency": null, "construction:railway": null, "construction:voltage": null, "FIXME": null, "abandoned:usage": null, "admin_level": null, "border_type": null, "boundary": null, "ruins:bridge": null, "own": null, "leisure": null, "ohv": null, "source:maxspeed": null, "maxspeed:passenger": null, "was:gauge": null, "was:service": null, "hgv:national_network": null, "source:hgv:national_network": null, "tiger:name_base_2": null, "tiger:name_type_2": null, "nrhp:criteria": null, "nrhp:inscription_date": null, "nrhp:nhl": null, "old_name:1927-1968": null, "ref:cli": null, "name_2": null, "mtb:scale": null, "mtb:scale:uphill": null, "trail_visibility": null, "alt_owner": null, "url": null, "construction:railway:etcs": null, "lanes:backward": null, "lanes:both_ways": null, "lanes:forward": null, "parking:lane:both": null, "turn:lanes:both_ways": null, "disused:service": null, "MAPKEY": null, "OBJECTID": null, "SHAPE_STLe": null, "sccgis:objectid": null, "miniature:scale": null, "colour": null, "turn:lanes:forward": null, "turn:lanes:backward": null, "parking:lane:right": null, "mtb:scale:imba": null, "sac_scale": null, "cycleway:left:oneway": null, "end_date": null, "bus:lanes:backward": null, "bus:lanes:forward": null, "ford": null, "parking:both": null, "parking:both:orientation": null, "historic_usage": null, "construction:maxspeed": null, "proposed:electrified": null, "proposed:frequency": null, "proposed:voltage": null, "abandoned:service": null, "destination:ref": null, "construction:name": null, "construction:network": null, "construction:operator": null, "construction:wikidata": null, "construction:wikipedia": null, "change": null, "railway:disused": null, "crossing:island": null, "source:exit": null, "source:width": null, "footway": null, "disused": null, "contact:email": null, "contact:phone": null, "contact:website": null, "group_only": null, "name:en": null, "change:forward": null, "change:backward": null, "bus:lanes": null, "trolley_wire": null, "abandoned:electrified": null, "crossing:signals": null, "maxweight:hgv": null, "maxweight:hgv:conditional": null, "maxweight:hgv_articulated": null, "razed:service": null, "demolished:bridge": null, "crossing:barrier": null, "tracks": null, "heritage:website": null, "razed:usage": null, "parking:lane:left": null, "imagery": null, "local_ref": null, "crane:type": null, "submerged": null, "construction:gauge": null, "construction:usage": null, "planned": null, "floor": null, "lastcheck": null, "end_date:railway": null, "bridge:ref": null, "not:name": null, "stroller": null, "path": null, "proposed:railway:etcs": null, "was:bridge": null, "Note": null, "name:absent": null, "construction:service": null }, "geometry": { "type": "LineString", "coordinates": [ [ -122.4131176, 37.7915645 ], [ -122.413069, 37.7915698 ], [ -122.4130355, 37.791572 ], [ -122.4130012, 37.7915723 ], [ -122.4129514, 37.79157 ], [ -122.412927, 37.7915691 ], [ -122.412902, 37.7915691 ], [ -122.4128957, 37.7915691 ], [ -122.4128648, 37.7915706 ], [ -122.4128083, 37.7915764 ], [ -122.4127899, 37.7915769 ] ] } },
{ "type": "Feature", "properties": { "id": "way/198001186", "@id": "way/198001186", "area": null, "historic": null, "name": null, "railway": "tram", "landuse": null, "operator": "San Francisco Municipal Railway", "bicycle": null, "covered": null, "departures_board": null, "foot": null, "highway": null, "indoor": null, "network": "Muni", "public_transport": null, "ref": null, "surface": null, "train": null, "lit": null, "wheelchair": null, "bench": null, "bin": null, "shelter": null, "owner": "San Francisco Municipal Railway", "building": null, "disused:railway": null, "source": null, "source_ref": null, "level": null, "tactile_paving": null, "addr:city": null, "addr:housenumber": null, "addr:postcode": null, "addr:state": null, "addr:street": null, "addr:street_direction_prefix": null, "industrial": null, "building:levels": null, "height": null, "light_rail": null, "air_conditioning": null, "attribution": null, "bak:fac_type1": null, "internet_access": null, "bus": null, "tram": null, "wheelchair:description": null, "check_date": null, "passenger_information_display": null, "bridge": null, "layer": null, "check_date:lit": null, "trolleybus": null, "bearing": null, "check_date:shelter": null, "tourism": null, "access": null, "subway": null, "location": null, "tunnel": null, "motor_vehicle": null, "operator:wikidata": null, "electrified": "no", "gauge": "1067", "alt_name": null, "note": null, "note:website": null, "phone": null, "railway:position": null, "railway:ref": null, "short_name": null, "website": null, "wikidata": null, "wikipedia": null, "service": "crossover", "length": null, "addr:housename": null, "attraction": null, "monorail": null, "horse": null, "check_date:bin": null, "tiger:county": null, "start_date": null, "check_date:bench": null, "ele": null, "lacounty:ain": null, "lacounty:bld_id": null, "usage": null, "fixme": null, "rail": null, "source:imagery": null, "description": null, "underground": null, "frequency": null, "voltage": null, "network:wikidata": null, "network:wikipedia": null, "operator:wikipedia": null, "owner:wikidata": null, "owner:wikipedia": null, "organization": null, "crossing": null, "official_name": null, "railway:proposed": null, "proposed:public_transport": null, "proposed:railway": null, "proposed:tram": null, "turntable": null, "biotic_reef:type": null, "image": null, "natural": null, "protection_title": null, "reef": null, "ruined": null, "seamark:type": null, "man_made": null, "proposed": null, "wikimedia_commons": null, "addr:country": null, "toilets:wheelchair": null, "baby_feeding": null, "station": null, "railway:preferred_direction": null, "oneway": null, "maxspeed": null, "tiger:cfcc": null, "tiger:reviewed": null, "maxspeed:freight": null, "railway:ptc": null, "railway:track_class": null, "railway:track_ref": null, "old_railway_operator": null, "railway:atc": null, "tiger:name_base": null, "railway:traffic_mode": null, "reporting_marks": null, "tunnel:name": null, "segregated": null, "sidewalk": null, "cycleway": null, "tiger:name_type": null, "passenger_lines": null, "passenger": null, "railway:preserved": null, "cycleway:left": null, "cycleway:right": null, "cycleway:right:lane": null, "lcn": null, "lanes": null, "abandoned:railway": null, "abandoned:name": null, "smoothness": null, "tracktype": null, "source:construction": null, "tiger:source": null, "tiger:tlid": null, "tiger:upload_uuid": null, "review": null, "maxspeed:backward": null, "maxspeed:forward": null, "maxspeed:freight:backward": null, "historic:name": null, "historic:operator": null, "historic:usage": null, "bridge:name": null, "operator:short": null, "embankment": null, "old_name": null, "route": null, "type": null, "cutting": null, "vta:id": null, "maxheight": null, "razed:railway": null, "cycleway:both": null, "cycleway:both:lane": null, "lane_markings": null, "name_1": null, "tiger:name_base_1": null, "tiger:name_type_1": null, "width": null, "abandoned": null, "tiger:separated": null, "incline": null, "bridge:movable": null, "bridge:wikidata": null, "bridge:wikipedia": null, "heritage": null, "heritage:operator": null, "ref:nrhp": null, "bridge_ref": null, "milepost:county": null, "source:bridge": null, "source_ref:bridge": null, "hgv": null, "demolished:railway": null, "loc_name": null, "route_ref": null, "embedded": null, "addr:county": null, "ref:lahcm": null, "construction": null, "opening_date": null, "created_by": null, "bridge:alt_name": null, "maxspeed:freight:forward": null, "name:pronunciation": null, "cable_tram": null, "ref:cpuc": null, "ref:fra_crossing": null, "flood_prone": null, "motorcycle": null, "bing": null, "railway:cbtc": null, "tunnel:alt_name": null, "ID": null, "assmntdist": null, "built": null, "finish": null, "region": null, "shape_le_1": null, "shape_len": null, "start": null, "winter": null, "highspeed": null, "crossing:markings": null, "tunnel:wikidata": null, "NHS": null, "dog": null, "bridge:structure": null, "builder": null, "line": null, "is_in:state_code": null, "demolished": null, "old_attraction_name": null, "destination:lanes": null, "hov": null, "toll": null, "toll:hov": null, "turn:lanes": null, "railway:interlaced": null, "seasonal:dry_season": null, "seasonal:wet_season": null, "removed:bridge": null, "designation": null, "razed": null, "name:es": null, "destination": null, "lift_chain": null, "source:1": null, "hov:minimum": null, "old_ref": null, "construction:electrified": null, "construction:frequency": null, "construction:railway": null, "construction:voltage": null, "FIXME": null, "abandoned:usage": null, "admin_level": null, "border_type": null, "boundary": null, "ruins:bridge": null, "own": null, "leisure": null, "ohv": null, "source:maxspeed": null, "maxspeed:passenger": null, "was:gauge": null, "was:service": null, "hgv:national_network": null, "source:hgv:national_network": null, "tiger:name_base_2": null, "tiger:name_type_2": null, "nrhp:criteria": null, "nrhp:inscription_date": null, "nrhp:nhl": null, "old_name:1927-1968": null, "ref:cli": null, "name_2": null, "mtb:scale": null, "mtb:scale:uphill": null, "trail_visibility": null, "alt_owner": null, "url": null, "construction:railway:etcs": null, "lanes:backward": null, "lanes:both_ways": null, "lanes:forward": null, "parking:lane:both": null, "turn:lanes:both_ways": null, "disused:service": null, "MAPKEY": null, "OBJECTID": null, "SHAPE_STLe": null, "sccgis:objectid": null, "miniature:scale": null, "colour": null, "turn:lanes:forward": null, "turn:lanes:backward": null, "parking:lane:right": null, "mtb:scale:imba": null, "sac_scale": null, "cycleway:left:oneway": null, "end_date": null, "bus:lanes:backward": null, "bus:lanes:forward": null, "ford": null, "parking:both": null, "parking:both:orientation": null, "historic_usage": null, "construction:maxspeed": null, "proposed:electrified": null, "proposed:frequency": null, "proposed:voltage": null, "abandoned:service": null, "destination:ref": null, "construction:name": null, "construction:network": null, "construction:operator": null, "construction:wikidata": null, "construction:wikipedia": null, "change": null, "railway:disused": null, "crossing:island": null, "source:exit": null, "source:width": null, "footway": null, "disused": null, "contact:email": null, "contact:phone": null, "contact:website": null, "group_only": null, "name:en": null, "change:forward": null, "change:backward": null, "bus:lanes": null, "trolley_wire": null, "abandoned:electrified": null, "crossing:signals": null, "maxweight:hgv": null, "maxweight:hgv:conditional": null, "maxweight:hgv_articulated": null, "razed:service": null, "demolished:bridge": null, "crossing:barrier": null, "tracks": null, "heritage:website": null, "razed:usage": null, "parking:lane:left": null, "imagery": null, "local_ref": null, "crane:type": null, "submerged": null, "construction:gauge": null, "construction:usage": null, "planned": null, "floor": null, "lastcheck": null, "end_date:railway": null, "bridge:ref": null, "not:name": null, "stroller": null, "path": null, "proposed:railway:etcs": null, "was:bridge": null, "Note": null, "name:absent": null, "construction:service": null }, "geometry": { "type": "LineString", "coordinates": [ [ -122.4037301, 37.792731 ], [ -122.4036726, 37.7927433 ], [ -122.4036376, 37.792753 ], [ -122.4036042, 37.7927626 ], [ -122.4035764, 37.7927703 ], [ -122.4035471, 37.7927779 ], [ -122.4035156, 37.7927844 ], [ -122.4034847, 37.7927898 ] ] } },
{ "type": "Feature", "properties": { "id": "way/680987090", "@id": "way/680987090", "area": null, "historic": null, "name": null, "railway": "tram", "landuse": null, "operator": "San Francisco Municipal Railway", "bicycle": null, "covered": null, "departures_board": null, "foot": null, "highway": null, "indoor": null, "network": "Muni", "public_transport": null, "ref": null, "surface": null, "train": null, "lit": null, "wheelchair": null, "bench": null, "bin": null, "shelter": null, "owner": "San Francisco Municipal Railway", "building": null, "disused:railway": null, "source": null, "source_ref": null, "level": null, "tactile_paving": null, "addr:city": null, "addr:housenumber": null, "addr:postcode": null, "addr:state": null, "addr:street": null, "addr:street_direction_prefix": null, "industrial": null, "building:levels": null, "height": null, "light_rail": null, "air_conditioning": null, "attribution": null, "bak:fac_type1": null, "internet_access": null, "bus": null, "tram": null, "wheelchair:description": null, "check_date": null, "passenger_information_display": null, "bridge": null, "layer": null, "check_date:lit": null, "trolleybus": null, "bearing": null, "check_date:shelter": null, "tourism": null, "access": null, "subway": null, "location": null, "tunnel": null, "motor_vehicle": null, "operator:wikidata": null, "electrified": "no", "gauge": "1067", "alt_name": null, "note": null, "note:website": null, "phone": null, "railway:position": null, "railway:ref": null, "short_name": null, "website": null, "wikidata": null, "wikipedia": null, "service": null, "length": null, "addr:housename": null, "attraction": null, "monorail": null, "horse": null, "check_date:bin": null, "tiger:county": null, "start_date": null, "check_date:bench": null, "ele": null, "lacounty:ain": null, "lacounty:bld_id": null, "usage": null, "fixme": null, "rail": null, "source:imagery": null, "description": null, "underground": null, "frequency": null, "voltage": null, "network:wikidata": null, "network:wikipedia": null, "operator:wikipedia": null, "owner:wikidata": null, "owner:wikipedia": null, "organization": null, "crossing": null, "official_name": null, "railway:proposed": null, "proposed:public_transport": null, "proposed:railway": null, "proposed:tram": null, "turntable": null, "biotic_reef:type": null, "image": null, "natural": null, "protection_title": null, "reef": null, "ruined": null, "seamark:type": null, "man_made": null, "proposed": null, "wikimedia_commons": null, "addr:country": null, "toilets:wheelchair": null, "baby_feeding": null, "station": null, "railway:preferred_direction": "forward", "oneway": null, "maxspeed": null, "tiger:cfcc": null, "tiger:reviewed": null, "maxspeed:freight": null, "railway:ptc": null, "railway:track_class": null, "railway:track_ref": null, "old_railway_operator": null, "railway:atc": null, "tiger:name_base": null, "railway:traffic_mode": null, "reporting_marks": null, "tunnel:name": null, "segregated": null, "sidewalk": null, "cycleway": null, "tiger:name_type": null, "passenger_lines": null, "passenger": null, "railway:preserved": null, "cycleway:left": null, "cycleway:right": null, "cycleway:right:lane": null, "lcn": null, "lanes": null, "abandoned:railway": null, "abandoned:name": null, "smoothness": null, "tracktype": null, "source:construction": null, "tiger:source": null, "tiger:tlid": null, "tiger:upload_uuid": null, "review": null, "maxspeed:backward": null, "maxspeed:forward": null, "maxspeed:freight:backward": null, "historic:name": null, "historic:operator": null, "historic:usage": null, "bridge:name": null, "operator:short": null, "embankment": null, "old_name": null, "route": null, "type": null, "cutting": null, "vta:id": null, "maxheight": null, "razed:railway": null, "cycleway:both": null, "cycleway:both:lane": null, "lane_markings": null, "name_1": null, "tiger:name_base_1": null, "tiger:name_type_1": null, "width": null, "abandoned": null, "tiger:separated": null, "incline": null, "bridge:movable": null, "bridge:wikidata": null, "bridge:wikipedia": null, "heritage": null, "heritage:operator": null, "ref:nrhp": null, "bridge_ref": null, "milepost:county": null, "source:bridge": null, "source_ref:bridge": null, "hgv": null, "demolished:railway": null, "loc_name": null, "route_ref": null, "embedded": null, "addr:county": null, "ref:lahcm": null, "construction": null, "opening_date": null, "created_by": null, "bridge:alt_name": null, "maxspeed:freight:forward": null, "name:pronunciation": null, "cable_tram": "cable", "ref:cpuc": null, "ref:fra_crossing": null, "flood_prone": null, "motorcycle": null, "bing": null, "railway:cbtc": null, "tunnel:alt_name": null, "ID": null, "assmntdist": null, "built": null, "finish": null, "region": null, "shape_le_1": null, "shape_len": null, "start": null, "winter": null, "highspeed": null, "crossing:markings": null, "tunnel:wikidata": null, "NHS": null, "dog": null, "bridge:structure": null, "builder": null, "line": null, "is_in:state_code": null, "demolished": null, "old_attraction_name": null, "destination:lanes": null, "hov": null, "toll": null, "toll:hov": null, "turn:lanes": null, "railway:interlaced": null, "seasonal:dry_season": null, "seasonal:wet_season": null, "removed:bridge": null, "designation": null, "razed": null, "name:es": null, "destination": null, "lift_chain": null, "source:1": null, "hov:minimum": null, "old_ref": null, "construction:electrified": null, "construction:frequency": null, "construction:railway": null, "construction:voltage": null, "FIXME": null, "abandoned:usage": null, "admin_level": null, "border_type": null, "boundary": null, "ruins:bridge": null, "own": null, "leisure": null, "ohv": null, "source:maxspeed": null, "maxspeed:passenger": null, "was:gauge": null, "was:service": null, "hgv:national_network": null, "source:hgv:national_network": null, "tiger:name_base_2": null, "tiger:name_type_2": null, "nrhp:criteria": null, "nrhp:inscription_date": null, "nrhp:nhl": null, "old_name:1927-1968": null, "ref:cli": null, "name_2": null, "mtb:scale": null, "mtb:scale:uphill": null, "trail_visibility": null, "alt_owner": null, "url": null, "construction:railway:etcs": null, "lanes:backward": null, "lanes:both_ways": null, "lanes:forward": null, "parking:lane:both": null, "turn:lanes:both_ways": null, "disused:service": null, "MAPKEY": null, "OBJECTID": null, "SHAPE_STLe": null, "sccgis:objectid": null, "miniature:scale": null, "colour": null, "turn:lanes:forward": null, "turn:lanes:backward": null, "parking:lane:right": null, "mtb:scale:imba": null, "sac_scale": null, "cycleway:left:oneway": null, "end_date": null, "bus:lanes:backward": null, "bus:lanes:forward": null, "ford": null, "parking:both": null, "parking:both:orientation": null, "historic_usage": null, "construction:maxspeed": null, "proposed:electrified": null, "proposed:frequency": null, "proposed:voltage": null, "abandoned:service": null, "destination:ref": null, "construction:name": null, "construction:network": null, "construction:operator": null, "construction:wikidata": null, "construction:wikipedia": null, "change": null, "railway:disused": null, "crossing:island": null, "source:exit": null, "source:width": null, "footway": null, "disused": null, "contact:email": null, "contact:phone": null, "contact:website": null, "group_only": null, "name:en": null, "change:forward": null, "change:backward": null, "bus:lanes": null, "trolley_wire": null, "abandoned:electrified": null, "crossing:signals": null, "maxweight:hgv": null, "maxweight:hgv:conditional": null, "maxweight:hgv_articulated": null, "razed:service": null, "demolished:bridge": null, "crossing:barrier": null, "tracks": null, "heritage:website": null, "razed:usage": null, "parking:lane:left": null, "imagery": null, "local_ref": null, "crane:type": null, "submerged": null, "construction:gauge": null, "construction:usage": null, "planned": null, "floor": null, "lastcheck": null, "end_date:railway": null, "bridge:ref": null, "not:name": null, "stroller": null, "path": null, "proposed:railway:etcs": null, "was:bridge": null, "Note": null, "name:absent": null, "construction:service": null }, "geometry": { "type": "LineString", "coordinates": [ [ -122.3962202, 37.7937113 ], [ -122.3962597, 37.7937061 ], [ -122.3962674, 37.7937051 ] ] } },
{ "type": "Feature", "properties": { "id": "way/680987092", "@id": "way/680987092", "area": null, "historic": null, "name": null, "railway": "tram", "landuse": null, "operator": "San Francisco Municipal Railway", "bicycle": null, "covered": null, "departures_board": null, "foot": null, "highway": null, "indoor": null, "network": "Muni", "public_transport": null, "ref": null, "surface": null, "train": null, "lit": null, "wheelchair": null, "bench": null, "bin": null, "shelter": null, "owner": "San Francisco Municipal Railway", "building": null, "disused:railway": null, "source": null, "source_ref": null, "level": null, "tactile_paving": null, "addr:city": null, "addr:housenumber": null, "addr:postcode": null, "addr:state": null, "addr:street": null, "addr:street_direction_prefix": null, "industrial": null, "building:levels": null, "height": null, "light_rail": null, "air_conditioning": null, "attribution": null, "bak:fac_type1": null, "internet_access": null, "bus": null, "tram": null, "wheelchair:description": null, "check_date": null, "passenger_information_display": null, "bridge": null, "layer": null, "check_date:lit": null, "trolleybus": null, "bearing": null, "check_date:shelter": null, "tourism": null, "access": null, "subway": null, "location": null, "tunnel": null, "motor_vehicle": null, "operator:wikidata": null, "electrified": "no", "gauge": "1067", "alt_name": null, "note": null, "note:website": null, "phone": null, "railway:position": null, "railway:ref": null, "short_name": null, "website": null, "wikidata": null, "wikipedia": null, "service": null, "length": null, "addr:housename": null, "attraction": null, "monorail": null, "horse": null, "check_date:bin": null, "tiger:county": null, "start_date": null, "check_date:bench": null, "ele": null, "lacounty:ain": null, "lacounty:bld_id": null, "usage": null, "fixme": null, "rail": null, "source:imagery": null, "description": null, "underground": null, "frequency": null, "voltage": null, "network:wikidata": null, "network:wikipedia": null, "operator:wikipedia": null, "owner:wikidata": null, "owner:wikipedia": null, "organization": null, "crossing": null, "official_name": null, "railway:proposed": null, "proposed:public_transport": null, "proposed:railway": null, "proposed:tram": null, "turntable": null, "biotic_reef:type": null, "image": null, "natural": null, "protection_title": null, "reef": null, "ruined": null, "seamark:type": null, "man_made": null, "proposed": null, "wikimedia_commons": null, "addr:country": null, "toilets:wheelchair": null, "baby_feeding": null, "station": null, "railway:preferred_direction": "forward", "oneway": null, "maxspeed": null, "tiger:cfcc": null, "tiger:reviewed": null, "maxspeed:freight": null, "railway:ptc": null, "railway:track_class": null, "railway:track_ref": null, "old_railway_operator": null, "railway:atc": null, "tiger:name_base": null, "railway:traffic_mode": null, "reporting_marks": null, "tunnel:name": null, "segregated": null, "sidewalk": null, "cycleway": null, "tiger:name_type": null, "passenger_lines": null, "passenger": null, "railway:preserved": null, "cycleway:left": null, "cycleway:right": null, "cycleway:right:lane": null, "lcn": null, "lanes": null, "abandoned:railway": null, "abandoned:name": null, "smoothness": null, "tracktype": null, "source:construction": null, "tiger:source": null, "tiger:tlid": null, "tiger:upload_uuid": null, "review": null, "maxspeed:backward": null, "maxspeed:forward": null, "maxspeed:freight:backward": null, "historic:name": null, "historic:operator": null, "historic:usage": null, "bridge:name": null, "operator:short": null, "embankment": null, "old_name": null, "route": null, "type": null, "cutting": null, "vta:id": null, "maxheight": null, "razed:railway": null, "cycleway:both": null, "cycleway:both:lane": null, "lane_markings": null, "name_1": null, "tiger:name_base_1": null, "tiger:name_type_1": null, "width": null, "abandoned": null, "tiger:separated": null, "incline": null, "bridge:movable": null, "bridge:wikidata": null, "bridge:wikipedia": null, "heritage": null, "heritage:operator": null, "ref:nrhp": null, "bridge_ref": null, "milepost:county": null, "source:bridge": null, "source_ref:bridge": null, "hgv": null, "demolished:railway": null, "loc_name": null, "route_ref": null, "embedded": null, "addr:county": null, "ref:lahcm": null, "construction": null, "opening_date": null, "created_by": null, "bridge:alt_name": null, "maxspeed:freight:forward": null, "name:pronunciation": null, "cable_tram": null, "ref:cpuc": null, "ref:fra_crossing": null, "flood_prone": null, "motorcycle": null, "bing": null, "railway:cbtc": null, "tunnel:alt_name": null, "ID": null, "assmntdist": null, "built": null, "finish": null, "region": null, "shape_le_1": null, "shape_len": null, "start": null, "winter": null, "highspeed": null, "crossing:markings": null, "tunnel:wikidata": null, "NHS": null, "dog": null, "bridge:structure": null, "builder": null, "line": null, "is_in:state_code": null, "demolished": null, "old_attraction_name": null, "destination:lanes": null, "hov": null, "toll": null, "toll:hov": null, "turn:lanes": null, "railway:interlaced": null, "seasonal:dry_season": null, "seasonal:wet_season": null, "removed:bridge": null, "designation": null, "razed": null, "name:es": null, "destination": null, "lift_chain": null, "source:1": null, "hov:minimum": null, "old_ref": null, "construction:electrified": null, "construction:frequency": null, "construction:railway": null, "construction:voltage": null, "FIXME": null, "abandoned:usage": null, "admin_level": null, "border_type": null, "boundary": null, "ruins:bridge": null, "own": null, "leisure": null, "ohv": null, "source:maxspeed": null, "maxspeed:passenger": null, "was:gauge": null, "was:service": null, "hgv:national_network": null, "source:hgv:national_network": null, "tiger:name_base_2": null, "tiger:name_type_2": null, "nrhp:criteria": null, "nrhp:inscription_date": null, "nrhp:nhl": null, "old_name:1927-1968": null, "ref:cli": null, "name_2": null, "mtb:scale": null, "mtb:scale:uphill": null, "trail_visibility": null, "alt_owner": null, "url": null, "construction:railway:etcs": null, "lanes:backward": null, "lanes:both_ways": null, "lanes:forward": null, "parking:lane:both": null, "turn:lanes:both_ways": null, "disused:service": null, "MAPKEY": null, "OBJECTID": null, "SHAPE_STLe": null, "sccgis:objectid": null, "miniature:scale": null, "colour": null, "turn:lanes:forward": null, "turn:lanes:backward": null, "parking:lane:right": null, "mtb:scale:imba": null, "sac_scale": null, "cycleway:left:oneway": null, "end_date": null, "bus:lanes:backward": null, "bus:lanes:forward": null, "ford": null, "parking:both": null, "parking:both:orientation": null, "historic_usage": null, "construction:maxspeed": null, "proposed:electrified": null, "proposed:frequency": null, "proposed:voltage": null, "abandoned:service": null, "destination:ref": null, "construction:name": null, "construction:network": null, "construction:operator": null, "construction:wikidata": null, "construction:wikipedia": null, "change": null, "railway:disused": null, "crossing:island": null, "source:exit": null, "source:width": null, "footway": null, "disused": null, "contact:email": null, "contact:phone": null, "contact:website": null, "group_only": null, "name:en": null, "change:forward": null, "change:backward": null, "bus:lanes": null, "trolley_wire": null, "abandoned:electrified": null, "crossing:signals": null, "maxweight:hgv": null, "maxweight:hgv:conditional": null, "maxweight:hgv_articulated": null, "razed:service": null, "demolished:bridge": null, "crossing:barrier": null, "tracks": null, "heritage:website": null, "razed:usage": null, "parking:lane:left": null, "imagery": null, "local_ref": null, "crane:type": null, "submerged": null, "construction:gauge": null, "construction:usage": null, "planned": null, "floor": null, "lastcheck": null, "end_date:railway": null, "bridge:ref": null, "not:name": null, "stroller": null, "path": null, "proposed:railway:etcs": null, "was:bridge": null, "Note": null, "name:absent": null, "construction:service": null }, "geometry": { "type": "LineString", "coordinates": [ [ -122.3965871, 37.79363 ], [ -122.3965545, 37.7936339 ], [ -122.3964786, 37.7936495 ], [ -122.3964163, 37.7936624 ], [ -122.3963809, 37.7936719 ], [ -122.3963508, 37.7936793 ], [ -122.3963168, 37.7936896 ], [ -122.3962811, 37.7937006 ], [ -122.3962674, 37.7937051 ] ] } },
{ "type": "Feature", "properties": { "id": "way/680987094", "@id": "way/680987094", "area": null, "historic": null, "name": null, "railway": "tram", "landuse": null, "operator": "San Francisco Municipal Railway", "bicycle": null, "covered": null, "departures_board": null, "foot": null, "highway": null, "indoor": null, "network": "Muni", "public_transport": null, "ref": null, "surface": null, "train": null, "lit": null, "wheelchair": null, "bench": null, "bin": null, "shelter": null, "owner": "San Francisco Municipal Railway", "building": null, "disused:railway": null, "source": null, "source_ref": null, "level": null, "tactile_paving": null, "addr:city": null, "addr:housenumber": null, "addr:postcode": null, "addr:state": null, "addr:street": null, "addr:street_direction_prefix": null, "industrial": null, "building:levels": null, "height": null, "light_rail": null, "air_conditioning": null, "attribution": null, "bak:fac_type1": null, "internet_access": null, "bus": null, "tram": null, "wheelchair:description": null, "check_date": null, "passenger_information_display": null, "bridge": null, "layer": null, "check_date:lit": null, "trolleybus": null, "bearing": null, "check_date:shelter": null, "tourism": null, "access": null, "subway": null, "location": null, "tunnel": null, "motor_vehicle": null, "operator:wikidata": null, "electrified": "no", "gauge": "1067", "alt_name": null, "note": null, "note:website": null, "phone": null, "railway:position": null, "railway:ref": null, "short_name": null, "website": null, "wikidata": null, "wikipedia": null, "service": null, "length": null, "addr:housename": null, "attraction": null, "monorail": null, "horse": null, "check_date:bin": null, "tiger:county": null, "start_date": null, "check_date:bench": null, "ele": null, "lacounty:ain": null, "lacounty:bld_id": null, "usage": null, "fixme": null, "rail": null, "source:imagery": null, "description": null, "underground": null, "frequency": null, "voltage": null, "network:wikidata": null, "network:wikipedia": null, "operator:wikipedia": null, "owner:wikidata": null, "owner:wikipedia": null, "organization": null, "crossing": null, "official_name": null, "railway:proposed": null, "proposed:public_transport": null, "proposed:railway": null, "proposed:tram": null, "turntable": null, "biotic_reef:type": null, "image": null, "natural": null, "protection_title": null, "reef": null, "ruined": null, "seamark:type": null, "man_made": null, "proposed": null, "wikimedia_commons": null, "addr:country": null, "toilets:wheelchair": null, "baby_feeding": null, "station": null, "railway:preferred_direction": "forward", "oneway": null, "maxspeed": null, "tiger:cfcc": null, "tiger:reviewed": null, "maxspeed:freight": null, "railway:ptc": null, "railway:track_class": null, "railway:track_ref": null, "old_railway_operator": null, "railway:atc": null, "tiger:name_base": null, "railway:traffic_mode": null, "reporting_marks": null, "tunnel:name": null, "segregated": null, "sidewalk": null, "cycleway": null, "tiger:name_type": null, "passenger_lines": null, "passenger": null, "railway:preserved": null, "cycleway:left": null, "cycleway:right": null, "cycleway:right:lane": null, "lcn": null, "lanes": null, "abandoned:railway": null, "abandoned:name": null, "smoothness": null, "tracktype": null, "source:construction": null, "tiger:source": null, "tiger:tlid": null, "tiger:upload_uuid": null, "review": null, "maxspeed:backward": null, "maxspeed:forward": null, "maxspeed:freight:backward": null, "historic:name": null, "historic:operator": null, "historic:usage": null, "bridge:name": null, "operator:short": null, "embankment": null, "old_name": null, "route": null, "type": null, "cutting": null, "vta:id": null, "maxheight": null, "razed:railway": null, "cycleway:both": null, "cycleway:both:lane": null, "lane_markings": null, "name_1": null, "tiger:name_base_1": null, "tiger:name_type_1": null, "width": null, "abandoned": null, "tiger:separated": null, "incline": null, "bridge:movable": null, "bridge:wikidata": null, "bridge:wikipedia": null, "heritage": null, "heritage:operator": null, "ref:nrhp": null, "bridge_ref": null, "milepost:county": null, "source:bridge": null, "source_ref:bridge": null, "hgv": null, "demolished:railway": null, "loc_name": null, "route_ref": null, "embedded": null, "addr:county": null, "ref:lahcm": null, "construction": null, "opening_date": null, "created_by": null, "bridge:alt_name": null, "maxspeed:freight:forward": null, "name:pronunciation": null, "cable_tram": "cable", "ref:cpuc": null, "ref:fra_crossing": null, "flood_prone": null, "motorcycle": null, "bing": null, "railway:cbtc": null, "tunnel:alt_name": null, "ID": null, "assmntdist": null, "built": null, "finish": null, "region": null, "shape_le_1": null, "shape_len": null, "start": null, "winter": null, "highspeed": null, "crossing:markings": null, "tunnel:wikidata": null, "NHS": null, "dog": null, "bridge:structure": null, "builder": null, "line": null, "is_in:state_code": null, "demolished": null, "old_attraction_name": null, "destination:lanes": null, "hov": null, "toll": null, "toll:hov": null, "turn:lanes": null, "railway:interlaced": null, "seasonal:dry_season": null, "seasonal:wet_season": null, "removed:bridge": null, "designation": null, "razed": null, "name:es": null, "destination": null, "lift_chain": null, "source:1": null, "hov:minimum": null, "old_ref": null, "construction:electrified": null, "construction:frequency": null, "construction:railway": null, "construction:voltage": null, "FIXME": null, "abandoned:usage": null, "admin_level": null, "border_type": null, "boundary": null, "ruins:bridge": null, "own": null, "leisure": null, "ohv": null, "source:maxspeed": null, "maxspeed:passenger": null, "was:gauge": null, "was:service": null, "hgv:national_network": null, "source:hgv:national_network": null, "tiger:name_base_2": null, "tiger:name_type_2": null, "nrhp:criteria": null, "nrhp:inscription_date": null, "nrhp:nhl": null, "old_name:1927-1968": null, "ref:cli": null, "name_2": null, "mtb:scale": null, "mtb:scale:uphill": null, "trail_visibility": null, "alt_owner": null, "url": null, "construction:railway:etcs": null, "lanes:backward": null, "lanes:both_ways": null, "lanes:forward": null, "parking:lane:both": null, "turn:lanes:both_ways": null, "disused:service": null, "MAPKEY": null, "OBJECTID": null, "SHAPE_STLe": null, "sccgis:objectid": null, "miniature:scale": null, "colour": null, "turn:lanes:forward": null, "turn:lanes:backward": null, "parking:lane:right": null, "mtb:scale:imba": null, "sac_scale": null, "cycleway:left:oneway": null, "end_date": null, "bus:lanes:backward": null, "bus:lanes:forward": null, "ford": null, "parking:both": null, "parking:both:orientation": null, "historic_usage": null, "construction:maxspeed": null, "proposed:electrified": null, "proposed:frequency": null, "proposed:voltage": null, "abandoned:service": null, "destination:ref": null, "construction:name": null, "construction:network": null, "construction:operator": null, "construction:wikidata": null, "construction:wikipedia": null, "change": null, "railway:disused": null, "crossing:island": null, "source:exit": null, "source:width": null, "footway": null, "disused": null, "contact:email": null, "contact:phone": null, "contact:website": null, "group_only": null, "name:en": null, "change:forward": null, "change:backward": null, "bus:lanes": null, "trolley_wire": null, "abandoned:electrified": null, "crossing:signals": null, "maxweight:hgv": null, "maxweight:hgv:conditional": null, "maxweight:hgv_articulated": null, "razed:service": null, "demolished:bridge": null, "crossing:barrier": null, "tracks": null, "heritage:website": null, "razed:usage": null, "parking:lane:left": null, "imagery": null, "local_ref": null, "crane:type": null, "submerged": null, "construction:gauge": null, "construction:usage": null, "planned": null, "floor": null, "lastcheck": null, "end_date:railway": null, "bridge:ref": null, "not:name": null, "stroller": null, "path": null, "proposed:railway:etcs": null, "was:bridge": null, "Note": null, "name:absent": null, "construction:service": null }, "geometry": { "type": "LineString", "coordinates": [ [ -122.4218431, 37.7904571 ], [ -122.4218697, 37.790454 ] ] } },
{ "type": "Feature", "properties": { "id": "way/775883303", "@id": "way/775883303", "area": null, "historic": null, "name": null, "railway": "tram", "landuse": null, "operator": "San Francisco Municipal Railway", "bicycle": null, "covered": null, "departures_board": null, "foot": null, "highway": null, "indoor": null, "network": "Muni", "public_transport": null, "ref": null, "surface": null, "train": null, "lit": null, "wheelchair": null, "bench": null, "bin": null, "shelter": null, "owner": "San Francisco Municipal Railway", "building": null, "disused:railway": null, "source": null, "source_ref": null, "level": null, "tactile_paving": null, "addr:city": null, "addr:housenumber": null, "addr:postcode": null, "addr:state": null, "addr:street": null, "addr:street_direction_prefix": null, "industrial": null, "building:levels": null, "height": null, "light_rail": null, "air_conditioning": null, "attribution": null, "bak:fac_type1": null, "internet_access": null, "bus": null, "tram": null, "wheelchair:description": null, "check_date": null, "passenger_information_display": null, "bridge": null, "layer": null, "check_date:lit": null, "trolleybus": null, "bearing": null, "check_date:shelter": null, "tourism": null, "access": null, "subway": null, "location": null, "tunnel": null, "motor_vehicle": null, "operator:wikidata": null, "electrified": "no", "gauge": "1067", "alt_name": null, "note": null, "note:website": null, "phone": null, "railway:position": null, "railway:ref": null, "short_name": null, "website": null, "wikidata": null, "wikipedia": null, "service": null, "length": null, "addr:housename": null, "attraction": null, "monorail": null, "horse": null, "check_date:bin": null, "tiger:county": null, "start_date": null, "check_date:bench": null, "ele": null, "lacounty:ain": null, "lacounty:bld_id": null, "usage": null, "fixme": null, "rail": null, "source:imagery": null, "description": null, "underground": null, "frequency": null, "voltage": null, "network:wikidata": null, "network:wikipedia": null, "operator:wikipedia": null, "owner:wikidata": null, "owner:wikipedia": null, "organization": null, "crossing": null, "official_name": null, "railway:proposed": null, "proposed:public_transport": null, "proposed:railway": null, "proposed:tram": null, "turntable": null, "biotic_reef:type": null, "image": null, "natural": null, "protection_title": null, "reef": null, "ruined": null, "seamark:type": null, "man_made": null, "proposed": null, "wikimedia_commons": null, "addr:country": null, "toilets:wheelchair": null, "baby_feeding": null, "station": null, "railway:preferred_direction": "forward", "oneway": null, "maxspeed": null, "tiger:cfcc": null, "tiger:reviewed": null, "maxspeed:freight": null, "railway:ptc": null, "railway:track_class": null, "railway:track_ref": null, "old_railway_operator": null, "railway:atc": null, "tiger:name_base": null, "railway:traffic_mode": null, "reporting_marks": null, "tunnel:name": null, "segregated": null, "sidewalk": null, "cycleway": null, "tiger:name_type": null, "passenger_lines": null, "passenger": null, "railway:preserved": null, "cycleway:left": null, "cycleway:right": null, "cycleway:right:lane": null, "lcn": null, "lanes": null, "abandoned:railway": null, "abandoned:name": null, "smoothness": null, "tracktype": null, "source:construction": null, "tiger:source": null, "tiger:tlid": null, "tiger:upload_uuid": null, "review": null, "maxspeed:backward": null, "maxspeed:forward": null, "maxspeed:freight:backward": null, "historic:name": null, "historic:operator": null, "historic:usage": null, "bridge:name": null, "operator:short": null, "embankment": null, "old_name": null, "route": null, "type": null, "cutting": null, "vta:id": null, "maxheight": null, "razed:railway": null, "cycleway:both": null, "cycleway:both:lane": null, "lane_markings": null, "name_1": null, "tiger:name_base_1": null, "tiger:name_type_1": null, "width": null, "abandoned": null, "tiger:separated": null, "incline": null, "bridge:movable": null, "bridge:wikidata": null, "bridge:wikipedia": null, "heritage": null, "heritage:operator": null, "ref:nrhp": null, "bridge_ref": null, "milepost:county": null, "source:bridge": null, "source_ref:bridge": null, "hgv": null, "demolished:railway": null, "loc_name": null, "route_ref": null, "embedded": null, "addr:county": null, "ref:lahcm": null, "construction": null, "opening_date": null, "created_by": null, "bridge:alt_name": null, "maxspeed:freight:forward": null, "name:pronunciation": null, "cable_tram": null, "ref:cpuc": null, "ref:fra_crossing": null, "flood_prone": null, "motorcycle": null, "bing": null, "railway:cbtc": null, "tunnel:alt_name": null, "ID": null, "assmntdist": null, "built": null, "finish": null, "region": null, "shape_le_1": null, "shape_len": null, "start": null, "winter": null, "highspeed": null, "crossing:markings": null, "tunnel:wikidata": null, "NHS": null, "dog": null, "bridge:structure": null, "builder": null, "line": null, "is_in:state_code": null, "demolished": null, "old_attraction_name": null, "destination:lanes": null, "hov": null, "toll": null, "toll:hov": null, "turn:lanes": null, "railway:interlaced": null, "seasonal:dry_season": null, "seasonal:wet_season": null, "removed:bridge": null, "designation": null, "razed": null, "name:es": null, "destination": null, "lift_chain": null, "source:1": null, "hov:minimum": null, "old_ref": null, "construction:electrified": null, "construction:frequency": null, "construction:railway": null, "construction:voltage": null, "FIXME": null, "abandoned:usage": null, "admin_level": null, "border_type": null, "boundary": null, "ruins:bridge": null, "own": null, "leisure": null, "ohv": null, "source:maxspeed": null, "maxspeed:passenger": null, "was:gauge": null, "was:service": null, "hgv:national_network": null, "source:hgv:national_network": null, "tiger:name_base_2": null, "tiger:name_type_2": null, "nrhp:criteria": null, "nrhp:inscription_date": null, "nrhp:nhl": null, "old_name:1927-1968": null, "ref:cli": null, "name_2": null, "mtb:scale": null, "mtb:scale:uphill": null, "trail_visibility": null, "alt_owner": null, "url": null, "construction:railway:etcs": null, "lanes:backward": null, "lanes:both_ways": null, "lanes:forward": null, "parking:lane:both": null, "turn:lanes:both_ways": null, "disused:service": null, "MAPKEY": null, "OBJECTID": null, "SHAPE_STLe": null, "sccgis:objectid": null, "miniature:scale": null, "colour": null, "turn:lanes:forward": null, "turn:lanes:backward": null, "parking:lane:right": null, "mtb:scale:imba": null, "sac_scale": null, "cycleway:left:oneway": null, "end_date": null, "bus:lanes:backward": null, "bus:lanes:forward": null, "ford": null, "parking:both": null, "parking:both:orientation": null, "historic_usage": null, "construction:maxspeed": null, "proposed:electrified": null, "proposed:frequency": null, "proposed:voltage": null, "abandoned:service": null, "destination:ref": null, "construction:name": null, "construction:network": null, "construction:operator": null, "construction:wikidata": null, "construction:wikipedia": null, "change": null, "railway:disused": null, "crossing:island": null, "source:exit": null, "source:width": null, "footway": null, "disused": null, "contact:email": null, "contact:phone": null, "contact:website": null, "group_only": null, "name:en": null, "change:forward": null, "change:backward": null, "bus:lanes": null, "trolley_wire": null, "abandoned:electrified": null, "crossing:signals": null, "maxweight:hgv": null, "maxweight:hgv:conditional": null, "maxweight:hgv_articulated": null, "razed:service": null, "demolished:bridge": null, "crossing:barrier": null, "tracks": null, "heritage:website": null, "razed:usage": null, "parking:lane:left": null, "imagery": null, "local_ref": null, "crane:type": null, "submerged": null, "construction:gauge": null, "construction:usage": null, "planned": null, "floor": null, "lastcheck": null, "end_date:railway": null, "bridge:ref": null, "not:name": null, "stroller": null, "path": null, "proposed:railway:etcs": null, "was:bridge": null, "Note": null, "name:absent": null, "construction:service": null }, "geometry": { "type": "LineString", "coordinates": [ [ -122.4171724, 37.7910424 ], [ -122.4173126, 37.7910249 ], [ -122.4174134, 37.7910123 ], [ -122.417522, 37.7909986 ], [ -122.4176552, 37.7909818 ], [ -122.4176716, 37.79098 ] ] } },
{ "type": "Feature", "properties": { "id": "way/775883305", "@id": "way/775883305", "area": null, "historic": null, "name": null, "railway": "tram", "landuse": null, "operator": "San Francisco Municipal Railway", "bicycle": null, "covered": null, "departures_board": null, "foot": null, "highway": null, "indoor": null, "network": "Muni", "public_transport": null, "ref": null, "surface": null, "train": null, "lit": null, "wheelchair": null, "bench": null, "bin": null, "shelter": null, "owner": "San Francisco Municipal Railway", "building": null, "disused:railway": null, "source": null, "source_ref": null, "level": null, "tactile_paving": null, "addr:city": null, "addr:housenumber": null, "addr:postcode": null, "addr:state": null, "addr:street": null, "addr:street_direction_prefix": null, "industrial": null, "building:levels": null, "height": null, "light_rail": null, "air_conditioning": null, "attribution": null, "bak:fac_type1": null, "internet_access": null, "bus": null, "tram": null, "wheelchair:description": null, "check_date": null, "passenger_information_display": null, "bridge": null, "layer": null, "check_date:lit": null, "trolleybus": null, "bearing": null, "check_date:shelter": null, "tourism": null, "access": null, "subway": null, "location": null, "tunnel": null, "motor_vehicle": null, "operator:wikidata": null, "electrified": "no", "gauge": "1067", "alt_name": null, "note": null, "note:website": null, "phone": null, "railway:position": null, "railway:ref": null, "short_name": null, "website": null, "wikidata": null, "wikipedia": null, "service": null, "length": null, "addr:housename": null, "attraction": null, "monorail": null, "horse": null, "check_date:bin": null, "tiger:county": null, "start_date": null, "check_date:bench": null, "ele": null, "lacounty:ain": null, "lacounty:bld_id": null, "usage": null, "fixme": null, "rail": null, "source:imagery": null, "description": null, "underground": null, "frequency": null, "voltage": null, "network:wikidata": null, "network:wikipedia": null, "operator:wikipedia": null, "owner:wikidata": null, "owner:wikipedia": null, "organization": null, "crossing": null, "official_name": null, "railway:proposed": null, "proposed:public_transport": null, "proposed:railway": null, "proposed:tram": null, "turntable": null, "biotic_reef:type": null, "image": null, "natural": null, "protection_title": null, "reef": null, "ruined": null, "seamark:type": null, "man_made": null, "proposed": null, "wikimedia_commons": null, "addr:country": null, "toilets:wheelchair": null, "baby_feeding": null, "station": null, "railway:preferred_direction": "forward", "oneway": null, "maxspeed": null, "tiger:cfcc": null, "tiger:reviewed": null, "maxspeed:freight": null, "railway:ptc": null, "railway:track_class": null, "railway:track_ref": null, "old_railway_operator": null, "railway:atc": null, "tiger:name_base": null, "railway:traffic_mode": null, "reporting_marks": null, "tunnel:name": null, "segregated": null, "sidewalk": null, "cycleway": null, "tiger:name_type": null, "passenger_lines": null, "passenger": null, "railway:preserved": null, "cycleway:left": null, "cycleway:right": null, "cycleway:right:lane": null, "lcn": null, "lanes": null, "abandoned:railway": null, "abandoned:name": null, "smoothness": null, "tracktype": null, "source:construction": null, "tiger:source": null, "tiger:tlid": null, "tiger:upload_uuid": null, "review": null, "maxspeed:backward": null, "maxspeed:forward": null, "maxspeed:freight:backward": null, "historic:name": null, "historic:operator": null, "historic:usage": null, "bridge:name": null, "operator:short": null, "embankment": null, "old_name": null, "route": null, "type": null, "cutting": null, "vta:id": null, "maxheight": null, "razed:railway": null, "cycleway:both": null, "cycleway:both:lane": null, "lane_markings": null, "name_1": null, "tiger:name_base_1": null, "tiger:name_type_1": null, "width": null, "abandoned": null, "tiger:separated": null, "incline": null, "bridge:movable": null, "bridge:wikidata": null, "bridge:wikipedia": null, "heritage": null, "heritage:operator": null, "ref:nrhp": null, "bridge_ref": null, "milepost:county": null, "source:bridge": null, "source_ref:bridge": null, "hgv": null, "demolished:railway": null, "loc_name": null, "route_ref": null, "embedded": null, "addr:county": null, "ref:lahcm": null, "construction": null, "opening_date": null, "created_by": null, "bridge:alt_name": null, "maxspeed:freight:forward": null, "name:pronunciation": null, "cable_tram": null, "ref:cpuc": null, "ref:fra_crossing": null, "flood_prone": null, "motorcycle": null, "bing": null, "railway:cbtc": null, "tunnel:alt_name": null, "ID": null, "assmntdist": null, "built": null, "finish": null, "region": null, "shape_le_1": null, "shape_len": null, "start": null, "winter": null, "highspeed": null, "crossing:markings": null, "tunnel:wikidata": null, "NHS": null, "dog": null, "bridge:structure": null, "builder": null, "line": null, "is_in:state_code": null, "demolished": null, "old_attraction_name": null, "destination:lanes": null, "hov": null, "toll": null, "toll:hov": null, "turn:lanes": null, "railway:interlaced": null, "seasonal:dry_season": null, "seasonal:wet_season": null, "removed:bridge": null, "designation": null, "razed": null, "name:es": null, "destination": null, "lift_chain": null, "source:1": null, "hov:minimum": null, "old_ref": null, "construction:electrified": null, "construction:frequency": null, "construction:railway": null, "construction:voltage": null, "FIXME": null, "abandoned:usage": null, "admin_level": null, "border_type": null, "boundary": null, "ruins:bridge": null, "own": null, "leisure": null, "ohv": null, "source:maxspeed": null, "maxspeed:passenger": null, "was:gauge": null, "was:service": null, "hgv:national_network": null, "source:hgv:national_network": null, "tiger:name_base_2": null, "tiger:name_type_2": null, "nrhp:criteria": null, "nrhp:inscription_date": null, "nrhp:nhl": null, "old_name:1927-1968": null, "ref:cli": null, "name_2": null, "mtb:scale": null, "mtb:scale:uphill": null, "trail_visibility": null, "alt_owner": null, "url": null, "construction:railway:etcs": null, "lanes:backward": null, "lanes:both_ways": null, "lanes:forward": null, "parking:lane:both": null, "turn:lanes:both_ways": null, "disused:service": null, "MAPKEY": null, "OBJECTID": null, "SHAPE_STLe": null, "sccgis:objectid": null, "miniature:scale": null, "colour": null, "turn:lanes:forward": null, "turn:lanes:backward": null, "parking:lane:right": null, "mtb:scale:imba": null, "sac_scale": null, "cycleway:left:oneway": null, "end_date": null, "bus:lanes:backward": null, "bus:lanes:forward": null, "ford": null, "parking:both": null, "parking:both:orientation": null, "historic_usage": null, "construction:maxspeed": null, "proposed:electrified": null, "proposed:frequency": null, "proposed:voltage": null, "abandoned:service": null, "destination:ref": null, "construction:name": null, "construction:network": null, "construction:operator": null, "construction:wikidata": null, "construction:wikipedia": null, "change": null, "railway:disused": null, "crossing:island": null, "source:exit": null, "source:width": null, "footway": null, "disused": null, "contact:email": null, "contact:phone": null, "contact:website": null, "group_only": null, "name:en": null, "change:forward": null, "change:backward": null, "bus:lanes": null, "trolley_wire": null, "abandoned:electrified": null, "crossing:signals": null, "maxweight:hgv": null, "maxweight:hgv:conditional": null, "maxweight:hgv_articulated": null, "razed:service": null, "demolished:bridge": null, "crossing:barrier": null, "tracks": null, "heritage:website": null, "razed:usage": null, "parking:lane:left": null, "imagery": null, "local_ref": null, "crane:type": null, "submerged": null, "construction:gauge": null, "construction:usage": null, "planned": null, "floor": null, "lastcheck": null, "end_date:railway": null, "bridge:ref": null, "not:name": null, "stroller": null, "path": null, "proposed:railway:etcs": null, "was:bridge": null, "Note": null, "name:absent": null, "construction:service": null }, "geometry": { "type": "LineString", "coordinates": [ [ -122.4107628, 37.7918642 ], [ -122.4108338, 37.7918552 ], [ -122.4109503, 37.7918403 ], [ -122.4110147, 37.791832 ] ] } },
{ "type": "Feature", "properties": { "id": "way/775883309", "@id": "way/775883309", "area": null, "historic": null, "name": null, "railway": "tram", "landuse": null, "operator": "San Francisco Municipal Railway", "bicycle": null, "covered": null, "departures_board": null, "foot": null, "highway": null, "indoor": null, "network": "Muni", "public_transport": null, "ref": null, "surface": null, "train": null, "lit": null, "wheelchair": null, "bench": null, "bin": null, "shelter": null, "owner": "San Francisco Municipal Railway", "building": null, "disused:railway": null, "source": null, "source_ref": null, "level": null, "tactile_paving": null, "addr:city": null, "addr:housenumber": null, "addr:postcode": null, "addr:state": null, "addr:street": null, "addr:street_direction_prefix": null, "industrial": null, "building:levels": null, "height": null, "light_rail": null, "air_conditioning": null, "attribution": null, "bak:fac_type1": null, "internet_access": null, "bus": null, "tram": null, "wheelchair:description": null, "check_date": null, "passenger_information_display": null, "bridge": null, "layer": null, "check_date:lit": null, "trolleybus": null, "bearing": null, "check_date:shelter": null, "tourism": null, "access": null, "subway": null, "location": null, "tunnel": null, "motor_vehicle": null, "operator:wikidata": null, "electrified": "no", "gauge": "1067", "alt_name": null, "note": null, "note:website": null, "phone": null, "railway:position": null, "railway:ref": null, "short_name": null, "website": null, "wikidata": null, "wikipedia": null, "service": null, "length": null, "addr:housename": null, "attraction": null, "monorail": null, "horse": null, "check_date:bin": null, "tiger:county": null, "start_date": null, "check_date:bench": null, "ele": null, "lacounty:ain": null, "lacounty:bld_id": null, "usage": null, "fixme": null, "rail": null, "source:imagery": null, "description": null, "underground": null, "frequency": null, "voltage": null, "network:wikidata": null, "network:wikipedia": null, "operator:wikipedia": null, "owner:wikidata": null, "owner:wikipedia": null, "organization": null, "crossing": null, "official_name": null, "railway:proposed": null, "proposed:public_transport": null, "proposed:railway": null, "proposed:tram": null, "turntable": null, "biotic_reef:type": null, "image": null, "natural": null, "protection_title": null, "reef": null, "ruined": null, "seamark:type": null, "man_made": null, "proposed": null, "wikimedia_commons": null, "addr:country": null, "toilets:wheelchair": null, "baby_feeding": null, "station": null, "railway:preferred_direction": "forward", "oneway": null, "maxspeed": null, "tiger:cfcc": null, "tiger:reviewed": null, "maxspeed:freight": null, "railway:ptc": null, "railway:track_class": null, "railway:track_ref": null, "old_railway_operator": null, "railway:atc": null, "tiger:name_base": null, "railway:traffic_mode": null, "reporting_marks": null, "tunnel:name": null, "segregated": null, "sidewalk": null, "cycleway": null, "tiger:name_type": null, "passenger_lines": null, "passenger": null, "railway:preserved": null, "cycleway:left": null, "cycleway:right": null, "cycleway:right:lane": null, "lcn": null, "lanes": null, "abandoned:railway": null, "abandoned:name": null, "smoothness": null, "tracktype": null, "source:construction": null, "tiger:source": null, "tiger:tlid": null, "tiger:upload_uuid": null, "review": null, "maxspeed:backward": null, "maxspeed:forward": null, "maxspeed:freight:backward": null, "historic:name": null, "historic:operator": null, "historic:usage": null, "bridge:name": null, "operator:short": null, "embankment": null, "old_name": null, "route": null, "type": null, "cutting": null, "vta:id": null, "maxheight": null, "razed:railway": null, "cycleway:both": null, "cycleway:both:lane": null, "lane_markings": null, "name_1": null, "tiger:name_base_1": null, "tiger:name_type_1": null, "width": null, "abandoned": null, "tiger:separated": null, "incline": null, "bridge:movable": null, "bridge:wikidata": null, "bridge:wikipedia": null, "heritage": null, "heritage:operator": null, "ref:nrhp": null, "bridge_ref": null, "milepost:county": null, "source:bridge": null, "source_ref:bridge": null, "hgv": null, "demolished:railway": null, "loc_name": null, "route_ref": null, "embedded": null, "addr:county": null, "ref:lahcm": null, "construction": null, "opening_date": null, "created_by": null, "bridge:alt_name": null, "maxspeed:freight:forward": null, "name:pronunciation": null, "cable_tram": "cable", "ref:cpuc": null, "ref:fra_crossing": null, "flood_prone": null, "motorcycle": null, "bing": null, "railway:cbtc": null, "tunnel:alt_name": null, "ID": null, "assmntdist": null, "built": null, "finish": null, "region": null, "shape_le_1": null, "shape_len": null, "start": null, "winter": null, "highspeed": null, "crossing:markings": null, "tunnel:wikidata": null, "NHS": null, "dog": null, "bridge:structure": null, "builder": null, "line": null, "is_in:state_code": null, "demolished": null, "old_attraction_name": null, "destination:lanes": null, "hov": null, "toll": null, "toll:hov": null, "turn:lanes": null, "railway:interlaced": null, "seasonal:dry_season": null, "seasonal:wet_season": null, "removed:bridge": null, "designation": null, "razed": null, "name:es": null, "destination": null, "lift_chain": null, "source:1": null, "hov:minimum": null, "old_ref": null, "construction:electrified": null, "construction:frequency": null, "construction:railway": null, "construction:voltage": null, "FIXME": null, "abandoned:usage": null, "admin_level": null, "border_type": null, "boundary": null, "ruins:bridge": null, "own": null, "leisure": null, "ohv": null, "source:maxspeed": null, "maxspeed:passenger": null, "was:gauge": null, "was:service": null, "hgv:national_network": null, "source:hgv:national_network": null, "tiger:name_base_2": null, "tiger:name_type_2": null, "nrhp:criteria": null, "nrhp:inscription_date": null, "nrhp:nhl": null, "old_name:1927-1968": null, "ref:cli": null, "name_2": null, "mtb:scale": null, "mtb:scale:uphill": null, "trail_visibility": null, "alt_owner": null, "url": null, "construction:railway:etcs": null, "lanes:backward": null, "lanes:both_ways": null, "lanes:forward": null, "parking:lane:both": null, "turn:lanes:both_ways": null, "disused:service": null, "MAPKEY": null, "OBJECTID": null, "SHAPE_STLe": null, "sccgis:objectid": null, "miniature:scale": null, "colour": null, "turn:lanes:forward": null, "turn:lanes:backward": null, "parking:lane:right": null, "mtb:scale:imba": null, "sac_scale": null, "cycleway:left:oneway": null, "end_date": null, "bus:lanes:backward": null, "bus:lanes:forward": null, "ford": null, "parking:both": null, "parking:both:orientation": null, "historic_usage": null, "construction:maxspeed": null, "proposed:electrified": null, "proposed:frequency": null, "proposed:voltage": null, "abandoned:service": null, "destination:ref": null, "construction:name": null, "construction:network": null, "construction:operator": null, "construction:wikidata": null, "construction:wikipedia": null, "change": null, "railway:disused": null, "crossing:island": null, "source:exit": null, "source:width": null, "footway": null, "disused": null, "contact:email": null, "contact:phone": null, "contact:website": null, "group_only": null, "name:en": null, "change:forward": null, "change:backward": null, "bus:lanes": null, "trolley_wire": null, "abandoned:electrified": null, "crossing:signals": null, "maxweight:hgv": null, "maxweight:hgv:conditional": null, "maxweight:hgv_articulated": null, "razed:service": null, "demolished:bridge": null, "crossing:barrier": null, "tracks": null, "heritage:website": null, "razed:usage": null, "parking:lane:left": null, "imagery": null, "local_ref": null, "crane:type": null, "submerged": null, "construction:gauge": null, "construction:usage": null, "planned": null, "floor": null, "lastcheck": null, "end_date:railway": null, "bridge:ref": null, "not:name": null, "stroller": null, "path": null, "proposed:railway:etcs": null, "was:bridge": null, "Note": null, "name:absent": null, "construction:service": null }, "geometry": { "type": "LineString", "coordinates": [ [ -122.4176716, 37.79098 ], [ -122.4188604, 37.7908312 ], [ -122.418968, 37.7908171 ], [ -122.4190605, 37.7908064 ], [ -122.4191653, 37.790794 ], [ -122.4205699, 37.7906132 ], [ -122.4206091, 37.7906082 ], [ -122.4207039, 37.7905964 ], [ -122.4207349, 37.7905926 ], [ -122.4207982, 37.7905847 ], [ -122.4215969, 37.7904856 ], [ -122.4218431, 37.7904571 ] ] } },
{ "type": "Feature", "properties": { "id": "way/775883311", "@id": "way/775883311", "area": null, "historic": null, "name": null, "railway": "tram", "landuse": null, "operator": "San Francisco Municipal Railway", "bicycle": null, "covered": null, "departures_board": null, "foot": null, "highway": null, "indoor": null, "network": "Muni", "public_transport": null, "ref": null, "surface": null, "train": null, "lit": null, "wheelchair": null, "bench": null, "bin": null, "shelter": null, "owner": "San Francisco Municipal Railway", "building": null, "disused:railway": null, "source": null, "source_ref": null, "level": null, "tactile_paving": null, "addr:city": null, "addr:housenumber": null, "addr:postcode": null, "addr:state": null, "addr:street": null, "addr:street_direction_prefix": null, "industrial": null, "building:levels": null, "height": null, "light_rail": null, "air_conditioning": null, "attribution": null, "bak:fac_type1": null, "internet_access": null, "bus": null, "tram": null, "wheelchair:description": null, "check_date": null, "passenger_information_display": null, "bridge": null, "layer": null, "check_date:lit": null, "trolleybus": null, "bearing": null, "check_date:shelter": null, "tourism": null, "access": null, "subway": null, "location": null, "tunnel": null, "motor_vehicle": null, "operator:wikidata": null, "electrified": "no", "gauge": "1067", "alt_name": null, "note": null, "note:website": null, "phone": null, "railway:position": null, "railway:ref": null, "short_name": null, "website": null, "wikidata": null, "wikipedia": null, "service": null, "length": null, "addr:housename": null, "attraction": null, "monorail": null, "horse": null, "check_date:bin": null, "tiger:county": null, "start_date": null, "check_date:bench": null, "ele": null, "lacounty:ain": null, "lacounty:bld_id": null, "usage": null, "fixme": null, "rail": null, "source:imagery": null, "description": null, "underground": null, "frequency": null, "voltage": null, "network:wikidata": null, "network:wikipedia": null, "operator:wikipedia": null, "owner:wikidata": null, "owner:wikipedia": null, "organization": null, "crossing": null, "official_name": null, "railway:proposed": null, "proposed:public_transport": null, "proposed:railway": null, "proposed:tram": null, "turntable": null, "biotic_reef:type": null, "image": null, "natural": null, "protection_title": null, "reef": null, "ruined": null, "seamark:type": null, "man_made": null, "proposed": null, "wikimedia_commons": null, "addr:country": null, "toilets:wheelchair": null, "baby_feeding": null, "station": null, "railway:preferred_direction": "forward", "oneway": null, "maxspeed": null, "tiger:cfcc": null, "tiger:reviewed": null, "maxspeed:freight": null, "railway:ptc": null, "railway:track_class": null, "railway:track_ref": null, "old_railway_operator": null, "railway:atc": null, "tiger:name_base": null, "railway:traffic_mode": null, "reporting_marks": null, "tunnel:name": null, "segregated": null, "sidewalk": null, "cycleway": null, "tiger:name_type": null, "passenger_lines": null, "passenger": null, "railway:preserved": null, "cycleway:left": null, "cycleway:right": null, "cycleway:right:lane": null, "lcn": null, "lanes": null, "abandoned:railway": null, "abandoned:name": null, "smoothness": null, "tracktype": null, "source:construction": null, "tiger:source": null, "tiger:tlid": null, "tiger:upload_uuid": null, "review": null, "maxspeed:backward": null, "maxspeed:forward": null, "maxspeed:freight:backward": null, "historic:name": null, "historic:operator": null, "historic:usage": null, "bridge:name": null, "operator:short": null, "embankment": null, "old_name": null, "route": null, "type": null, "cutting": null, "vta:id": null, "maxheight": null, "razed:railway": null, "cycleway:both": null, "cycleway:both:lane": null, "lane_markings": null, "name_1": null, "tiger:name_base_1": null, "tiger:name_type_1": null, "width": null, "abandoned": null, "tiger:separated": null, "incline": null, "bridge:movable": null, "bridge:wikidata": null, "bridge:wikipedia": null, "heritage": null, "heritage:operator": null, "ref:nrhp": null, "bridge_ref": null, "milepost:county": null, "source:bridge": null, "source_ref:bridge": null, "hgv": null, "demolished:railway": null, "loc_name": null, "route_ref": null, "embedded": null, "addr:county": null, "ref:lahcm": null, "construction": null, "opening_date": null, "created_by": null, "bridge:alt_name": null, "maxspeed:freight:forward": null, "name:pronunciation": null, "cable_tram": null, "ref:cpuc": null, "ref:fra_crossing": null, "flood_prone": null, "motorcycle": null, "bing": null, "railway:cbtc": null, "tunnel:alt_name": null, "ID": null, "assmntdist": null, "built": null, "finish": null, "region": null, "shape_le_1": null, "shape_len": null, "start": null, "winter": null, "highspeed": null, "crossing:markings": null, "tunnel:wikidata": null, "NHS": null, "dog": null, "bridge:structure": null, "builder": null, "line": null, "is_in:state_code": null, "demolished": null, "old_attraction_name": null, "destination:lanes": null, "hov": null, "toll": null, "toll:hov": null, "turn:lanes": null, "railway:interlaced": null, "seasonal:dry_season": null, "seasonal:wet_season": null, "removed:bridge": null, "designation": null, "razed": null, "name:es": null, "destination": null, "lift_chain": null, "source:1": null, "hov:minimum": null, "old_ref": null, "construction:electrified": null, "construction:frequency": null, "construction:railway": null, "construction:voltage": null, "FIXME": null, "abandoned:usage": null, "admin_level": null, "border_type": null, "boundary": null, "ruins:bridge": null, "own": null, "leisure": null, "ohv": null, "source:maxspeed": null, "maxspeed:passenger": null, "was:gauge": null, "was:service": null, "hgv:national_network": null, "source:hgv:national_network": null, "tiger:name_base_2": null, "tiger:name_type_2": null, "nrhp:criteria": null, "nrhp:inscription_date": null, "nrhp:nhl": null, "old_name:1927-1968": null, "ref:cli": null, "name_2": null, "mtb:scale": null, "mtb:scale:uphill": null, "trail_visibility": null, "alt_owner": null, "url": null, "construction:railway:etcs": null, "lanes:backward": null, "lanes:both_ways": null, "lanes:forward": null, "parking:lane:both": null, "turn:lanes:both_ways": null, "disused:service": null, "MAPKEY": null, "OBJECTID": null, "SHAPE_STLe": null, "sccgis:objectid": null, "miniature:scale": null, "colour": null, "turn:lanes:forward": null, "turn:lanes:backward": null, "parking:lane:right": null, "mtb:scale:imba": null, "sac_scale": null, "cycleway:left:oneway": null, "end_date": null, "bus:lanes:backward": null, "bus:lanes:forward": null, "ford": null, "parking:both": null, "parking:both:orientation": null, "historic_usage": null, "construction:maxspeed": null, "proposed:electrified": null, "proposed:frequency": null, "proposed:voltage": null, "abandoned:service": null, "destination:ref": null, "construction:name": null, "construction:network": null, "construction:operator": null, "construction:wikidata": null, "construction:wikipedia": null, "change": null, "railway:disused": null, "crossing:island": null, "source:exit": null, "source:width": null, "footway": null, "disused": null, "contact:email": null, "contact:phone": null, "contact:website": null, "group_only": null, "name:en": null, "change:forward": null, "change:backward": null, "bus:lanes": null, "trolley_wire": null, "abandoned:electrified": null, "crossing:signals": null, "maxweight:hgv": null, "maxweight:hgv:conditional": null, "maxweight:hgv_articulated": null, "razed:service": null, "demolished:bridge": null, "crossing:barrier": null, "tracks": null, "heritage:website": null, "razed:usage": null, "parking:lane:left": null, "imagery": null, "local_ref": null, "crane:type": null, "submerged": null, "construction:gauge": null, "construction:usage": null, "planned": null, "floor": null, "lastcheck": null, "end_date:railway": null, "bridge:ref": null, "not:name": null, "stroller": null, "path": null, "proposed:railway:etcs": null, "was:bridge": null, "Note": null, "name:absent": null, "construction:service": null }, "geometry": { "type": "LineString", "coordinates": [ [ -122.4218431, 37.7904571 ], [ -122.4217641, 37.7904589 ], [ -122.4216496, 37.7904582 ], [ -122.4216184, 37.7904588 ], [ -122.4215926, 37.7904601 ] ] } },
{ "type": "Feature", "properties": { "id": "way/775883312", "@id": "way/775883312", "area": null, "historic": null, "name": null, "railway": "tram", "landuse": null, "operator": "San Francisco Municipal Railway", "bicycle": null, "covered": null, "departures_board": null, "foot": null, "highway": null, "indoor": null, "network": "Muni", "public_transport": null, "ref": null, "surface": null, "train": null, "lit": null, "wheelchair": null, "bench": null, "bin": null, "shelter": null, "owner": "San Francisco Municipal Railway", "building": null, "disused:railway": null, "source": null, "source_ref": null, "level": null, "tactile_paving": null, "addr:city": null, "addr:housenumber": null, "addr:postcode": null, "addr:state": null, "addr:street": null, "addr:street_direction_prefix": null, "industrial": null, "building:levels": null, "height": null, "light_rail": null, "air_conditioning": null, "attribution": null, "bak:fac_type1": null, "internet_access": null, "bus": null, "tram": null, "wheelchair:description": null, "check_date": null, "passenger_information_display": null, "bridge": null, "layer": null, "check_date:lit": null, "trolleybus": null, "bearing": null, "check_date:shelter": null, "tourism": null, "access": null, "subway": null, "location": null, "tunnel": null, "motor_vehicle": null, "operator:wikidata": null, "electrified": "no", "gauge": "1067", "alt_name": null, "note": null, "note:website": null, "phone": null, "railway:position": null, "railway:ref": null, "short_name": null, "website": null, "wikidata": null, "wikipedia": null, "service": null, "length": null, "addr:housename": null, "attraction": null, "monorail": null, "horse": null, "check_date:bin": null, "tiger:county": null, "start_date": null, "check_date:bench": null, "ele": null, "lacounty:ain": null, "lacounty:bld_id": null, "usage": null, "fixme": null, "rail": null, "source:imagery": null, "description": null, "underground": null, "frequency": null, "voltage": null, "network:wikidata": null, "network:wikipedia": null, "operator:wikipedia": null, "owner:wikidata": null, "owner:wikipedia": null, "organization": null, "crossing": null, "official_name": null, "railway:proposed": null, "proposed:public_transport": null, "proposed:railway": null, "proposed:tram": null, "turntable": null, "biotic_reef:type": null, "image": null, "natural": null, "protection_title": null, "reef": null, "ruined": null, "seamark:type": null, "man_made": null, "proposed": null, "wikimedia_commons": null, "addr:country": null, "toilets:wheelchair": null, "baby_feeding": null, "station": null, "railway:preferred_direction": "forward", "oneway": null, "maxspeed": null, "tiger:cfcc": null, "tiger:reviewed": null, "maxspeed:freight": null, "railway:ptc": null, "railway:track_class": null, "railway:track_ref": null, "old_railway_operator": null, "railway:atc": null, "tiger:name_base": null, "railway:traffic_mode": null, "reporting_marks": null, "tunnel:name": null, "segregated": null, "sidewalk": null, "cycleway": null, "tiger:name_type": null, "passenger_lines": null, "passenger": null, "railway:preserved": null, "cycleway:left": null, "cycleway:right": null, "cycleway:right:lane": null, "lcn": null, "lanes": null, "abandoned:railway": null, "abandoned:name": null, "smoothness": null, "tracktype": null, "source:construction": null, "tiger:source": null, "tiger:tlid": null, "tiger:upload_uuid": null, "review": null, "maxspeed:backward": null, "maxspeed:forward": null, "maxspeed:freight:backward": null, "historic:name": null, "historic:operator": null, "historic:usage": null, "bridge:name": null, "operator:short": null, "embankment": null, "old_name": null, "route": null, "type": null, "cutting": null, "vta:id": null, "maxheight": null, "razed:railway": null, "cycleway:both": null, "cycleway:both:lane": null, "lane_markings": null, "name_1": null, "tiger:name_base_1": null, "tiger:name_type_1": null, "width": null, "abandoned": null, "tiger:separated": null, "incline": null, "bridge:movable": null, "bridge:wikidata": null, "bridge:wikipedia": null, "heritage": null, "heritage:operator": null, "ref:nrhp": null, "bridge_ref": null, "milepost:county": null, "source:bridge": null, "source_ref:bridge": null, "hgv": null, "demolished:railway": null, "loc_name": null, "route_ref": null, "embedded": null, "addr:county": null, "ref:lahcm": null, "construction": null, "opening_date": null, "created_by": null, "bridge:alt_name": null, "maxspeed:freight:forward": null, "name:pronunciation": null, "cable_tram": "cable", "ref:cpuc": null, "ref:fra_crossing": null, "flood_prone": null, "motorcycle": null, "bing": null, "railway:cbtc": null, "tunnel:alt_name": null, "ID": null, "assmntdist": null, "built": null, "finish": null, "region": null, "shape_le_1": null, "shape_len": null, "start": null, "winter": null, "highspeed": null, "crossing:markings": null, "tunnel:wikidata": null, "NHS": null, "dog": null, "bridge:structure": null, "builder": null, "line": null, "is_in:state_code": null, "demolished": null, "old_attraction_name": null, "destination:lanes": null, "hov": null, "toll": null, "toll:hov": null, "turn:lanes": null, "railway:interlaced": null, "seasonal:dry_season": null, "seasonal:wet_season": null, "removed:bridge": null, "designation": null, "razed": null, "name:es": null, "destination": null, "lift_chain": null, "source:1": null, "hov:minimum": null, "old_ref": null, "construction:electrified": null, "construction:frequency": null, "construction:railway": null, "construction:voltage": null, "FIXME": null, "abandoned:usage": null, "admin_level": null, "border_type": null, "boundary": null, "ruins:bridge": null, "own": null, "leisure": null, "ohv": null, "source:maxspeed": null, "maxspeed:passenger": null, "was:gauge": null, "was:service": null, "hgv:national_network": null, "source:hgv:national_network": null, "tiger:name_base_2": null, "tiger:name_type_2": null, "nrhp:criteria": null, "nrhp:inscription_date": null, "nrhp:nhl": null, "old_name:1927-1968": null, "ref:cli": null, "name_2": null, "mtb:scale": null, "mtb:scale:uphill": null, "trail_visibility": null, "alt_owner": null, "url": null, "construction:railway:etcs": null, "lanes:backward": null, "lanes:both_ways": null, "lanes:forward": null, "parking:lane:both": null, "turn:lanes:both_ways": null, "disused:service": null, "MAPKEY": null, "OBJECTID": null, "SHAPE_STLe": null, "sccgis:objectid": null, "miniature:scale": null, "colour": null, "turn:lanes:forward": null, "turn:lanes:backward": null, "parking:lane:right": null, "mtb:scale:imba": null, "sac_scale": null, "cycleway:left:oneway": null, "end_date": null, "bus:lanes:backward": null, "bus:lanes:forward": null, "ford": null, "parking:both": null, "parking:both:orientation": null, "historic_usage": null, "construction:maxspeed": null, "proposed:electrified": null, "proposed:frequency": null, "proposed:voltage": null, "abandoned:service": null, "destination:ref": null, "construction:name": null, "construction:network": null, "construction:operator": null, "construction:wikidata": null, "construction:wikipedia": null, "change": null, "railway:disused": null, "crossing:island": null, "source:exit": null, "source:width": null, "footway": null, "disused": null, "contact:email": null, "contact:phone": null, "contact:website": null, "group_only": null, "name:en": null, "change:forward": null, "change:backward": null, "bus:lanes": null, "trolley_wire": null, "abandoned:electrified": null, "crossing:signals": null, "maxweight:hgv": null, "maxweight:hgv:conditional": null, "maxweight:hgv_articulated": null, "razed:service": null, "demolished:bridge": null, "crossing:barrier": null, "tracks": null, "heritage:website": null, "razed:usage": null, "parking:lane:left": null, "imagery": null, "local_ref": null, "crane:type": null, "submerged": null, "construction:gauge": null, "construction:usage": null, "planned": null, "floor": null, "lastcheck": null, "end_date:railway": null, "bridge:ref": null, "not:name": null, "stroller": null, "path": null, "proposed:railway:etcs": null, "was:bridge": null, "Note": null, "name:absent": null, "construction:service": null }, "geometry": { "type": "LineString", "coordinates": [ [ -122.3966372, 37.7936239 ], [ -122.3965871, 37.79363 ] ] } }
]
}
