{
"type": "FeatureCollection",
"name": "powell_mason_cable_car",
"crs": { "type": "name", "properties": { "name": "urn:ogc:def:crs:OGC:1.3:CRS84" } },
"features": [
{ "type": "Feature", "properties": { "id": "way/144344604", "@id": "way/144344604", "area": null, "historic": null, "name": null, "railway": "tram", "landuse": null, "operator": "San Francisco Municipal Railway", "bicycle": null, "covered": null, "departures_board": null, "foot": null, "highway": null, "indoor": null, "network": "Muni", "public_transport": null, "ref": null, "surface": null, "train": null, "lit": null, "wheelchair": null, "bench": null, "bin": null, "shelter": null, "owner": "San Francisco Municipal Railway", "building": null, "disused:railway": null, "source": null, "source_ref": null, "level": null, "tactile_paving": null, "addr:city": null, "addr:housenumber": null, "addr:postcode": null, "addr:state": null, "addr:street": null, "addr:street_direction_prefix": null, "industrial": null, "building:levels": null, "height": null, "light_rail": null, "air_conditioning": null, "attribution": null, "bak:fac_type1": null, "internet_access": null, "bus": null, "tram": null, "wheelchair:description": null, "check_date": null, "passenger_information_display": null, "bridge": null, "layer": null, "check_date:lit": null, "trolleybus": null, "bearing": null, "check_date:shelter": null, "tourism": null, "access": null, "subway": null, "location": null, "tunnel": null, "motor_vehicle": null, "operator:wikidata": null, "electrified": "no", "gauge": "1067", "alt_name": null, "note": null, "note:website": null, "phone": null, "railway:position": null, "railway:ref": null, "short_name": null, "website": null, "wikidata": null, "wikipedia": null, "service": null, "length": null, "addr:housename": null, "attraction": null, "monorail": null, "horse": null, "check_date:bin": null, "tiger:county": null, "start_date": null, "check_date:bench": null, "ele": null, "lacounty:ain": null, "lacounty:bld_id": null, "usage": null, "fixme": null, "rail": null, "source:imagery": null, "description": null, "underground": null, "frequency": null, "voltage": null, "network:wikidata": null, "network:wikipedia": null, "operator:wikipedia": null, "owner:wikidata": null, "owner:wikipedia": null, "organization": null, "crossing": null, "official_name": null, "railway:proposed": null, "proposed:public_transport": null, "proposed:railway": null, "proposed:tram": null, "turntable": null, "biotic_reef:type": null, "image": null, "natural": null, "protection_title": null, "reef": null, "ruined": null, "seamark:type": null, "man_made": null, "proposed": null, "wikimedia_commons": null, "addr:country": null, "toilets:wheelchair": null, "baby_feeding": null, "station": null, "railway:preferred_direction": "forward", "oneway": null, "maxspeed": "9.5 mph", "tiger:cfcc": null, "tiger:reviewed": null, "maxspeed:freight": null, "railway:ptc": null, "railway:track_class": null, "railway:track_ref": null, "old_railway_operator": null, "railway:atc": null, "tiger:name_base": null, "railway:traffic_mode": null, "reporting_marks": null, "tunnel:name": null, "segregated": null, "sidewalk": null, "cycleway": null, "tiger:name_type": null, "passenger_lines": null, "passenger": null, "railway:preserved": null, "cycleway:left": null, "cycleway:right": null, "cycleway:right:lane": null, "lcn": null, "lanes": null, "abandoned:railway": null, "abandoned:name": null, "smoothness": null, "tracktype": null, "source:construction": null, "tiger:source": null, "tiger:tlid": null, "tiger:upload_uuid": null, "review": null, "maxspeed:backward": null, "maxspeed:forward": null, "maxspeed:freight:backward": null, "historic:name": null, "historic:operator": null, "historic:usage": null, "bridge:name": null, "operator:short": null, "embankment": null, "old_name": null, "route": null, "type": null, "cutting": null, "vta:id": null, "maxheight": null, "razed:railway": null, "cycleway:both": null, "cycleway:both:lane": null, "lane_markings": null, "name_1": null, "tiger:name_base_1": null, "tiger:name_type_1": null, "width": null, "abandoned": null, "tiger:separated": null, "incline": null, "bridge:movable": null, "bridge:wikidata": null, "bridge:wikipedia": null, "heritage": null, "heritage:operator": null, "ref:nrhp": null, "bridge_ref": null, "milepost:county": null, "source:bridge": null, "source_ref:bridge": null, "hgv": null, "demolished:railway": null, "loc_name": null, "route_ref": null, "embedded": null, "addr:county": null, "ref:lahcm": null, "construction": null, "opening_date": null, "created_by": null, "bridge:alt_name": null, "maxspeed:freight:forward": null, "name:pronunciation": null, "cable_tram": null, "ref:cpuc": null, "ref:fra_crossing": null, "flood_prone": null, "motorcycle": null, "bing": null, "railway:cbtc": null, "tunnel:alt_name": null, "ID": null, "assmntdist": null, "built": null, "finish": null, "region": null, "shape_le_1": null, "shape_len": null, "start": null, "winter": null, "highspeed": null, "crossing:markings": null, "tunnel:wikidata": null, "NHS": null, "dog": null, "bridge:structure": null, "builder": null, "line": null, "is_in:state_code": null, "demolished": null, "old_attraction_name": null, "destination:lanes": null, "hov": null, "toll": null, "toll:hov": null, "turn:lanes": null, "railway:interlaced": null, "seasonal:dry_season": null, "seasonal:wet_season": null, "removed:bridge": null, "designation": null, "razed": null, "name:es": null, "destination": null, "lift_chain": null, "source:1": null, "hov:minimum": null, "old_ref": null, "construction:electrified": null, "construction:frequency": null, "construction:railway": null, "construction:voltage": null, "FIXME": null, "abandoned:usage": null, "admin_level": null, "border_type": null, "boundary": null, "ruins:bridge": null, "own": null, "leisure": null, "ohv": null, "source:maxspeed": null, "maxspeed:passenger": null, "was:gauge": null, "was:service": null, "hgv:national_network": null, "source:hgv:national_network": null, "tiger:name_base_2": null, "tiger:name_type_2": null, "nrhp:criteria": null, "nrhp:inscription_date": null, "nrhp:nhl": null, "old_name:1927-1968": null, "ref:cli": null, "name_2": null, "mtb:scale": null, "mtb:scale:uphill": null, "trail_visibility": null, "alt_owner": null, "url": null, "construction:railway:etcs": null, "lanes:backward": null, "lanes:both_ways": null, "lanes:forward": null, "parking:lane:both": null, "turn:lanes:both_ways": null, "disused:service": null, "MAPKEY": null, "OBJECTID": null, "SHAPE_STLe": null, "sccgis:objectid": null, "miniature:scale": null, "colour": null, "turn:lanes:forward": null, "turn:lanes:backward": null, "parking:lane:right": null, "mtb:scale:imba": null, "sac_scale": null, "cycleway:left:oneway": null, "end_date": null, "bus:lanes:backward": null, "bus:lanes:forward": null, "ford": null, "parking:both": null, "parking:both:orientation": null, "historic_usage": null, "construction:maxspeed": null, "proposed:electrified": null, "proposed:frequency": null, "proposed:voltage": null, "abandoned:service": null, "destination:ref": null, "construction:name": null, "construction:network": null, "construction:operator": null, "construction:wikidata": null, "construction:wikipedia": null, "change": null, "railway:disused": null, "crossing:island": null, "source:exit": null, "source:width": null, "footway": null, "disused": null, "contact:email": null, "contact:phone": null, "contact:website": null, "group_only": null, "name:en": null, "change:forward": null, "change:backward": null, "bus:lanes": null, "trolley_wire": null, "abandoned:electrified": null, "crossing:signals": null, "maxweight:hgv": null, "maxweight:hgv:conditional": null, "maxweight:hgv_articulated": null, "razed:service": null, "demolished:bridge": null, "crossing:barrier": null, "tracks": null, "heritage:website": null, "razed:usage": null, "parking:lane:left": null, "imagery": null, "local_ref": null, "crane:type": null, "submerged": null, "construction:gauge": null, "construction:usage": null, "planned": null, "floor": null, "lastcheck": null, "end_date:railway": null, "bridge:ref": null, "not:name": null, "stroller": null, "path": null, "proposed:railway:etcs": null, "was:bridge": null, "Note": null, "name:absent": null, "construction:service": null }, "geometry": { "type": "LineString", "coordinates": [ [ -122.409756, 37.7949295 ], [ -122.409798, 37.7951465 ], [ -122.4098021, 37.7951661 ] ] } },
{ "type": "Feature", "properties": { "id": "way/144344606", "@id": "way/144344606", "area": null, "historic": null, "name": null, "railway": "tram", "landuse": null, "operator": "San Francisco Municipal Railway", "bicycle": null, "covered": null, "departures_board": null, "foot": null, "highway": null, "indoor": null, "network": "Muni", "public_transport": null, "ref": null, "surface": null, "train": null, "lit": null, "wheelchair": null, "bench": null, "bin": null, "shelter": null, "owner": "San Francisco Municipal Railway", "building": null, "disused:railway": null, "source": null, "source_ref": null, "level": null, "tactile_paving": null, "addr:city": null, "addr:housenumber": null, "addr:postcode": null, "addr:state": null, "addr:street": null, "addr:street_direction_prefix": null, "industrial": null, "building:levels": null, "height": null, "light_rail": null, "air_conditioning": null, "attribution": null, "bak:fac_type1": null, "internet_access": null, "bus": null, "tram": null, "wheelchair:description": null, "check_date": null, "passenger_information_display": null, "bridge": null, "layer": null, "check_date:lit": null, "trolleybus": null, "bearing": null, "check_date:shelter": null, "tourism": null, "access": null, "subway": null, "location": null, "tunnel": null, "motor_vehicle": null, "operator:wikidata": null, "electrified": "no", "gauge": "1067", "alt_name": null, "note": null, "note:website": null, "phone": null, "railway:position": null, "railway:ref": null, "short_name": null, "website": null, "wikidata": null, "wikipedia": null, "service": null, "length": null, "addr:housename": null, "attraction": null, "monorail": null, "horse": null, "check_date:bin": null, "tiger:county": null, "start_date": null, "check_date:bench": null, "ele": null, "lacounty:ain": null, "lacounty:bld_id": null, "usage": null, "fixme": null, "rail": null, "source:imagery": null, "description": null, "underground": null, "frequency": null, "voltage": null, "network:wikidata": null, "network:wikipedia": null, "operator:wikipedia": null, "owner:wikidata": null, "owner:wikipedia": null, "organization": null, "crossing": null, "official_name": null, "railway:proposed": null, "proposed:public_transport": null, "proposed:railway": null, "proposed:tram": null, "turntable": null, "biotic_reef:type": null, "image": null, "natural": null, "protection_title": null, "reef": null, "ruined": null, "seamark:type": null, "man_made": null, "proposed": null, "wikimedia_commons": null, "addr:country": null, "toilets:wheelchair": null, "baby_feeding": null, "station": null, "railway:preferred_direction": "forward", "oneway": null, "maxspeed": "9.5 mph", "tiger:cfcc": null, "tiger:reviewed": null, "maxspeed:freight": null, "railway:ptc": null, "railway:track_class": null, "railway:track_ref": null, "old_railway_operator": null, "railway:atc": null, "tiger:name_base": null, "railway:traffic_mode": null, "reporting_marks": null, "tunnel:name": null, "segregated": null, "sidewalk": null, "cycleway": null, "tiger:name_type": null, "passenger_lines": null, "passenger": null, "railway:preserved": null, "cycleway:left": null, "cycleway:right": null, "cycleway:right:lane": null, "lcn": null, "lanes": null, "abandoned:railway": null, "abandoned:name": null, "smoothness": null, "tracktype": null, "source:construction": null, "tiger:source": null, "tiger:tlid": null, "tiger:upload_uuid": null, "review": null, "maxspeed:backward": null, "maxspeed:forward": null, "maxspeed:freight:backward": null, "historic:name": null, "historic:operator": null, "historic:usage": null, "bridge:name": null, "operator:short": null, "embankment": null, "old_name": null, "route": null, "type": null, "cutting": null, "vta:id": null, "maxheight": null, "razed:railway": null, "cycleway:both": null, "cycleway:both:lane": null, "lane_markings": null, "name_1": null, "tiger:name_base_1": null, "tiger:name_type_1": null, "width": null, "abandoned": null, "tiger:separated": null, "incline": null, "bridge:movable": null, "bridge:wikidata": null, "bridge:wikipedia": null, "heritage": null, "heritage:operator": null, "ref:nrhp": null, "bridge_ref": null, "milepost:county": null, "source:bridge": null, "source_ref:bridge": null, "hgv": null, "demolished:railway": null, "loc_name": null, "route_ref": null, "embedded": null, "addr:county": null, "ref:lahcm": null, "construction": null, "opening_date": null, "created_by": null, "bridge:alt_name": null, "maxspeed:freight:forward": null, "name:pronunciation": null, "cable_tram": "cable", "ref:cpuc": null, "ref:fra_crossing": null, "flood_prone": null, "motorcycle": null, "bing": null, "railway:cbtc": null, "tunnel:alt_name": null, "ID": null, "assmntdist": null, "built": null, "finish": null, "region": null, "shape_le_1": null, "shape_len": null, "start": null, "winter": null, "highspeed": null, "crossing:markings": null, "tunnel:wikidata": null, "NHS": null, "dog": null, "bridge:structure": null, "builder": null, "line": null, "is_in:state_code": null, "demolished": null, "old_attraction_name": null, "destination:lanes": null, "hov": null, "toll": null, "toll:hov": null, "turn:lanes": null, "railway:interlaced": null, "seasonal:dry_season": null, "seasonal:wet_season": null, "removed:bridge": null, "designation": null, "razed": null, "name:es": null, "destination": null, "lift_chain": null, "source:1": null, "hov:minimum": null, "old_ref": null, "construction:electrified": null, "construction:frequency": null, "construction:railway": null, "construction:voltage": null, "FIXME": null, "abandoned:usage": null, "admin_level": null, "border_type": null, "boundary": null, "ruins:bridge": null, "own": null, "leisure": null, "ohv": null, "source:maxspeed": null, "maxspeed:passenger": null, "was:gauge": null, "was:service": null, "hgv:national_network": null, "source:hgv:national_network": null, "tiger:name_base_2": null, "tiger:name_type_2": null, "nrhp:criteria": null, "nrhp:inscription_date": null, "nrhp:nhl": null, "old_name:1927-1968": null, "ref:cli": null, "name_2": null, "mtb:scale": null, "mtb:scale:uphill": null, "trail_visibility": null, "alt_owner": null, "url": null, "construction:railway:etcs": null, "lanes:backward": null, "lanes:both_ways": null, "lanes:forward": null, "parking:lane:both": null, "turn:lanes:both_ways": null, "disused:service": null, "MAPKEY": null, "OBJECTID": null, "SHAPE_STLe": null, "sccgis:objectid": null, "miniature:scale": null, "colour": null, "turn:lanes:forward": null, "turn:lanes:backward": null, "parking:lane:right": null, "mtb:scale:imba": null, "sac_scale": null, "cycleway:left:oneway": null, "end_date": null, "bus:lanes:backward": null, "bus:lanes:forward": null, "ford": null, "parking:both": null, "parking:both:orientation": null, "historic_usage": null, "construction:maxspeed": null, "proposed:electrified": null, "proposed:frequency": null, "proposed:voltage": null, "abandoned:service": null, "destination:ref": null, "construction:name": null, "construction:network": null, "construction:operator": null, "construction:wikidata": null, "construction:wikipedia": null, "change": null, "railway:disused": null, "crossing:island": null, "source:exit": null, "source:width": null, "footway": null, "disused": null, "contact:email": null, "contact:phone": null, "contact:website": null, "group_only": null, "name:en": null, "change:forward": null, "change:backward": null, "bus:lanes": null, "trolley_wire": null, "abandoned:electrified": null, "crossing:signals": null, "maxweight:hgv": null, "maxweight:hgv:conditional": null, "maxweight:hgv_articulated": null, "razed:service": null, "demolished:bridge": null, "crossing:barrier": null, "tracks": null, "heritage:website": null, "razed:usage": null, "parking:lane:left": null, "imagery": null, "local_ref": null, "crane:type": null, "submerged": null, "construction:gauge": null, "construction:usage": null, "planned": null, "floor": null, "lastcheck": null, "end_date:railway": null, "bridge:ref": null, "not:name": null, "stroller": null, "path": null, "proposed:railway:etcs": null, "was:bridge": null, "Note": null, "name:absent": null, "construction:service": null }, "geometry": { "type": "LineString", "coordinates": [ [ -122.4078365, 37.7854237 ], [ -122.4078521, 37.7855024 ], [ -122.4078676, 37.7855809 ], [ -122.408011, 37.7863076 ], [ -122.4080177, 37.7863433 ], [ -122.408023, 37.7863665 ], [ -122.4080355, 37.7864365 ], [ -122.4080525, 37.7865124 ], [ -122.4080605, 37.7865486 ], [ -122.408198, 37.7872216 ], [ -122.4082128, 37.7872965 ], [ -122.4082287, 37.7873737 ], [ -122.4082467, 37.7874608 ], [ -122.4083263, 37.7878601 ], [ -122.4083653, 37.788056 ], [ -122.408386, 37.7881636 ], [ -122.4084003, 37.7882174 ], [ -122.4084113, 37.7882712 ], [ -122.4084149, 37.7882888 ], [ -122.4084163, 37.7882953 ], [ -122.4084335, 37.7883787 ], [ -122.40857, 37.7890828 ], [ -122.4085835, 37.789146 ], [ -122.4085992, 37.789231 ], [ -122.4086056, 37.7892619 ], [ -122.4086181, 37.7893236 ], [ -122.4087736, 37.7900887 ], [ -122.4087875, 37.7901645 ], [ -122.408793, 37.7901938 ], [ -122.4088059, 37.7902546 ], [ -122.4089641, 37.7910204 ], [ -122.4089774, 37.7910951 ], [ -122.408978, 37.7911016 ], [ -122.4089951, 37.7911869 ], [ -122.4091471, 37.7919549 ], [ -122.4091526, 37.7919826 ] ] } },
{ "type": "Feature", "properties": { "id": "way/144344607", "@id": "way/144344607", "area": null, "historic": null, "name": null, "railway": "tram", "landuse": null, "operator": "San Francisco Municipal Railway", "bicycle": null, "covered": null, "departures_board": null, "foot": null, "highway": null, "indoor": null, "network": "Muni", "public_transport": null, "ref": null, "surface": null, "train": null, "lit": null, "wheelchair": null, "bench": null, "bin": null, "shelter": null, "owner": "San Francisco Municipal Railway", "building": null, "disused:railway": null, "source": null, "source_ref": null, "level": null, "tactile_paving": null, "addr:city": null, "addr:housenumber": null, "addr:postcode": null, "addr:state": null, "addr:street": null, "addr:street_direction_prefix": null, "industrial": null, "building:levels": null, "height": null, "light_rail": null, "air_conditioning": null, "attribution": null, "bak:fac_type1": null, "internet_access": null, "bus": null, "tram": null, "wheelchair:description": null, "check_date": null, "passenger_information_display": null, "bridge": null, "layer": null, "check_date:lit": null, "trolleybus": null, "bearing": null, "check_date:shelter": null, "tourism": null, "access": null, "subway": null, "location": null, "tunnel": null, "motor_vehicle": null, "operator:wikidata": null, "electrified": "no", "gauge": "1067", "alt_name": null, "note": null, "note:website": null, "phone": null, "railway:position": null, "railway:ref": null, "short_name": null, "website": null, "wikidata": null, "wikipedia": null, "service": null, "length": null, "addr:housename": null, "attraction": null, "monorail": null, "horse": null, "check_date:bin": null, "tiger:county": null, "start_date": null, "check_date:bench": null, "ele": null, "lacounty:ain": null, "lacounty:bld_id": null, "usage": null, "fixme": null, "rail": null, "source:imagery": null, "description": null, "underground": null, "frequency": null, "voltage": null, "network:wikidata": null, "network:wikipedia": null, "operator:wikipedia": null, "owner:wikidata": null, "owner:wikipedia": null, "organization": null, "crossing": null, "official_name": null, "railway:proposed": null, "proposed:public_transport": null, "proposed:railway": null, "proposed:tram": null, "turntable": null, "biotic_reef:type": null, "image": null, "natural": null, "protection_title": null, "reef": null, "ruined": null, "seamark:type": null, "man_made": null, "proposed": null, "wikimedia_commons": null, "addr:country": null, "toilets:wheelchair": null, "baby_feeding": null, "station": null, "railway:preferred_direction": "forward", "oneway": null, "maxspeed": "9.5 mph", "tiger:cfcc": null, "tiger:reviewed": null, "maxspeed:freight": null, "railway:ptc": null, "railway:track_class": null, "railway:track_ref": null, "old_railway_operator": null, "railway:atc": null, "tiger:name_base": null, "railway:traffic_mode": null, "reporting_marks": null, "tunnel:name": null, "segregated": null, "sidewalk": null, "cycleway": null, "tiger:name_type": null, "passenger_lines": null, "passenger": null, "railway:preserved": null, "cycleway:left": null, "cycleway:right": null, "cycleway:right:lane": null, "lcn": null, "lanes": null, "abandoned:railway": null, "abandoned:name": null, "smoothness": null, "tracktype": null, "source:construction": null, "tiger:source": null, "tiger:tlid": null, "tiger:upload_uuid": null, "review": null, "maxspeed:backward": null, "maxspeed:forward": null, "maxspeed:freight:backward": null, "historic:name": null, "historic:operator": null, "historic:usage": null, "bridge:name": null, "operator:short": null, "embankment": null, "old_name": null, "route": null, "type": null, "cutting": null, "vta:id": null, "maxheight": null, "razed:railway": null, "cycleway:both": null, "cycleway:both:lane": null, "lane_markings": null, "name_1": null, "tiger:name_base_1": null, "tiger:name_type_1": null, "width": null, "abandoned": null, "tiger:separated": null, "incline": null, "bridge:movable": null, "bridge:wikidata": null, "bridge:wikipedia": null, "heritage": null, "heritage:operator": null, "ref:nrhp": null, "bridge_ref": null, "milepost:county": null, "source:bridge": null, "source_ref:bridge": null, "hgv": null, "demolished:railway": null, "loc_name": null, "route_ref": null, "embedded": null, "addr:county": null, "ref:lahcm": null, "construction": null, "opening_date": null, "created_by": null, "bridge:alt_name": null, "maxspeed:freight:forward": null, "name:pronunciation": null, "cable_tram": "cable", "ref:cpuc": null, "ref:fra_crossing": null, "flood_prone": null, "motorcycle": null, "bing": null, "railway:cbtc": null, "tunnel:alt_name": null, "ID": null, "assmntdist": null, "built": null, "finish": null, "region": null, "shape_le_1": null, "shape_len": null, "start": null, "winter": null, "highspeed": null, "crossing:markings": null, "tunnel:wikidata": null, "NHS": null, "dog": null, "bridge:structure": null, "builder": null, "line": null, "is_in:state_code": null, "demolished": null, "old_attraction_name": null, "destination:lanes": null, "hov": null, "toll": null, "toll:hov": null, "turn:lanes": null, "railway:interlaced": null, "seasonal:dry_season": null, "seasonal:wet_season": null, "removed:bridge": null, "designation": null, "razed": null, "name:es": null, "destination": null, "lift_chain": null, "source:1": null, "hov:minimum": null, "old_ref": null, "construction:electrified": null, "construction:frequency": null, "construction:railway": null, "construction:voltage": null, "FIXME": null, "abandoned:usage": null, "admin_level": null, "border_type": null, "boundary": null, "ruins:bridge": null, "own": null, "leisure": null, "ohv": null, "source:maxspeed": null, "maxspeed:passenger": null, "was:gauge": null, "was:service": null, "hgv:national_network": null, "source:hgv:national_network": null, "tiger:name_base_2": null, "tiger:name_type_2": null, "nrhp:criteria": null, "nrhp:inscription_date": null, "nrhp:nhl": null, "old_name:1927-1968": null, "ref:cli": null, "name_2": null, "mtb:scale": null, "mtb:scale:uphill": null, "trail_visibility": null, "alt_owner": null, "url": null, "construction:railway:etcs": null, "lanes:backward": null, "lanes:both_ways": null, "lanes:forward": null, "parking:lane:both": null, "turn:lanes:both_ways": null, "disused:service": null, "MAPKEY": null, "OBJECTID": null, "SHAPE_STLe": null, "sccgis:objectid": null, "miniature:scale": null, "colour": null, "turn:lanes:forward": null, "turn:lanes:backward": null, "parking:lane:right": null, "mtb:scale:imba": null, "sac_scale": null, "cycleway:left:oneway": null, "end_date": null, "bus:lanes:backward": null, "bus:lanes:forward": null, "ford": null, "parking:both": null, "parking:both:orientation": null, "historic_usage": null, "construction:maxspeed": null, "proposed:electrified": null, "proposed:frequency": null, "proposed:voltage": null, "abandoned:service": null, "destination:ref": null, "construction:name": null, "construction:network": null, "construction:operator": null, "construction:wikidata": null, "construction:wikipedia": null, "change": null, "railway:disused": null, "crossing:island": null, "source:exit": null, "source:width": null, "footway": null, "disused": null, "contact:email": null, "contact:phone": null, "contact:website": null, "group_only": null, "name:en": null, "change:forward": null, "change:backward": null, "bus:lanes": null, "trolley_wire": null, "abandoned:electrified": null, "crossing:signals": null, "maxweight:hgv": null, "maxweight:hgv:conditional": null, "maxweight:hgv_articulated": null, "razed:service": null, "demolished:bridge": null, "crossing:barrier": null, "tracks": null, "heritage:website": null, "razed:usage": null, "parking:lane:left": null, "imagery": null, "local_ref": null, "crane:type": null, "submerged": null, "construction:gauge": null, "construction:usage": null, "planned": null, "floor": null, "lastcheck": null, "end_date:railway": null, "bridge:ref": null, "not:name": null, "stroller": null, "path": null, "proposed:railway:etcs": null, "was:bridge": null, "Note": null, "name:absent": null, "construction:service": null }, "geometry": { "type": "LineString", "coordinates": [ [ -122.409189, 37.7919797 ], [ -122.4091834, 37.7919503 ], [ -122.4090362, 37.7911822 ], [ -122.4090161, 37.7910902 ], [ -122.409015, 37.7910886 ], [ -122.4089999, 37.7910163 ], [ -122.408961, 37.7908118 ], [ -122.4088395, 37.7902503 ], [ -122.408825, 37.7901854 ], [ -122.4088199, 37.7901604 ], [ -122.4088046, 37.7900848 ], [ -122.408652, 37.7893194 ], [ -122.4086397, 37.7892579 ], [ -122.4086335, 37.7892266 ], [ -122.4086165, 37.7891419 ], [ -122.408595, 37.7890377 ], [ -122.408474, 37.7884098 ], [ -122.4084663, 37.7883748 ], [ -122.4084492, 37.7882911 ], [ -122.4084347, 37.7882186 ], [ -122.408283, 37.7874691 ], [ -122.4082798, 37.7874514 ], [ -122.4082629, 37.7873672 ], [ -122.4082477, 37.7872917 ], [ -122.408094, 37.7865507 ], [ -122.4080936, 37.7865444 ], [ -122.4080858, 37.786508 ], [ -122.4080717, 37.7864319 ], [ -122.4080562, 37.7863621 ], [ -122.4080487, 37.7863193 ], [ -122.4079003, 37.7855764 ], [ -122.4078848, 37.7854982 ], [ -122.4078695, 37.7854196 ] ] } },
{ "type": "Feature", "properties": { "id": "way/144779080", "@id": "way/144779080", "area": null, "historic": null, "name": null, "railway": "tram", "landuse": null, "operator": "San Francisco Municipal Railway", "bicycle": null, "covered": null, "departures_board": null, "foot": null, "highway": null, "indoor": null, "network": "Muni", "public_transport": null, "ref": null, "surface": null, "train": null, "lit": null, "wheelchair": null, "bench": null, "bin": null, "shelter": null, "owner": "San Francisco Municipal Railway", "building": null, "disused:railway": null, "source": null, "source_ref": null, "level": null, "tactile_paving": null, "addr:city": null, "addr:housenumber": null, "addr:postcode": null, "addr:state": null, "addr:street": null, "addr:street_direction_prefix": null, "industrial": null, "building:levels": null, "height": null, "light_rail": null, "air_conditioning": null, "attribution": null, "bak:fac_type1": null, "internet_access": null, "bus": null, "tram": null, "wheelchair:description": null, "check_date": null, "passenger_information_display": null, "bridge": null, "layer": null, "check_date:lit": null, "trolleybus": null, "bearing": null, "check_date:shelter": null, "tourism": null, "access": null, "subway": null, "location": null, "tunnel": null, "motor_vehicle": null, "operator:wikidata": null, "electrified": "no", "gauge": "1067", "alt_name": null, "note": null, "note:website": null, "phone": null, "railway:position": null, "railway:ref": null, "short_name": null, "website": null, "wikidata": null, "wikipedia": null, "service": null, "length": null, "addr:housename": null, "attraction": null, "monorail": null, "horse": null, "check_date:bin": null, "tiger:county": null, "start_date": null, "check_date:bench": null, "ele": null, "lacounty:ain": null, "lacounty:bld_id": null, "usage": null, "fixme": null, "rail": null, "source:imagery": null, "description": null, "underground": null, "frequency": null, "voltage": null, "network:wikidata": null, "network:wikipedia": null, "operator:wikipedia": null, "owner:wikidata": null, "owner:wikipedia": null, "organization": null, "crossing": null, "official_name": null, "railway:proposed": null, "proposed:public_transport": null, "proposed:railway": null, "proposed:tram": null, "turntable": null, "biotic_reef:type": null, "image": null, "natural": null, "protection_title": null, "reef": null, "ruined": null, "seamark:type": null, "man_made": null, "proposed": null, "wikimedia_commons": null, "addr:country": null, "toilets:wheelchair": null, "baby_feeding": null, "station": null, "railway:preferred_direction": "forward", "oneway": null, "maxspeed": "9.5 mph", "tiger:cfcc": null, "tiger:reviewed": null, "maxspeed:freight": null, "railway:ptc": null, "railway:track_class": null, "railway:track_ref": null, "old_railway_operator": null, "railway:atc": null, "tiger:name_base": null, "railway:traffic_mode": null, "reporting_marks": null, "tunnel:name": null, "segregated": null, "sidewalk": null, "cycleway": null, "tiger:name_type": null, "passenger_lines": null, "passenger": null, "railway:preserved": null, "cycleway:left": null, "cycleway:right": null, "cycleway:right:lane": null, "lcn": null, "lanes": null, "abandoned:railway": null, "abandoned:name": null, "smoothness": null, "tracktype": null, "source:construction": null, "tiger:source": null, "tiger:tlid": null, "tiger:upload_uuid": null, "review": null, "maxspeed:backward": null, "maxspeed:forward": null, "maxspeed:freight:backward": null, "historic:name": null, "historic:operator": null, "historic:usage": null, "bridge:name": null, "operator:short": null, "embankment": null, "old_name": null, "route": null, "type": null, "cutting": null, "vta:id": null, "maxheight": null, "razed:railway": null, "cycleway:both": null, "cycleway:both:lane": null, "lane_markings": null, "name_1": null, "tiger:name_base_1": null, "tiger:name_type_1": null, "width": null, "abandoned": null, "tiger:separated": null, "incline": null, "bridge:movable": null, "bridge:wikidata": null, "bridge:wikipedia": null, "heritage": null, "heritage:operator": null, "ref:nrhp": null, "bridge_ref": null, "milepost:county": null, "source:bridge": null, "source_ref:bridge": null, "hgv": null, "demolished:railway": null, "loc_name": null, "route_ref": null, "embedded": null, "addr:county": null, "ref:lahcm": null, "construction": null, "opening_date": null, "created_by": null, "bridge:alt_name": null, "maxspeed:freight:forward": null, "name:pronunciation": null, "cable_tram": "cable", "ref:cpuc": null, "ref:fra_crossing": null, "flood_prone": null, "motorcycle": null, "bing": null, "railway:cbtc": null, "tunnel:alt_name": null, "ID": null, "assmntdist": null, "built": null, "finish": null, "region": null, "shape_le_1": null, "shape_len": null, "start": null, "winter": null, "highspeed": null, "crossing:markings": null, "tunnel:wikidata": null, "NHS": null, "dog": null, "bridge:structure": null, "builder": null, "line": null, "is_in:state_code": null, "demolished": null, "old_attraction_name": null, "destination:lanes": null, "hov": null, "toll": null, "toll:hov": null, "turn:lanes": null, "railway:interlaced": null, "seasonal:dry_season": null, "seasonal:wet_season": null, "removed:bridge": null, "designation": null, "razed": null, "name:es": null, "destination": null, "lift_chain": null, "source:1": null, "hov:minimum": null, "old_ref": null, "construction:electrified": null, "construction:frequency": null, "construction:railway": null, "construction:voltage": null, "FIXME": null, "abandoned:usage": null, "admin_level": null, "border_type": null, "boundary": null, "ruins:bridge": null, "own": null, "leisure": null, "ohv": null, "source:maxspeed": null, "maxspeed:passenger": null, "was:gauge": null, "was:service": null, "hgv:national_network": null, "source:hgv:national_network": null, "tiger:name_base_2": null, "tiger:name_type_2": null, "nrhp:criteria": null, "nrhp:inscription_date": null, "nrhp:nhl": null, "old_name:1927-1968": null, "ref:cli": null, "name_2": null, "mtb:scale": null, "mtb:scale:uphill": null, "trail_visibility": null, "alt_owner": null, "url": null, "construction:railway:etcs": null, "lanes:backward": null, "lanes:both_ways": null, "lanes:forward": null, "parking:lane:both": null, "turn:lanes:both_ways": null, "disused:service": null, "MAPKEY": null, "OBJECTID": null, "SHAPE_STLe": null, "sccgis:objectid": null, "miniature:scale": null, "colour": null, "turn:lanes:forward": null, "turn:lanes:backward": null, "parking:lane:right": null, "mtb:scale:imba": null, "sac_scale": null, "cycleway:left:oneway": null, "end_date": null, "bus:lanes:backward": null, "bus:lanes:forward": null, "ford": null, "parking:both": null, "parking:both:orientation": null, "historic_usage": null, "construction:maxspeed": null, "proposed:electrified": null, "proposed:frequency": null, "proposed:voltage": null, "abandoned:service": null, "destination:ref": null, "construction:name": null, "construction:network": null, "construction:operator": null, "construction:wikidata": null, "construction:wikipedia": null, "change": null, "railway:disused": null, "crossing:island": null, "source:exit": null, "source:width": null, "footway": null, "disused": null, "contact:email": null, "contact:phone": null, "contact:website": null, "group_only": null, "name:en": null, "change:forward": null, "change:backward": null, "bus:lanes": null, "trolley_wire": null, "abandoned:electrified": null, "crossing:signals": null, "maxweight:hgv": null, "maxweight:hgv:conditional": null, "maxweight:hgv_articulated": null, "razed:service": null, "demolished:bridge": null, "crossing:barrier": null, "tracks": null, "heritage:website": null, "razed:usage": null, "parking:lane:left": null, "imagery": null, "local_ref": null, "crane:type": null, "submerged": null, "construction:gauge": null, "construction:usage": null, "planned": null, "floor": null, "lastcheck": null, "end_date:railway": null, "bridge:ref": null, "not:name": null, "stroller": null, "path": null, "proposed:railway:etcs": null, "was:bridge": null, "Note": null, "name:absent": null, "construction:service": null }, "geometry": { "type": "LineString", "coordinates": [ [ -122.4152052, 37.8050529 ], [ -122.4151891, 37.804967 ], [ -122.4151035, 37.8045584 ], [ -122.415089, 37.8044764 ], [ -122.4150757, 37.8044119 ], [ -122.4150623, 37.8043524 ], [ -122.4150308, 37.8042004 ], [ -122.4149509, 37.8038146 ], [ -122.4149292, 37.8037181 ], [ -122.4149144, 37.8036635 ], [ -122.4148949, 37.8036149 ], [ -122.4148598, 37.8035445 ], [ -122.4148409, 37.8035147 ], [ -122.4147981, 37.8034627 ], [ -122.4147498, 37.8034144 ], [ -122.4146868, 37.8033665 ], [ -122.4139853, 37.802877 ], [ -122.4139206, 37.8028339 ], [ -122.41379, 37.802743 ], [ -122.4136972, 37.802677 ], [ -122.4131129, 37.8022705 ], [ -122.4130396, 37.802211 ], [ -122.4129768, 37.8021413 ], [ -122.4129231, 37.8020504 ], [ -122.4128924, 37.8019835 ], [ -122.4128721, 37.8018889 ], [ -122.4128675, 37.8018681 ], [ -122.4128597, 37.8018325 ], [ -122.4127868, 37.8014343 ], [ -122.4127111, 37.8010512 ], [ -122.4126938, 37.8009639 ], [ -122.4126894, 37.800943 ], [ -122.4126799, 37.8008957 ], [ -122.4125676, 37.800335 ], [ -122.4125244, 37.8001134 ], [ -122.412507, 37.8000335 ], [ -122.4125036, 37.8000154 ], [ -122.4124925, 37.7999616 ], [ -122.4123298, 37.799185 ], [ -122.4123128, 37.7991028 ], [ -122.4123023, 37.7990522 ], [ -122.4122979, 37.7990316 ], [ -122.4121514, 37.7982695 ], [ -122.4121474, 37.7982493 ], [ -122.4121316, 37.7981681 ], [ -122.4121175, 37.7981033 ], [ -122.4120383, 37.7977373 ], [ -122.4119619, 37.7973574 ], [ -122.4119593, 37.7973425 ], [ -122.4119439, 37.7972687 ], [ -122.411935, 37.7972236 ], [ -122.4118998, 37.7970494 ], [ -122.411891, 37.7970058 ], [ -122.4118837, 37.796969 ], [ -122.4117621, 37.7963594 ], [ -122.411749, 37.7962936 ], [ -122.411738, 37.796241 ], [ -122.411716, 37.7961368 ], [ -122.4116538, 37.7958504 ], [ -122.41161, 37.7956222 ], [ -122.4115809, 37.7954694 ], [ -122.4115697, 37.7954108 ], [ -122.4115688, 37.7954071 ], [ -122.4115655, 37.7953887 ], [ -122.4115608, 37.795365 ], [ -122.4115259, 37.79519 ], [ -122.411428, 37.7946859 ], [ -122.4114189, 37.794652 ] ] } },
{ "type": "Feature", "properties": { "id": "way/144779081", "@id": "way/144779081", "area": null, "historic": null, "name": null, "railway": "tram", "landuse": null, "operator": "San Francisco Municipal Railway", "bicycle": null, "covered": null, "departures_board": null, "foot": null, "highway": null, "indoor": null, "network": "Muni", "public_transport": null, "ref": null, "surface": null, "train": null, "lit": null, "wheelchair": null, "bench": null, "bin": null, "shelter": null, "owner": "San Francisco Municipal Railway", "building": null, "disused:railway": null, "source": null, "source_ref": null, "level": null, "tactile_paving": null, "addr:city": null, "addr:housenumber": null, "addr:postcode": null, "addr:state": null, "addr:street": null, "addr:street_direction_prefix": null, "industrial": null, "building:levels": null, "height": null, "light_rail": null, "air_conditioning": null, "attribution": null, "bak:fac_type1": null, "internet_access": null, "bus": null, "tram": null, "wheelchair:description": null, "check_date": null, "passenger_information_display": null, "bridge": null, "layer": null, "check_date:lit": null, "trolleybus": null, "bearing": null, "check_date:shelter": null, "tourism": null, "access": null, "subway": null, "location": null, "tunnel": null, "motor_vehicle": null, "operator:wikidata": null, "electrified": "no", "gauge": "1067", "alt_name": null, "note": null, "note:website": null, "phone": null, "railway:position": null, "railway:ref": null, "short_name": null, "website": null, "wikidata": null, "wikipedia": null, "service": "crossover", "length": null, "addr:housename": null, "attraction": null, "monorail": null, "horse": null, "check_date:bin": null, "tiger:county": null, "start_date": null, "check_date:bench": null, "ele": null, "lacounty:ain": null, "lacounty:bld_id": null, "usage": null, "fixme": null, "rail": null, "source:imagery": null, "description": null, "underground": null, "frequency": null, "voltage": null, "network:wikidata": null, "network:wikipedia": null, "operator:wikipedia": null, "owner:wikidata": null, "owner:wikipedia": null, "organization": null, "crossing": null, "official_name": null, "railway:proposed": null, "proposed:public_transport": null, "proposed:railway": null, "proposed:tram": null, "turntable": null, "biotic_reef:type": null, "image": null, "natural": null, "protection_title": null, "reef": null, "ruined": null, "seamark:type": null, "man_made": null, "proposed": null, "wikimedia_commons": null, "addr:country": null, "toilets:wheelchair": null, "baby_feeding": null, "station": null, "railway:preferred_direction": null, "oneway": null, "maxspeed": null, "tiger:cfcc": null, "tiger:reviewed": null, "maxspeed:freight": null, "railway:ptc": null, "railway:track_class": null, "railway:track_ref": null, "old_railway_operator": null, "railway:atc": null, "tiger:name_base": null, "railway:traffic_mode": null, "reporting_marks": null, "tunnel:name": null, "segregated": null, "sidewalk": null, "cycleway": null, "tiger:name_type": null, "passenger_lines": null, "passenger": null, "railway:preserved": null, "cycleway:left": null, "cycleway:right": null, "cycleway:right:lane": null, "lcn": null, "lanes": null, "abandoned:railway": null, "abandoned:name": null, "smoothness": null, "tracktype": null, "source:construction": null, "tiger:source": null, "tiger:tlid": null, "tiger:upload_uuid": null, "review": null, "maxspeed:backward": null, "maxspeed:forward": null, "maxspeed:freight:backward": null, "historic:name": null, "historic:operator": null, "historic:usage": null, "bridge:name": null, "operator:short": null, "embankment": null, "old_name": null, "route": null, "type": null, "cutting": null, "vta:id": null, "maxheight": null, "razed:railway": null, "cycleway:both": null, "cycleway:both:lane": null, "lane_markings": null, "name_1": null, "tiger:name_base_1": null, "tiger:name_type_1": null, "width": null, "abandoned": null, "tiger:separated": null, "incline": null, "bridge:movable": null, "bridge:wikidata": null, "bridge:wikipedia": null, "heritage": null, "heritage:operator": null, "ref:nrhp": null, "bridge_ref": null, "milepost:county": null, "source:bridge": null, "source_ref:bridge": null, "hgv": null, "demolished:railway": null, "loc_name": null, "route_ref": null, "embedded": null, "addr:county": null, "ref:lahcm": null, "construction": null, "opening_date": null, "created_by": null, "bridge:alt_name": null, "maxspeed:freight:forward": null, "name:pronunciation": null, "cable_tram": null, "ref:cpuc": null, "ref:fra_crossing": null, "flood_prone": null, "motorcycle": null, "bing": null, "railway:cbtc": null, "tunnel:alt_name": null, "ID": null, "assmntdist": null, "built": null, "finish": null, "region": null, "shape_le_1": null, "shape_len": null, "start": null, "winter": null, "highspeed": null, "crossing:markings": null, "tunnel:wikidata": null, "NHS": null, "dog": null, "bridge:structure": null, "builder": null, "line": null, "is_in:state_code": null, "demolished": null, "old_attraction_name": null, "destination:lanes": null, "hov": null, "toll": null, "toll:hov": null, "turn:lanes": null, "railway:interlaced": null, "seasonal:dry_season": null, "seasonal:wet_season": null, "removed:bridge": null, "designation": null, "razed": null, "name:es": null, "destination": null, "lift_chain": null, "source:1": null, "hov:minimum": null, "old_ref": null, "construction:electrified": null, "construction:frequency": null, "construction:railway": null, "construction:voltage": null, "FIXME": null, "abandoned:usage": null, "admin_level": null, "border_type": null, "boundary": null, "ruins:bridge": null, "own": null, "leisure": null, "ohv": null, "source:maxspeed": null, "maxspeed:passenger": null, "was:gauge": null, "was:service": null, "hgv:national_network": null, "source:hgv:national_network": null, "tiger:name_base_2": null, "tiger:name_type_2": null, "nrhp:criteria": null, "nrhp:inscription_date": null, "nrhp:nhl": null, "old_name:1927-1968": null, "ref:cli": null, "name_2": null, "mtb:scale": null, "mtb:scale:uphill": null, "trail_visibility": null, "alt_owner": null, "url": null, "construction:railway:etcs": null, "lanes:backward": null, "lanes:both_ways": null, "lanes:forward": null, "parking:lane:both": null, "turn:lanes:both_ways": null, "disused:service": null, "MAPKEY": null, "OBJECTID": null, "SHAPE_STLe": null, "sccgis:objectid": null, "miniature:scale": null, "colour": null, "turn:lanes:forward": null, "turn:lanes:backward": null, "parking:lane:right": null, "mtb:scale:imba": null, "sac_scale": null, "cycleway:left:oneway": null, "end_date": null, "bus:lanes:backward": null, "bus:lanes:forward": null, "ford": null, "parking:both": null, "parking:both:orientation": null, "historic_usage": null, "construction:maxspeed": null, "proposed:electrified": null, "proposed:frequency": null, "proposed:voltage": null, "abandoned:service": null, "destination:ref": null, "construction:name": null, "construction:network": null, "construction:operator": null, "construction:wikidata": null, "construction:wikipedia": null, "change": null, "railway:disused": null, "crossing:island": null, "source:exit": null, "source:width": null, "footway": null, "disused": null, "contact:email": null, "contact:phone": null, "contact:website": null, "group_only": null, "name:en": null, "change:forward": null, "change:backward": null, "bus:lanes": null, "trolley_wire": null, "abandoned:electrified": null, "crossing:signals": null, "maxweight:hgv": null, "maxweight:hgv:conditional": null, "maxweight:hgv_articulated": null, "razed:service": null, "demolished:bridge": null, "crossing:barrier": null, "tracks": null, "heritage:website": null, "razed:usage": null, "parking:lane:left": null, "imagery": null, "local_ref": null, "crane:type": null, "submerged": null, "construction:gauge": null, "construction:usage": null, "planned": null, "floor": null, "lastcheck": null, "end_date:railway": null, "bridge:ref": null, "not:name": null, "stroller": null, "path": null, "proposed:railway:etcs": null, "was:bridge": null, "Note": null, "name:absent": null, "construction:service": null }, "geometry": { "type": "LineString", "coordinates": [ [ -122.4151083, 37.8047775 ], [ -122.41513, 37.8048379 ], [ -122.4151524, 37.8048823 ], [ -122.4151766, 37.80493 ], [ -122.4151891, 37.804967 ] ] } },
{ "type": "Feature", "properties": { "id": "way/144779082", "@id": "way/144779082", "area": null, "historic": null, "name": null, "railway": "tram", "landuse": null, "operator": "San Francisco Municipal Railway", "bicycle": null, "covered": null, "departures_board": null, "foot": null, "highway": null, "indoor": null, "network": "Muni", "public_transport": null, "ref": null, "surface": null, "train": null, "lit": null, "wheelchair": null, "bench": null, "bin": null, "shelter": null, "owner": "San Francisco Municipal Railway", "building": null, "disused:railway": null, "source": null, "source_ref": null, "level": null, "tactile_paving": null, "addr:city": null, "addr:housenumber": null, "addr:postcode": null, "addr:state": null, "addr:street": null, "addr:street_direction_prefix": null, "industrial": null, "building:levels": null, "height": null, "light_rail": null, "air_conditioning": null, "attribution": null, "bak:fac_type1": null, "internet_access": null, "bus": null, "tram": null, "wheelchair:description": null, "check_date": null, "passenger_information_display": null, "bridge": null, "layer": null, "check_date:lit": null, "trolleybus": null, "bearing": null, "check_date:shelter": null, "tourism": null, "access": null, "subway": null, "location": null, "tunnel": null, "motor_vehicle": null, "operator:wikidata": null, "electrified": "no", "gauge": "1067", "alt_name": null, "note": null, "note:website": null, "phone": null, "railway:position": null, "railway:ref": null, "short_name": null, "website": null, "wikidata": null, "wikipedia": null, "service": "spur", "length": null, "addr:housename": null, "attraction": null, "monorail": null, "horse": null, "check_date:bin": null, "tiger:county": null, "start_date": null, "check_date:bench": null, "ele": null, "lacounty:ain": null, "lacounty:bld_id": null, "usage": null, "fixme": null, "rail": null, "source:imagery": null, "description": null, "underground": null, "frequency": null, "voltage": null, "network:wikidata": null, "network:wikipedia": null, "operator:wikipedia": null, "owner:wikidata": null, "owner:wikipedia": null, "organization": null, "crossing": null, "official_name": null, "railway:proposed": null, "proposed:public_transport": null, "proposed:railway": null, "proposed:tram": null, "turntable": null, "biotic_reef:type": null, "image": null, "natural": null, "protection_title": null, "reef": null, "ruined": null, "seamark:type": null, "man_made": null, "proposed": null, "wikimedia_commons": null, "addr:country": null, "toilets:wheelchair": null, "baby_feeding": null, "station": null, "railway:preferred_direction": null, "oneway": null, "maxspeed": null, "tiger:cfcc": null, "tiger:reviewed": null, "maxspeed:freight": null, "railway:ptc": null, "railway:track_class": null, "railway:track_ref": null, "old_railway_operator": null, "railway:atc": null, "tiger:name_base": null, "railway:traffic_mode": null, "reporting_marks": null, "tunnel:name": null, "segregated": null, "sidewalk": null, "cycleway": null, "tiger:name_type": null, "passenger_lines": null, "passenger": null, "railway:preserved": null, "cycleway:left": null, "cycleway:right": null, "cycleway:right:lane": null, "lcn": null, "lanes": null, "abandoned:railway": null, "abandoned:name": null, "smoothness": null, "tracktype": null, "source:construction": null, "tiger:source": null, "tiger:tlid": null, "tiger:upload_uuid": null, "review": null, "maxspeed:backward": null, "maxspeed:forward": null, "maxspeed:freight:backward": null, "historic:name": null, "historic:operator": null, "historic:usage": null, "bridge:name": null, "operator:short": null, "embankment": null, "old_name": null, "route": null, "type": null, "cutting": null, "vta:id": null, "maxheight": null, "razed:railway": null, "cycleway:both": null, "cycleway:both:lane": null, "lane_markings": null, "name_1": null, "tiger:name_base_1": null, "tiger:name_type_1": null, "width": null, "abandoned": null, "tiger:separated": null, "incline": null, "bridge:movable": null, "bridge:wikidata": null, "bridge:wikipedia": null, "heritage": null, "heritage:operator": null, "ref:nrhp": null, "bridge_ref": null, "milepost:county": null, "source:bridge": null, "source_ref:bridge": null, "hgv": null, "demolished:railway": null, "loc_name": null, "route_ref": null, "embedded": null, "addr:county": null, "ref:lahcm": null, "construction": null, "opening_date": null, "created_by": null, "bridge:alt_name": null, "maxspeed:freight:forward": null, "name:pronunciation": null, "cable_tram": null, "ref:cpuc": null, "ref:fra_crossing": null, "flood_prone": null, "motorcycle": null, "bing": null, "railway:cbtc": null, "tunnel:alt_name": null, "ID": null, "assmntdist": null, "built": null, "finish": null, "region": null, "shape_le_1": null, "shape_len": null, "start": null, "winter": null, "highspeed": null, "crossing:markings": null, "tunnel:wikidata": null, "NHS": null, "dog": null, "bridge:structure": null, "builder": null, "line": null, "is_in:state_code": null, "demolished": null, "old_attraction_name": null, "destination:lanes": null, "hov": null, "toll": null, "toll:hov": null, "turn:lanes": null, "railway:interlaced": null, "seasonal:dry_season": null, "seasonal:wet_season": null, "removed:bridge": null, "designation": null, "razed": null, "name:es": null, "destination": null, "lift_chain": null, "source:1": null, "hov:minimum": null, "old_ref": null, "construction:electrified": null, "construction:frequency": null, "construction:railway": null, "construction:voltage": null, "FIXME": null, "abandoned:usage": null, "admin_level": null, "border_type": null, "boundary": null, "ruins:bridge": null, "own": null, "leisure": null, "ohv": null, "source:maxspeed": null, "maxspeed:passenger": null, "was:gauge": null, "was:service": null, "hgv:national_network": null, "source:hgv:national_network": null, "tiger:name_base_2": null, "tiger:name_type_2": null, "nrhp:criteria": null, "nrhp:inscription_date": null, "nrhp:nhl": null, "old_name:1927-1968": null, "ref:cli": null, "name_2": null, "mtb:scale": null, "mtb:scale:uphill": null, "trail_visibility": null, "alt_owner": null, "url": null, "construction:railway:etcs": null, "lanes:backward": null, "lanes:both_ways": null, "lanes:forward": null, "parking:lane:both": null, "turn:lanes:both_ways": null, "disused:service": null, "MAPKEY": null, "OBJECTID": null, "SHAPE_STLe": null, "sccgis:objectid": null, "miniature:scale": null, "colour": null, "turn:lanes:forward": null, "turn:lanes:backward": null, "parking:lane:right": null, "mtb:scale:imba": null, "sac_scale": null, "cycleway:left:oneway": null, "end_date": null, "bus:lanes:backward": null, "bus:lanes:forward": null, "ford": null, "parking:both": null, "parking:both:orientation": null, "historic_usage": null, "construction:maxspeed": null, "proposed:electrified": null, "proposed:frequency": null, "proposed:voltage": null, "abandoned:service": null, "destination:ref": null, "construction:name": null, "construction:network": null, "construction:operator": null, "construction:wikidata": null, "construction:wikipedia": null, "change": null, "railway:disused": null, "crossing:island": null, "source:exit": null, "source:width": null, "footway": null, "disused": null, "contact:email": null, "contact:phone": null, "contact:website": null, "group_only": null, "name:en": null, "change:forward": null, "change:backward": null, "bus:lanes": null, "trolley_wire": null, "abandoned:electrified": null, "crossing:signals": null, "maxweight:hgv": null, "maxweight:hgv:conditional": null, "maxweight:hgv_articulated": null, "razed:service": null, "demolished:bridge": null, "crossing:barrier": null, "tracks": null, "heritage:website": null, "razed:usage": null, "parking:lane:left": null, "imagery": null, "local_ref": null, "crane:type": null, "submerged": null, "construction:gauge": null, "construction:usage": null, "planned": null, "floor": null, "lastcheck": null, "end_date:railway": null, "bridge:ref": null, "not:name": null, "stroller": null, "path": null, "proposed:railway:etcs": null, "was:bridge": null, "Note": null, "name:absent": null, "construction:service": null }, "geometry": { "type": "LineString", "coordinates": [ [ -122.4151539, 37.8050007 ], [ -122.4151568, 37.8050307 ], [ -122.4151561, 37.8050617 ], [ -122.4151451, 37.8051226 ], [ -122.415146, 37.8051488 ], [ -122.415164, 37.8052308 ] ] } },
{ "type": "Feature", "properties": { "id": "way/144779083", "@id": "way/144779083", "area": null, "historic": null, "name": null, "railway": "tram", "landuse": null, "operator": "San Francisco Municipal Railway", "bicycle": null, "covered": null, "departures_board": null, "foot": null, "highway": null, "indoor": null, "network": "Muni", "public_transport": null, "ref": null, "surface": null, "train": null, "lit": null, "wheelchair": null, "bench": null, "bin": null, "shelter": null, "owner": "San Francisco Municipal Railway", "building": null, "disused:railway": null, "source": null, "source_ref": null, "level": null, "tactile_paving": null, "addr:city": null, "addr:housenumber": null, "addr:postcode": null, "addr:state": null, "addr:street": null, "addr:street_direction_prefix": null, "industrial": null, "building:levels": null, "height": null, "light_rail": null, "air_conditioning": null, "attribution": null, "bak:fac_type1": null, "internet_access": null, "bus": null, "tram": null, "wheelchair:description": null, "check_date": null, "passenger_information_display": null, "bridge": null, "layer": null, "check_date:lit": null, "trolleybus": null, "bearing": null, "check_date:shelter": null, "tourism": null, "access": null, "subway": null, "location": null, "tunnel": null, "motor_vehicle": null, "operator:wikidata": null, "electrified": "no", "gauge": "1067", "alt_name": null, "note": null, "note:website": null, "phone": null, "railway:position": null, "railway:ref": null, "short_name": null, "website": null, "wikidata": null, "wikipedia": null, "service": null, "length": null, "addr:housename": null, "attraction": null, "monorail": null, "horse": null, "check_date:bin": null, "tiger:county": null, "start_date": null, "check_date:bench": null, "ele": null, "lacounty:ain": null, "lacounty:bld_id": null, "usage": null, "fixme": null, "rail": null, "source:imagery": null, "description": null, "underground": null, "frequency": null, "voltage": null, "network:wikidata": null, "network:wikipedia": null, "operator:wikipedia": null, "owner:wikidata": null, "owner:wikipedia": null, "organization": null, "crossing": null, "official_name": null, "railway:proposed": null, "proposed:public_transport": null, "proposed:railway": null, "proposed:tram": null, "turntable": null, "biotic_reef:type": null, "image": null, "natural": null, "protection_title": null, "reef": null, "ruined": null, "seamark:type": null, "man_made": null, "proposed": null, "wikimedia_commons": null, "addr:country": null, "toilets:wheelchair": null, "baby_feeding": null, "station": null, "railway:preferred_direction": "forward", "oneway": null, "maxspeed": null, "tiger:cfcc": null, "tiger:reviewed": null, "maxspeed:freight": null, "railway:ptc": null, "railway:track_class": null, "railway:track_ref": null, "old_railway_operator": null, "railway:atc": null, "tiger:name_base": null, "railway:traffic_mode": null, "reporting_marks": null, "tunnel:name": null, "segregated": null, "sidewalk": null, "cycleway": null, "tiger:name_type": null, "passenger_lines": null, "passenger": null, "railway:preserved": null, "cycleway:left": null, "cycleway:right": null, "cycleway:right:lane": null, "lcn": null, "lanes": null, "abandoned:railway": null, "abandoned:name": null, "smoothness": null, "tracktype": null, "source:construction": null, "tiger:source": null, "tiger:tlid": null, "tiger:upload_uuid": null, "review": null, "maxspeed:backward": null, "maxspeed:forward": null, "maxspeed:freight:backward": null, "historic:name": null, "historic:operator": null, "historic:usage": null, "bridge:name": null, "operator:short": null, "embankment": null, "old_name": null, "route": null, "type": null, "cutting": null, "vta:id": null, "maxheight": null, "razed:railway": null, "cycleway:both": null, "cycleway:both:lane": null, "lane_markings": null, "name_1": null, "tiger:name_base_1": null, "tiger:name_type_1": null, "width": null, "abandoned": null, "tiger:separated": null, "incline": null, "bridge:movable": null, "bridge:wikidata": null, "bridge:wikipedia": null, "heritage": null, "heritage:operator": null, "ref:nrhp": null, "bridge_ref": null, "milepost:county": null, "source:bridge": null, "source_ref:bridge": null, "hgv": null, "demolished:railway": null, "loc_name": null, "route_ref": null, "embedded": null, "addr:county": null, "ref:lahcm": null, "construction": null, "opening_date": null, "created_by": null, "bridge:alt_name": null, "maxspeed:freight:forward": null, "name:pronunciation": null, "cable_tram": "cable", "ref:cpuc": null, "ref:fra_crossing": null, "flood_prone": null, "motorcycle": null, "bing": null, "railway:cbtc": null, "tunnel:alt_name": null, "ID": null, "assmntdist": null, "built": null, "finish": null, "region": null, "shape_le_1": null, "shape_len": null, "start": null, "winter": null, "highspeed": null, "crossing:markings": null, "tunnel:wikidata": null, "NHS": null, "dog": null, "bridge:structure": null, "builder": null, "line": null, "is_in:state_code": null, "demolished": null, "old_attraction_name": null, "destination:lanes": null, "hov": null, "toll": null, "toll:hov": null, "turn:lanes": null, "railway:interlaced": null, "seasonal:dry_season": null, "seasonal:wet_season": null, "removed:bridge": null, "designation": null, "razed": null, "name:es": null, "destination": null, "lift_chain": null, "source:1": null, "hov:minimum": null, "old_ref": null, "construction:electrified": null, "construction:frequency": null, "construction:railway": null, "construction:voltage": null, "FIXME": null, "abandoned:usage": null, "admin_level": null, "border_type": null, "boundary": null, "ruins:bridge": null, "own": null, "leisure": null, "ohv": null, "source:maxspeed": null, "maxspeed:passenger": null, "was:gauge": null, "was:service": null, "hgv:national_network": null, "source:hgv:national_network": null, "tiger:name_base_2": null, "tiger:name_type_2": null, "nrhp:criteria": null, "nrhp:inscription_date": null, "nrhp:nhl": null, "old_name:1927-1968": null, "ref:cli": null, "name_2": null, "mtb:scale": null, "mtb:scale:uphill": null, "trail_visibility": null, "alt_owner": null, "url": null, "construction:railway:etcs": null, "lanes:backward": null, "lanes:both_ways": null, "lanes:forward": null, "parking:lane:both": null, "turn:lanes:both_ways": null, "disused:service": null, "MAPKEY": null, "OBJECTID": null, "SHAPE_STLe": null, "sccgis:objectid": null, "miniature:scale": null, "colour": null, "turn:lanes:forward": null, "turn:lanes:backward": null, "parking:lane:right": null, "mtb:scale:imba": null, "sac_scale": null, "cycleway:left:oneway": null, "end_date": null, "bus:lanes:backward": null, "bus:lanes:forward": null, "ford": null, "parking:both": null, "parking:both:orientation": null, "historic_usage": null, "construction:maxspeed": null, "proposed:electrified": null, "proposed:frequency": null, "proposed:voltage": null, "abandoned:service": null, "destination:ref": null, "construction:name": null, "construction:network": null, "construction:operator": null, "construction:wikidata": null, "construction:wikipedia": null, "change": null, "railway:disused": null, "crossing:island": null, "source:exit": null, "source:width": null, "footway": null, "disused": null, "contact:email": null, "contact:phone": null, "contact:website": null, "group_only": null, "name:en": null, "change:forward": null, "change:backward": null, "bus:lanes": null, "trolley_wire": null, "abandoned:electrified": null, "crossing:signals": null, "maxweight:hgv": null, "maxweight:hgv:conditional": null, "maxweight:hgv_articulated": null, "razed:service": null, "demolished:bridge": null, "crossing:barrier": null, "tracks": null, "heritage:website": null, "razed:usage": null, "parking:lane:left": null, "imagery": null, "local_ref": null, "crane:type": null, "submerged": null, "construction:gauge": null, "construction:usage": null, "planned": null, "floor": null, "lastcheck": null, "end_date:railway": null, "bridge:ref": null, "not:name": null, "stroller": null, "path": null, "proposed:railway:etcs": null, "was:bridge": null, "Note": null, "name:absent": null, "construction:service": null }, "geometry": { "type": "LineString", "coordinates": [ [ -122.4117117, 37.7962979 ], [ -122.411725, 37.7963641 ], [ -122.4118467, 37.796972 ], [ -122.4118544, 37.7970104 ], [ -122.4118632, 37.7970532 ], [ -122.4118853, 37.7971601 ], [ -122.4118953, 37.7972087 ], [ -122.4118994, 37.7972284 ], [ -122.4119082, 37.7972731 ], [ -122.4119232, 37.7973469 ], [ -122.412038, 37.7979289 ], [ -122.4120742, 37.7981086 ], [ -122.4120873, 37.7981737 ], [ -122.4120948, 37.7982109 ], [ -122.4121038, 37.7982546 ], [ -122.4122632, 37.7990356 ], [ -122.4122778, 37.7991073 ], [ -122.4122808, 37.7991225 ], [ -122.4122931, 37.7991892 ], [ -122.412393, 37.7997307 ], [ -122.4124468, 37.7999674 ], [ -122.4124615, 37.8000342 ], [ -122.4124625, 37.8000394 ], [ -122.4124793, 37.8001191 ], [ -122.4125291, 37.8003414 ], [ -122.4126414, 37.8009006 ], [ -122.4126551, 37.8009687 ], [ -122.4126578, 37.8009804 ], [ -122.4126723, 37.8010562 ], [ -122.412744, 37.8014298 ], [ -122.4128239, 37.8018369 ], [ -122.4128357, 37.801892 ], [ -122.4128459, 37.8019423 ], [ -122.4128625, 37.8020091 ], [ -122.4128792, 37.8020873 ], [ -122.4128895, 37.8021206 ], [ -122.4129023, 37.802153 ], [ -122.4129294, 37.8021987 ], [ -122.4129729, 37.8022628 ], [ -122.4130418, 37.8023339 ], [ -122.4131134, 37.8023886 ], [ -122.4135039, 37.802657 ], [ -122.4135633, 37.802698 ], [ -122.4136556, 37.8027594 ], [ -122.4137036, 37.8027912 ], [ -122.413815, 37.8028651 ], [ -122.414623, 37.8034333 ], [ -122.4146482, 37.8034512 ], [ -122.4147145, 37.8034983 ], [ -122.4147792, 37.8035547 ], [ -122.4148279, 37.8036122 ], [ -122.4148699, 37.8036837 ], [ -122.4148917, 37.8037325 ], [ -122.4149109, 37.803796 ], [ -122.415, 37.8042141 ], [ -122.415031, 37.8043645 ], [ -122.4150415, 37.804416 ], [ -122.4150561, 37.8044805 ], [ -122.4150717, 37.8045622 ], [ -122.4151083, 37.8047775 ], [ -122.4151299, 37.8048824 ] ] } },
{ "type": "Feature", "properties": { "id": "way/144783746", "@id": "way/144783746", "area": null, "historic": null, "name": null, "railway": "tram", "landuse": null, "operator": "San Francisco Municipal Railway", "bicycle": null, "covered": null, "departures_board": null, "foot": null, "highway": null, "indoor": null, "network": "Muni", "public_transport": null, "ref": null, "surface": null, "train": null, "lit": null, "wheelchair": null, "bench": null, "bin": null, "shelter": null, "owner": "San Francisco Municipal Railway", "building": null, "disused:railway": null, "source": null, "source_ref": null, "level": null, "tactile_paving": null, "addr:city": null, "addr:housenumber": null, "addr:postcode": null, "addr:state": null, "addr:street": null, "addr:street_direction_prefix": null, "industrial": null, "building:levels": null, "height": null, "light_rail": null, "air_conditioning": null, "attribution": null, "bak:fac_type1": null, "internet_access": null, "bus": null, "tram": null, "wheelchair:description": null, "check_date": null, "passenger_information_display": null, "bridge": null, "layer": null, "check_date:lit": null, "trolleybus": null, "bearing": null, "check_date:shelter": null, "tourism": null, "access": null, "subway": null, "location": null, "tunnel": null, "motor_vehicle": null, "operator:wikidata": null, "electrified": "no", "gauge": "1067", "alt_name": null, "note": null, "note:website": null, "phone": null, "railway:position": null, "railway:ref": null, "short_name": null, "website": null, "wikidata": null, "wikipedia": null, "service": "crossover", "length": null, "addr:housename": null, "attraction": null, "monorail": null, "horse": null, "check_date:bin": null, "tiger:county": null, "start_date": null, "check_date:bench": null, "ele": null, "lacounty:ain": null, "lacounty:bld_id": null, "usage": null, "fixme": null, "rail": null, "source:imagery": null, "description": null, "underground": null, "frequency": null, "voltage": null, "network:wikidata": null, "network:wikipedia": null, "operator:wikipedia": null, "owner:wikidata": null, "owner:wikipedia": null, "organization": null, "crossing": null, "official_name": null, "railway:proposed": null, "proposed:public_transport": null, "proposed:railway": null, "proposed:tram": null, "turntable": null, "biotic_reef:type": null, "image": null, "natural": null, "protection_title": null, "reef": null, "ruined": null, "seamark:type": null, "man_made": null, "proposed": null, "wikimedia_commons": null, "addr:country": null, "toilets:wheelchair": null, "baby_feeding": null, "station": null, "railway:preferred_direction": null, "oneway": null, "maxspeed": null, "tiger:cfcc": null, "tiger:reviewed": null, "maxspeed:freight": null, "railway:ptc": null, "railway:track_class": null, "railway:track_ref": null, "old_railway_operator": null, "railway:atc": null, "tiger:name_base": null, "railway:traffic_mode": null, "reporting_marks": null, "tunnel:name": null, "segregated": null, "sidewalk": null, "cycleway": null, "tiger:name_type": null, "passenger_lines": null, "passenger": null, "railway:preserved": null, "cycleway:left": null, "cycleway:right": null, "cycleway:right:lane": null, "lcn": null, "lanes": null, "abandoned:railway": null, "abandoned:name": null, "smoothness": null, "tracktype": null, "source:construction": null, "tiger:source": null, "tiger:tlid": null, "tiger:upload_uuid": null, "review": null, "maxspeed:backward": null, "maxspeed:forward": null, "maxspeed:freight:backward": null, "historic:name": null, "historic:operator": null, "historic:usage": null, "bridge:name": null, "operator:short": null, "embankment": null, "old_name": null, "route": null, "type": null, "cutting": null, "vta:id": null, "maxheight": null, "razed:railway": null, "cycleway:both": null, "cycleway:both:lane": null, "lane_markings": null, "name_1": null, "tiger:name_base_1": null, "tiger:name_type_1": null, "width": null, "abandoned": null, "tiger:separated": null, "incline": null, "bridge:movable": null, "bridge:wikidata": null, "bridge:wikipedia": null, "heritage": null, "heritage:operator": null, "ref:nrhp": null, "bridge_ref": null, "milepost:county": null, "source:bridge": null, "source_ref:bridge": null, "hgv": null, "demolished:railway": null, "loc_name": null, "route_ref": null, "embedded": null, "addr:county": null, "ref:lahcm": null, "construction": null, "opening_date": null, "created_by": null, "bridge:alt_name": null, "maxspeed:freight:forward": null, "name:pronunciation": null, "cable_tram": null, "ref:cpuc": null, "ref:fra_crossing": null, "flood_prone": null, "motorcycle": null, "bing": null, "railway:cbtc": null, "tunnel:alt_name": null, "ID": null, "assmntdist": null, "built": null, "finish": null, "region": null, "shape_le_1": null, "shape_len": null, "start": null, "winter": null, "highspeed": null, "crossing:markings": null, "tunnel:wikidata": null, "NHS": null, "dog": null, "bridge:structure": null, "builder": null, "line": null, "is_in:state_code": null, "demolished": null, "old_attraction_name": null, "destination:lanes": null, "hov": null, "toll": null, "toll:hov": null, "turn:lanes": null, "railway:interlaced": null, "seasonal:dry_season": null, "seasonal:wet_season": null, "removed:bridge": null, "designation": null, "razed": null, "name:es": null, "destination": null, "lift_chain": null, "source:1": null, "hov:minimum": null, "old_ref": null, "construction:electrified": null, "construction:frequency": null, "construction:railway": null, "construction:voltage": null, "FIXME": null, "abandoned:usage": null, "admin_level": null, "border_type": null, "boundary": null, "ruins:bridge": null, "own": null, "leisure": null, "ohv": null, "source:maxspeed": null, "maxspeed:passenger": null, "was:gauge": null, "was:service": null, "hgv:national_network": null, "source:hgv:national_network": null, "tiger:name_base_2": null, "tiger:name_type_2": null, "nrhp:criteria": null, "nrhp:inscription_date": null, "nrhp:nhl": null, "old_name:1927-1968": null, "ref:cli": null, "name_2": null, "mtb:scale": null, "mtb:scale:uphill": null, "trail_visibility": null, "alt_owner": null, "url": null, "construction:railway:etcs": null, "lanes:backward": null, "lanes:both_ways": null, "lanes:forward": null, "parking:lane:both": null, "turn:lanes:both_ways": null, "disused:service": null, "MAPKEY": null, "OBJECTID": null, "SHAPE_STLe": null, "sccgis:objectid": null, "miniature:scale": null, "colour": null, "turn:lanes:forward": null, "turn:lanes:backward": null, "parking:lane:right": null, "mtb:scale:imba": null, "sac_scale": null, "cycleway:left:oneway": null, "end_date": null, "bus:lanes:backward": null, "bus:lanes:forward": null, "ford": null, "parking:both": null, "parking:both:orientation": null, "historic_usage": null, "construction:maxspeed": null, "proposed:electrified": null, "proposed:frequency": null, "proposed:voltage": null, "abandoned:service": null, "destination:ref": null, "construction:name": null, "construction:network": null, "construction:operator": null, "construction:wikidata": null, "construction:wikipedia": null, "change": null, "railway:disused": null, "crossing:island": null, "source:exit": null, "source:width": null, "footway": null, "disused": null, "contact:email": null, "contact:phone": null, "contact:website": null, "group_only": null, "name:en": null, "change:forward": null, "change:backward": null, "bus:lanes": null, "trolley_wire": null, "abandoned:electrified": null, "crossing:signals": null, "maxweight:hgv": null, "maxweight:hgv:conditional": null, "maxweight:hgv_articulated": null, "razed:service": null, "demolished:bridge": null, "crossing:barrier": null, "tracks": null, "heritage:website": null, "razed:usage": null, "parking:lane:left": null, "imagery": null, "local_ref": null, "crane:type": null, "submerged": null, "construction:gauge": null, "construction:usage": null, "planned": null, "floor": null, "lastcheck": null, "end_date:railway": null, "bridge:ref": null, "not:name": null, "stroller": null, "path": null, "proposed:railway:etcs": null, "was:bridge": null, "Note": null, "name:absent": null, "construction:service": null }, "geometry": { "type": "LineString", "coordinates": [ [ -122.412038, 37.7979289 ], [ -122.4120382, 37.7978295 ], [ -122.4120383, 37.7977373 ] ] } },
{ "type": "Feature", "properties": { "id": "way/144801036", "@id": "way/144801036", "area": null, "historic": null, "name": null, "railway": "tram", "landuse": null, "operator": "San Francisco Municipal Railway", "bicycle": null, "covered": null, "departures_board": null, "foot": null, "highway": null, "indoor": null, "network": "Muni", "public_transport": null, "ref": null, "surface": null, "train": null, "lit": null, "wheelchair": null, "bench": null, "bin": null, "shelter": null, "owner": "San Francisco Municipal Railway", "building": null, "disused:railway": null, "source": null, "source_ref": null, "level": null, "tactile_paving": null, "addr:city": null, "addr:housenumber": null, "addr:postcode": null, "addr:state": null, "addr:street": null, "addr:street_direction_prefix": null, "industrial": null, "building:levels": null, "height": null, "light_rail": null, "air_conditioning": null, "attribution": null, "bak:fac_type1": null, "internet_access": null, "bus": null, "tram": null, "wheelchair:description": null, "check_date": null, "passenger_information_display": null, "bridge": null, "layer": null, "check_date:lit": null, "trolleybus": null, "bearing": null, "check_date:shelter": null, "tourism": null, "access": null, "subway": null, "location": null, "tunnel": null, "motor_vehicle": null, "operator:wikidata": null, "electrified": "no", "gauge": "1067", "alt_name": null, "note": null, "note:website": null, "phone": null, "railway:position": null, "railway:ref": null, "short_name": null, "website": null, "wikidata": null, "wikipedia": null, "service": null, "length": null, "addr:housename": null, "attraction": null, "monorail": null, "horse": null, "check_date:bin": null, "tiger:county": null, "start_date": null, "check_date:bench": null, "ele": null, "lacounty:ain": null, "lacounty:bld_id": null, "usage": null, "fixme": null, "rail": null, "source:imagery": null, "description": null, "underground": null, "frequency": null, "voltage": null, "network:wikidata": null, "network:wikipedia": null, "operator:wikipedia": null, "owner:wikidata": null, "owner:wikipedia": null, "organization": null, "crossing": null, "official_name": null, "railway:proposed": null, "proposed:public_transport": null, "proposed:railway": null, "proposed:tram": null, "turntable": null, "biotic_reef:type": null, "image": null, "natural": null, "protection_title": null, "reef": null, "ruined": null, "seamark:type": null, "man_made": null, "proposed": null, "wikimedia_commons": null, "addr:country": null, "toilets:wheelchair": null, "baby_feeding": null, "station": null, "railway:preferred_direction": "forward", "oneway": null, "maxspeed": "9.5 mph", "tiger:cfcc": null, "tiger:reviewed": null, "maxspeed:freight": null, "railway:ptc": null, "railway:track_class": null, "railway:track_ref": null, "old_railway_operator": null, "railway:atc": null, "tiger:name_base": null, "railway:traffic_mode": null, "reporting_marks": null, "tunnel:name": null, "segregated": null, "sidewalk": null, "cycleway": null, "tiger:name_type": null, "passenger_lines": null, "passenger": null, "railway:preserved": null, "cycleway:left": null, "cycleway:right": null, "cycleway:right:lane": null, "lcn": null, "lanes": null, "abandoned:railway": null, "abandoned:name": null, "smoothness": null, "tracktype": null, "source:construction": null, "tiger:source": null, "tiger:tlid": null, "tiger:upload_uuid": null, "review": null, "maxspeed:backward": null, "maxspeed:forward": null, "maxspeed:freight:backward": null, "historic:name": null, "historic:operator": null, "historic:usage": null, "bridge:name": null, "operator:short": null, "embankment": null, "old_name": null, "route": null, "type": null, "cutting": null, "vta:id": null, "maxheight": null, "razed:railway": null, "cycleway:both": null, "cycleway:both:lane": null, "lane_markings": null, "name_1": null, "tiger:name_base_1": null, "tiger:name_type_1": null, "width": null, "abandoned": null, "tiger:separated": null, "incline": null, "bridge:movable": null, "bridge:wikidata": null, "bridge:wikipedia": null, "heritage": null, "heritage:operator": null, "ref:nrhp": null, "bridge_ref": null, "milepost:county": null, "source:bridge": null, "source_ref:bridge": null, "hgv": null, "demolished:railway": null, "loc_name": null, "route_ref": null, "embedded": null, "addr:county": null, "ref:lahcm": null, "construction": null, "opening_date": null, "created_by": null, "bridge:alt_name": null, "maxspeed:freight:forward": null, "name:pronunciation": null, "cable_tram": null, "ref:cpuc": null, "ref:fra_crossing": null, "flood_prone": null, "motorcycle": null, "bing": null, "railway:cbtc": null, "tunnel:alt_name": null, "ID": null, "assmntdist": null, "built": null, "finish": null, "region": null, "shape_le_1": null, "shape_len": null, "start": null, "winter": null, "highspeed": null, "crossing:markings": null, "tunnel:wikidata": null, "NHS": null, "dog": null, "bridge:structure": null, "builder": null, "line": null, "is_in:state_code": null, "demolished": null, "old_attraction_name": null, "destination:lanes": null, "hov": null, "toll": null, "toll:hov": null, "turn:lanes": null, "railway:interlaced": "yes", "seasonal:dry_season": null, "seasonal:wet_season": null, "removed:bridge": null, "designation": null, "razed": null, "name:es": null, "destination": null, "lift_chain": null, "source:1": null, "hov:minimum": null, "old_ref": null, "construction:electrified": null, "construction:frequency": null, "construction:railway": null, "construction:voltage": null, "FIXME": null, "abandoned:usage": null, "admin_level": null, "border_type": null, "boundary": null, "ruins:bridge": null, "own": null, "leisure": null, "ohv": null, "source:maxspeed": null, "maxspeed:passenger": null, "was:gauge": null, "was:service": null, "hgv:national_network": null, "source:hgv:national_network": null, "tiger:name_base_2": null, "tiger:name_type_2": null, "nrhp:criteria": null, "nrhp:inscription_date": null, "nrhp:nhl": null, "old_name:1927-1968": null, "ref:cli": null, "name_2": null, "mtb:scale": null, "mtb:scale:uphill": null, "trail_visibility": null, "alt_owner": null, "url": null, "construction:railway:etcs": null, "lanes:backward": null, "lanes:both_ways": null, "lanes:forward": null, "parking:lane:both": null, "turn:lanes:both_ways": null, "disused:service": null, "MAPKEY": null, "OBJECTID": null, "SHAPE_STLe": null, "sccgis:objectid": null, "miniature:scale": null, "colour": null, "turn:lanes:forward": null, "turn:lanes:backward": null, "parking:lane:right": null, "mtb:scale:imba": null, "sac_scale": null, "cycleway:left:oneway": null, "end_date": null, "bus:lanes:backward": null, "bus:lanes:forward": null, "ford": null, "parking:both": null, "parking:both:orientation": null, "historic_usage": null, "construction:maxspeed": null, "proposed:electrified": null, "proposed:frequency": null, "proposed:voltage": null, "abandoned:service": null, "destination:ref": null, "construction:name": null, "construction:network": null, "construction:operator": null, "construction:wikidata": null, "construction:wikipedia": null, "change": null, "railway:disused": null, "crossing:island": null, "source:exit": null, "source:width": null, "footway": null, "disused": null, "contact:email": null, "contact:phone": null, "contact:website": null, "group_only": null, "name:en": null, "change:forward": null, "change:backward": null, "bus:lanes": null, "trolley_wire": null, "abandoned:electrified": null, "crossing:signals": null, "maxweight:hgv": null, "maxweight:hgv:conditional": null, "maxweight:hgv_articulated": null, "razed:service": null, "demolished:bridge": null, "crossing:barrier": null, "tracks": null, "heritage:website": null, "razed:usage": null, "parking:lane:left": null, "imagery": null, "local_ref": null, "crane:type": null, "submerged": null, "construction:gauge": null, "construction:usage": null, "planned": null, "floor": null, "lastcheck": null, "end_date:railway": null, "bridge:ref": null, "not:name": null, "stroller": null, "path": null, "proposed:railway:etcs": null, "was:bridge": null, "Note": null, "name:absent": null, "construction:service": null }, "geometry": { "type": "LineString", "coordinates": [ [ -122.4098021, 37.7951661 ], [ -122.4098258, 37.7952806 ] ] } },
{ "type": "Feature", "properties": { "id": "way/144801045", "@id": "way/144801045", "area": null, "historic": null, "name": null, "railway": "tram", "landuse": null, "operator": "San Francisco Municipal Railway", "bicycle": null, "covered": null, "departures_board": null, "foot": null, "highway": null, "indoor": null, "network": "Muni", "public_transport": null, "ref": null, "surface": null, "train": null, "lit": null, "wheelchair": null, "bench": null, "bin": null, "shelter": null, "owner": "San Francisco Municipal Railway", "building": null, "disused:railway": null, "source": null, "source_ref": null, "level": null, "tactile_paving": null, "addr:city": null, "addr:housenumber": null, "addr:postcode": null, "addr:state": null, "addr:street": null, "addr:street_direction_prefix": null, "industrial": null, "building:levels": null, "height": null, "light_rail": null, "air_conditioning": null, "attribution": null, "bak:fac_type1": null, "internet_access": null, "bus": null, "tram": null, "wheelchair:description": null, "check_date": null, "passenger_information_display": null, "bridge": null, "layer": null, "check_date:lit": null, "trolleybus": null, "bearing": null, "check_date:shelter": null, "tourism": null, "access": null, "subway": null, "location": null, "tunnel": null, "motor_vehicle": null, "operator:wikidata": null, "electrified": "no", "gauge": "1067", "alt_name": null, "note": null, "note:website": null, "phone": null, "railway:position": null, "railway:ref": null, "short_name": null, "website": null, "wikidata": null, "wikipedia": null, "service": null, "length": null, "addr:housename": null, "attraction": null, "monorail": null, "horse": null, "check_date:bin": null, "tiger:county": null, "start_date": null, "check_date:bench": null, "ele": null, "lacounty:ain": null, "lacounty:bld_id": null, "usage": null, "fixme": null, "rail": null, "source:imagery": null, "description": null, "underground": null, "frequency": null, "voltage": null, "network:wikidata": null, "network:wikipedia": null, "operator:wikipedia": null, "owner:wikidata": null, "owner:wikipedia": null, "organization": null, "crossing": null, "official_name": null, "railway:proposed": null, "proposed:public_transport": null, "proposed:railway": null, "proposed:tram": null, "turntable": null, "biotic_reef:type": null, "image": null, "natural": null, "protection_title": null, "reef": null, "ruined": null, "seamark:type": null, "man_made": null, "proposed": null, "wikimedia_commons": null, "addr:country": null, "toilets:wheelchair": null, "baby_feeding": null, "station": null, "railway:preferred_direction": "forward", "oneway": null, "maxspeed": "9.5 mph", "tiger:cfcc": null, "tiger:reviewed": null, "maxspeed:freight": null, "railway:ptc": null, "railway:track_class": null, "railway:track_ref": null, "old_railway_operator": null, "railway:atc": null, "tiger:name_base": null, "railway:traffic_mode": null, "reporting_marks": null, "tunnel:name": null, "segregated": null, "sidewalk": null, "cycleway": null, "tiger:name_type": null, "passenger_lines": null, "passenger": null, "railway:preserved": null, "cycleway:left": null, "cycleway:right": null, "cycleway:right:lane": null, "lcn": null, "lanes": null, "abandoned:railway": null, "abandoned:name": null, "smoothness": null, "tracktype": null, "source:construction": null, "tiger:source": null, "tiger:tlid": null, "tiger:upload_uuid": null, "review": null, "maxspeed:backward": null, "maxspeed:forward": null, "maxspeed:freight:backward": null, "historic:name": null, "historic:operator": null, "historic:usage": null, "bridge:name": null, "operator:short": null, "embankment": null, "old_name": null, "route": null, "type": null, "cutting": null, "vta:id": null, "maxheight": null, "razed:railway": null, "cycleway:both": null, "cycleway:both:lane": null, "lane_markings": null, "name_1": null, "tiger:name_base_1": null, "tiger:name_type_1": null, "width": null, "abandoned": null, "tiger:separated": null, "incline": null, "bridge:movable": null, "bridge:wikidata": null, "bridge:wikipedia": null, "heritage": null, "heritage:operator": null, "ref:nrhp": null, "bridge_ref": null, "milepost:county": null, "source:bridge": null, "source_ref:bridge": null, "hgv": null, "demolished:railway": null, "loc_name": null, "route_ref": null, "embedded": null, "addr:county": null, "ref:lahcm": null, "construction": null, "opening_date": null, "created_by": null, "bridge:alt_name": null, "maxspeed:freight:forward": null, "name:pronunciation": null, "cable_tram": null, "ref:cpuc": null, "ref:fra_crossing": null, "flood_prone": null, "motorcycle": null, "bing": null, "railway:cbtc": null, "tunnel:alt_name": null, "ID": null, "assmntdist": null, "built": null, "finish": null, "region": null, "shape_le_1": null, "shape_len": null, "start": null, "winter": null, "highspeed": null, "crossing:markings": null, "tunnel:wikidata": null, "NHS": null, "dog": null, "bridge:structure": null, "builder": null, "line": null, "is_in:state_code": null, "demolished": null, "old_attraction_name": null, "destination:lanes": null, "hov": null, "toll": null, "toll:hov": null, "turn:lanes": null, "railway:interlaced": null, "seasonal:dry_season": null, "seasonal:wet_season": null, "removed:bridge": null, "designation": null, "razed": null, "name:es": null, "destination": null, "lift_chain": null, "source:1": null, "hov:minimum": null, "old_ref": null, "construction:electrified": null, "construction:frequency": null, "construction:railway": null, "construction:voltage": null, "FIXME": null, "abandoned:usage": null, "admin_level": null, "border_type": null, "boundary": null, "ruins:bridge": null, "own": null, "leisure": null, "ohv": null, "source:maxspeed": null, "maxspeed:passenger": null, "was:gauge": null, "was:service": null, "hgv:national_network": null, "source:hgv:national_network": null, "tiger:name_base_2": null, "tiger:name_type_2": null, "nrhp:criteria": null, "nrhp:inscription_date": null, "nrhp:nhl": null, "old_name:1927-1968": null, "ref:cli": null, "name_2": null, "mtb:scale": null, "mtb:scale:uphill": null, "trail_visibility": null, "alt_owner": null, "url": null, "construction:railway:etcs": null, "lanes:backward": null, "lanes:both_ways": null, "lanes:forward": null, "parking:lane:both": null, "turn:lanes:both_ways": null, "disused:service": null, "MAPKEY": null, "OBJECTID": null, "SHAPE_STLe": null, "sccgis:objectid": null, "miniature:scale": null, "colour": null, "turn:lanes:forward": null, "turn:lanes:backward": null, "parking:lane:right": null, "mtb:scale:imba": null, "sac_scale": null, "cycleway:left:oneway": null, "end_date": null, "bus:lanes:backward": null, "bus:lanes:forward": null, "ford": null, "parking:both": null, "parking:both:orientation": null, "historic_usage": null, "construction:maxspeed": null, "proposed:electrified": null, "proposed:frequency": null, "proposed:voltage": null, "abandoned:service": null, "destination:ref": null, "construction:name": null, "construction:network": null, "construction:operator": null, "construction:wikidata": null, "construction:wikipedia": null, "change": null, "railway:disused": null, "crossing:island": null, "source:exit": null, "source:width": null, "footway": null, "disused": null, "contact:email": null, "contact:phone": null, "contact:website": null, "group_only": null, "name:en": null, "change:forward": null, "change:backward": null, "bus:lanes": null, "trolley_wire": null, "abandoned:electrified": null, "crossing:signals": null, "maxweight:hgv": null, "maxweight:hgv:conditional": null, "maxweight:hgv_articulated": null, "razed:service": null, "demolished:bridge": null, "crossing:barrier": null, "tracks": null, "heritage:website": null, "razed:usage": null, "parking:lane:left": null, "imagery": null, "local_ref": null, "crane:type": null, "submerged": null, "construction:gauge": null, "construction:usage": null, "planned": null, "floor": null, "lastcheck": null, "end_date:railway": null, "bridge:ref": null, "not:name": null, "stroller": null, "path": null, "proposed:railway:etcs": null, "was:bridge": null, "Note": null, "name:absent": null, "construction:service": null }, "geometry": { "type": "LineString", "coordinates": [ [ -122.4111901, 37.7945461 ], [ -122.411037, 37.794566 ], [ -122.4105561, 37.7946283 ], [ -122.4103433, 37.7946558 ], [ -122.4103104, 37.7946602 ] ] } },
{ "type": "Feature", "properties": { "id": "way/680987096", "@id": "way/680987096", "area": null, "historic": null, "name": null, "railway": "tram", "landuse": null, "operator": "San Francisco Municipal Railway", "bicycle": null, "covered": null, "departures_board": null, "foot": null, "highway": null, "indoor": null, "network": "Muni", "public_transport": null, "ref": null, "surface": null, "train": null, "lit": null, "wheelchair": null, "bench": null, "bin": null, "shelter": null, "owner": "San Francisco Municipal Railway", "building": null, "disused:railway": null, "source": null, "source_ref": null, "level": null, "tactile_paving": null, "addr:city": null, "addr:housenumber": null, "addr:postcode": null, "addr:state": null, "addr:street": null, "addr:street_direction_prefix": null, "industrial": null, "building:levels": null, "height": null, "light_rail": null, "air_conditioning": null, "attribution": null, "bak:fac_type1": null, "internet_access": null, "bus": null, "tram": null, "wheelchair:description": null, "check_date": null, "passenger_information_display": null, "bridge": null, "layer": null, "check_date:lit": null, "trolleybus": null, "bearing": null, "check_date:shelter": null, "tourism": null, "access": null, "subway": null, "location": null, "tunnel": null, "motor_vehicle": null, "operator:wikidata": null, "electrified": "no", "gauge": "1067", "alt_name": null, "note": null, "note:website": null, "phone": null, "railway:position": null, "railway:ref": null, "short_name": null, "website": null, "wikidata": null, "wikipedia": null, "service": null, "length": null, "addr:housename": null, "attraction": null, "monorail": null, "horse": null, "check_date:bin": null, "tiger:county": null, "start_date": null, "check_date:bench": null, "ele": null, "lacounty:ain": null, "lacounty:bld_id": null, "usage": null, "fixme": null, "rail": null, "source:imagery": null, "description": null, "underground": null, "frequency": null, "voltage": null, "network:wikidata": null, "network:wikipedia": null, "operator:wikipedia": null, "owner:wikidata": null, "owner:wikipedia": null, "organization": null, "crossing": null, "official_name": null, "railway:proposed": null, "proposed:public_transport": null, "proposed:railway": null, "proposed:tram": null, "turntable": null, "biotic_reef:type": null, "image": null, "natural": null, "protection_title": null, "reef": null, "ruined": null, "seamark:type": null, "man_made": null, "proposed": null, "wikimedia_commons": null, "addr:country": null, "toilets:wheelchair": null, "baby_feeding": null, "station": null, "railway:preferred_direction": "forward", "oneway": null, "maxspeed": null, "tiger:cfcc": null, "tiger:reviewed": null, "maxspeed:freight": null, "railway:ptc": null, "railway:track_class": null, "railway:track_ref": null, "old_railway_operator": null, "railway:atc": null, "tiger:name_base": null, "railway:traffic_mode": null, "reporting_marks": null, "tunnel:name": null, "segregated": null, "sidewalk": null, "cycleway": null, "tiger:name_type": null, "passenger_lines": null, "passenger": null, "railway:preserved": null, "cycleway:left": null, "cycleway:right": null, "cycleway:right:lane": null, "lcn": null, "lanes": null, "abandoned:railway": null, "abandoned:name": null, "smoothness": null, "tracktype": null, "source:construction": null, "tiger:source": null, "tiger:tlid": null, "tiger:upload_uuid": null, "review": null, "maxspeed:backward": null, "maxspeed:forward": null, "maxspeed:freight:backward": null, "historic:name": null, "historic:operator": null, "historic:usage": null, "bridge:name": null, "operator:short": null, "embankment": null, "old_name": null, "route": null, "type": null, "cutting": null, "vta:id": null, "maxheight": null, "razed:railway": null, "cycleway:both": null, "cycleway:both:lane": null, "lane_markings": null, "name_1": null, "tiger:name_base_1": null, "tiger:name_type_1": null, "width": null, "abandoned": null, "tiger:separated": null, "incline": null, "bridge:movable": null, "bridge:wikidata": null, "bridge:wikipedia": null, "heritage": null, "heritage:operator": null, "ref:nrhp": null, "bridge_ref": null, "milepost:county": null, "source:bridge": null, "source_ref:bridge": null, "hgv": null, "demolished:railway": null, "loc_name": null, "route_ref": null, "embedded": null, "addr:county": null, "ref:lahcm": null, "construction": null, "opening_date": null, "created_by": null, "bridge:alt_name": null, "maxspeed:freight:forward": null, "name:pronunciation": null, "cable_tram": "cable", "ref:cpuc": null, "ref:fra_crossing": null, "flood_prone": null, "motorcycle": null, "bing": null, "railway:cbtc": null, "tunnel:alt_name": null, "ID": null, "assmntdist": null, "built": null, "finish": null, "region": null, "shape_le_1": null, "shape_len": null, "start": null, "winter": null, "highspeed": null, "crossing:markings": null, "tunnel:wikidata": null, "NHS": null, "dog": null, "bridge:structure": null, "builder": null, "line": null, "is_in:state_code": null, "demolished": null, "old_attraction_name": null, "destination:lanes": null, "hov": null, "toll": null, "toll:hov": null, "turn:lanes": null, "railway:interlaced": null, "seasonal:dry_season": null, "seasonal:wet_season": null, "removed:bridge": null, "designation": null, "razed": null, "name:es": null, "destination": null, "lift_chain": null, "source:1": null, "hov:minimum": null, "old_ref": null, "construction:electrified": null, "construction:frequency": null, "construction:railway": null, "construction:voltage": null, "FIXME": null, "abandoned:usage": null, "admin_level": null, "border_type": null, "boundary": null, "ruins:bridge": null, "own": null, "leisure": null, "ohv": null, "source:maxspeed": null, "maxspeed:passenger": null, "was:gauge": null, "was:service": null, "hgv:national_network": null, "source:hgv:national_network": null, "tiger:name_base_2": null, "tiger:name_type_2": null, "nrhp:criteria": null, "nrhp:inscription_date": null, "nrhp:nhl": null, "old_name:1927-1968": null, "ref:cli": null, "name_2": null, "mtb:scale": null, "mtb:scale:uphill": null, "trail_visibility": null, "alt_owner": null, "url": null, "construction:railway:etcs": null, "lanes:backward": null, "lanes:both_ways": null, "lanes:forward": null, "parking:lane:both": null, "turn:lanes:both_ways": null, "disused:service": null, "MAPKEY": null, "OBJECTID": null, "SHAPE_STLe": null, "sccgis:objectid": null, "miniature:scale": null, "colour": null, "turn:lanes:forward": null, "turn:lanes:backward": null, "parking:lane:right": null, "mtb:scale:imba": null, "sac_scale": null, "cycleway:left:oneway": null, "end_date": null, "bus:lanes:backward": null, "bus:lanes:forward": null, "ford": null, "parking:both": null, "parking:both:orientation": null, "historic_usage": null, "construction:maxspeed": null, "proposed:electrified": null, "proposed:frequency": null, "proposed:voltage": null, "abandoned:service": null, "destination:ref": null, "construction:name": null, "construction:network": null, "construction:operator": null, "construction:wikidata": null, "construction:wikipedia": null, "change": null, "railway:disused": null, "crossing:island": null, "source:exit": null, "source:width": null, "footway": null, "disused": null, "contact:email": null, "contact:phone": null, "contact:website": null, "group_only": null, "name:en": null, "change:forward": null, "change:backward": null, "bus:lanes": null, "trolley_wire": null, "abandoned:electrified": null, "crossing:signals": null, "maxweight:hgv": null, "maxweight:hgv:conditional": null, "maxweight:hgv_articulated": null, "razed:service": null, "demolished:bridge": null, "crossing:barrier": null, "tracks": null, "heritage:website": null, "razed:usage": null, "parking:lane:left": null, "imagery": null, "local_ref": null, "crane:type": null, "submerged": null, "construction:gauge": null, "construction:usage": null, "planned": null, "floor": null, "lastcheck": null, "end_date:railway": null, "bridge:ref": null, "not:name": null, "stroller": null, "path": null, "proposed:railway:etcs": null, "was:bridge": null, "Note": null, "name:absent": null, "construction:service": null }, "geometry": { "type": "LineString", "coordinates": [ [ -122.4152346, 37.8052073 ], [ -122.4152052, 37.8050529 ] ] } },
{ "type": "Feature", "properties": { "id": "way/680987097", "@id": "way/680987097", "area": null, "historic": null, "name": null, "railway": "tram", "landuse": null, "operator": "San Francisco Municipal Railway", "bicycle": null, "covered": null, "departures_board": null, "foot": null, "highway": null, "indoor": null, "network": "Muni", "public_transport": null, "ref": null, "surface": null, "train": null, "lit": null, "wheelchair": null, "bench": null, "bin": null, "shelter": null, "owner": "San Francisco Municipal Railway", "building": null, "disused:railway": null, "source": null, "source_ref": null, "level": null, "tactile_paving": null, "addr:city": null, "addr:housenumber": null, "addr:postcode": null, "addr:state": null, "addr:street": null, "addr:street_direction_prefix": null, "industrial": null, "building:levels": null, "height": null, "light_rail": null, "air_conditioning": null, "attribution": null, "bak:fac_type1": null, "internet_access": null, "bus": null, "tram": null, "wheelchair:description": null, "check_date": null, "passenger_information_display": null, "bridge": null, "layer": null, "check_date:lit": null, "trolleybus": null, "bearing": null, "check_date:shelter": null, "tourism": null, "access": null, "subway": null, "location": null, "tunnel": null, "motor_vehicle": null, "operator:wikidata": null, "electrified": "no", "gauge": "1067", "alt_name": null, "note": null, "note:website": null, "phone": null, "railway:position": null, "railway:ref": null, "short_name": null, "website": null, "wikidata": null, "wikipedia": null, "service": null, "length": null, "addr:housename": null, "attraction": null, "monorail": null, "horse": null, "check_date:bin": null, "tiger:county": null, "start_date": null, "check_date:bench": null, "ele": null, "lacounty:ain": null, "lacounty:bld_id": null, "usage": null, "fixme": null, "rail": null, "source:imagery": null, "description": null, "underground": null, "frequency": null, "voltage": null, "network:wikidata": null, "network:wikipedia": null, "operator:wikipedia": null, "owner:wikidata": null, "owner:wikipedia": null, "organization": null, "crossing": null, "official_name": null, "railway:proposed": null, "proposed:public_transport": null, "proposed:railway": null, "proposed:tram": null, "turntable": null, "biotic_reef:type": null, "image": null, "natural": null, "protection_title": null, "reef": null, "ruined": null, "seamark:type": null, "man_made": null, "proposed": null, "wikimedia_commons": null, "addr:country": null, "toilets:wheelchair": null, "baby_feeding": null, "station": null, "railway:preferred_direction": "forward", "oneway": null, "maxspeed": null, "tiger:cfcc": null, "tiger:reviewed": null, "maxspeed:freight": null, "railway:ptc": null, "railway:track_class": null, "railway:track_ref": null, "old_railway_operator": null, "railway:atc": null, "tiger:name_base": null, "railway:traffic_mode": null, "reporting_marks": null, "tunnel:name": null, "segregated": null, "sidewalk": null, "cycleway": null, "tiger:name_type": null, "passenger_lines": null, "passenger": null, "railway:preserved": null, "cycleway:left": null, "cycleway:right": null, "cycleway:right:lane": null, "lcn": null, "lanes": null, "abandoned:railway": null, "abandoned:name": null, "smoothness": null, "tracktype": null, "source:construction": null, "tiger:source": null, "tiger:tlid": null, "tiger:upload_uuid": null, "review": null, "maxspeed:backward": null, "maxspeed:forward": null, "maxspeed:freight:backward": null, "historic:name": null, "historic:operator": null, "historic:usage": null, "bridge:name": null, "operator:short": null, "embankment": null, "old_name": null, "route": null, "type": null, "cutting": null, "vta:id": null, "maxheight": null, "razed:railway": null, "cycleway:both": null, "cycleway:both:lane": null, "lane_markings": null, "name_1": null, "tiger:name_base_1": null, "tiger:name_type_1": null, "width": null, "abandoned": null, "tiger:separated": null, "incline": null, "bridge:movable": null, "bridge:wikidata": null, "bridge:wikipedia": null, "heritage": null, "heritage:operator": null, "ref:nrhp": null, "bridge_ref": null, "milepost:county": null, "source:bridge": null, "source_ref:bridge": null, "hgv": null, "demolished:railway": null, "loc_name": null, "route_ref": null, "embedded": null, "addr:county": null, "ref:lahcm": null, "construction": null, "opening_date": null, "created_by": null, "bridge:alt_name": null, "maxspeed:freight:forward": null, "name:pronunciation": null, "cable_tram": null, "ref:cpuc": null, "ref:fra_crossing": null, "flood_prone": null, "motorcycle": null, "bing": null, "railway:cbtc": null, "tunnel:alt_name": null, "ID": null, "assmntdist": null, "built": null, "finish": null, "region": null, "shape_le_1": null, "shape_len": null, "start": null, "winter": null, "highspeed": null, "crossing:markings": null, "tunnel:wikidata": null, "NHS": null, "dog": null, "bridge:structure": null, "builder": null, "line": null, "is_in:state_code": null, "demolished": null, "old_attraction_name": null, "destination:lanes": null, "hov": null, "toll": null, "toll:hov": null, "turn:lanes": null, "railway:interlaced": null, "seasonal:dry_season": null, "seasonal:wet_season": null, "removed:bridge": null, "designation": null, "razed": null, "name:es": null, "destination": null, "lift_chain": null, "source:1": null, "hov:minimum": null, "old_ref": null, "construction:electrified": null, "construction:frequency": null, "construction:railway": null, "construction:voltage": null, "FIXME": null, "abandoned:usage": null, "admin_level": null, "border_type": null, "boundary": null, "ruins:bridge": null, "own": null, "leisure": null, "ohv": null, "source:maxspeed": null, "maxspeed:passenger": null, "was:gauge": null, "was:service": null, "hgv:national_network": null, "source:hgv:national_network": null, "tiger:name_base_2": null, "tiger:name_type_2": null, "nrhp:criteria": null, "nrhp:inscription_date": null, "nrhp:nhl": null, "old_name:1927-1968": null, "ref:cli": null, "name_2": null, "mtb:scale": null, "mtb:scale:uphill": null, "trail_visibility": null, "alt_owner": null, "url": null, "construction:railway:etcs": null, "lanes:backward": null, "lanes:both_ways": null, "lanes:forward": null, "parking:lane:both": null, "turn:lanes:both_ways": null, "disused:service": null, "MAPKEY": null, "OBJECTID": null, "SHAPE_STLe": null, "sccgis:objectid": null, "miniature:scale": null, "colour": null, "turn:lanes:forward": null, "turn:lanes:backward": null, "parking:lane:right": null, "mtb:scale:imba": null, "sac_scale": null, "cycleway:left:oneway": null, "end_date": null, "bus:lanes:backward": null, "bus:lanes:forward": null, "ford": null, "parking:both": null, "parking:both:orientation": null, "historic_usage": null, "construction:maxspeed": null, "proposed:electrified": null, "proposed:frequency": null, "proposed:voltage": null, "abandoned:service": null, "destination:ref": null, "construction:name": null, "construction:network": null, "construction:operator": null, "construction:wikidata": null, "construction:wikipedia": null, "change": null, "railway:disused": null, "crossing:island": null, "source:exit": null, "source:width": null, "footway": null, "disused": null, "contact:email": null, "contact:phone": null, "contact:website": null, "group_only": null, "name:en": null, "change:forward": null, "change:backward": null, "bus:lanes": null, "trolley_wire": null, "abandoned:electrified": null, "crossing:signals": null, "maxweight:hgv": null, "maxweight:hgv:conditional": null, "maxweight:hgv_articulated": null, "razed:service": null, "demolished:bridge": null, "crossing:barrier": null, "tracks": null, "heritage:website": null, "razed:usage": null, "parking:lane:left": null, "imagery": null, "local_ref": null, "crane:type": null, "submerged": null, "construction:gauge": null, "construction:usage": null, "planned": null, "floor": null, "lastcheck": null, "end_date:railway": null, "bridge:ref": null, "not:name": null, "stroller": null, "path": null, "proposed:railway:etcs": null, "was:bridge": null, "Note": null, "name:absent": null, "construction:service": null }, "geometry": { "type": "LineString", "coordinates": [ [ -122.4151812, 37.8051313 ], [ -122.4151885, 37.8051612 ], [ -122.4151946, 37.8051777 ], [ -122.4152035, 37.8051931 ], [ -122.4152207, 37.8052113 ] ] } },
{ "type": "Feature", "properties": { "id": "way/680987099", "@id": "way/680987099", "area": null, "historic": null, "name": null, "railway": "tram", "landuse": null, "operator": "San Francisco Municipal Railway", "bicycle": null, "covered": null, "departures_board": null, "foot": null, "highway": null, "indoor": null, "network": "Muni", "public_transport": null, "ref": null, "surface": null, "train": null, "lit": null, "wheelchair": null, "bench": null, "bin": null, "shelter": null, "owner": "San Francisco Municipal Railway", "building": null, "disused:railway": null, "source": null, "source_ref": null, "level": "0", "tactile_paving": null, "addr:city": null, "addr:housenumber": null, "addr:postcode": null, "addr:state": null, "addr:street": null, "addr:street_direction_prefix": null, "industrial": null, "building:levels": null, "height": null, "light_rail": null, "air_conditioning": null, "attribution": null, "bak:fac_type1": null, "internet_access": null, "bus": null, "tram": null, "wheelchair:description": null, "check_date": null, "passenger_information_display": null, "bridge": null, "layer": null, "check_date:lit": null, "trolleybus": null, "bearing": null, "check_date:shelter": null, "tourism": null, "access": null, "subway": null, "location": null, "tunnel": null, "motor_vehicle": null, "operator:wikidata": null, "electrified": "no", "gauge": "1067", "alt_name": null, "note": null, "note:website": null, "phone": null, "railway:position": null, "railway:ref": null, "short_name": null, "website": null, "wikidata": null, "wikipedia": null, "service": null, "length": null, "addr:housename": null, "attraction": null, "monorail": null, "horse": null, "check_date:bin": null, "tiger:county": null, "start_date": null, "check_date:bench": null, "ele": null, "lacounty:ain": null, "lacounty:bld_id": null, "usage": null, "fixme": null, "rail": null, "source:imagery": null, "description": null, "underground": null, "frequency": null, "voltage": null, "network:wikidata": null, "network:wikipedia": null, "operator:wikipedia": null, "owner:wikidata": null, "owner:wikipedia": null, "organization": null, "crossing": null, "official_name": null, "railway:proposed": null, "proposed:public_transport": null, "proposed:railway": null, "proposed:tram": null, "turntable": null, "biotic_reef:type": null, "image": null, "natural": null, "protection_title": null, "reef": null, "ruined": null, "seamark:type": null, "man_made": null, "proposed": null, "wikimedia_commons": null, "addr:country": null, "toilets:wheelchair": null, "baby_feeding": null, "station": null, "railway:preferred_direction": "forward", "oneway": null, "maxspeed": null, "tiger:cfcc": null, "tiger:reviewed": null, "maxspeed:freight": null, "railway:ptc": null, "railway:track_class": null, "railway:track_ref": null, "old_railway_operator": null, "railway:atc": null, "tiger:name_base": null, "railway:traffic_mode": null, "reporting_marks": null, "tunnel:name": null, "segregated": null, "sidewalk": null, "cycleway": null, "tiger:name_type": null, "passenger_lines": null, "passenger": null, "railway:preserved": null, "cycleway:left": null, "cycleway:right": null, "cycleway:right:lane": null, "lcn": null, "lanes": null, "abandoned:railway": null, "abandoned:name": null, "smoothness": null, "tracktype": null, "source:construction": null, "tiger:source": null, "tiger:tlid": null, "tiger:upload_uuid": null, "review": null, "maxspeed:backward": null, "maxspeed:forward": null, "maxspeed:freight:backward": null, "historic:name": null, "historic:operator": null, "historic:usage": null, "bridge:name": null, "operator:short": null, "embankment": null, "old_name": null, "route": null, "type": null, "cutting": null, "vta:id": null, "maxheight": null, "razed:railway": null, "cycleway:both": null, "cycleway:both:lane": null, "lane_markings": null, "name_1": null, "tiger:name_base_1": null, "tiger:name_type_1": null, "width": null, "abandoned": null, "tiger:separated": null, "incline": null, "bridge:movable": null, "bridge:wikidata": null, "bridge:wikipedia": null, "heritage": null, "heritage:operator": null, "ref:nrhp": null, "bridge_ref": null, "milepost:county": null, "source:bridge": null, "source_ref:bridge": null, "hgv": null, "demolished:railway": null, "loc_name": null, "route_ref": null, "embedded": null, "addr:county": null, "ref:lahcm": null, "construction": null, "opening_date": null, "created_by": null, "bridge:alt_name": null, "maxspeed:freight:forward": null, "name:pronunciation": null, "cable_tram": null, "ref:cpuc": null, "ref:fra_crossing": null, "flood_prone": null, "motorcycle": null, "bing": null, "railway:cbtc": null, "tunnel:alt_name": null, "ID": null, "assmntdist": null, "built": null, "finish": null, "region": null, "shape_le_1": null, "shape_len": null, "start": null, "winter": null, "highspeed": null, "crossing:markings": null, "tunnel:wikidata": null, "NHS": null, "dog": null, "bridge:structure": null, "builder": null, "line": null, "is_in:state_code": null, "demolished": null, "old_attraction_name": null, "destination:lanes": null, "hov": null, "toll": null, "toll:hov": null, "turn:lanes": null, "railway:interlaced": null, "seasonal:dry_season": null, "seasonal:wet_season": null, "removed:bridge": null, "designation": null, "razed": null, "name:es": null, "destination": null, "lift_chain": null, "source:1": null, "hov:minimum": null, "old_ref": null, "construction:electrified": null, "construction:frequency": null, "construction:railway": null, "construction:voltage": null, "FIXME": null, "abandoned:usage": null, "admin_level": null, "border_type": null, "boundary": null, "ruins:bridge": null, "own": null, "leisure": null, "ohv": null, "source:maxspeed": null, "maxspeed:passenger": null, "was:gauge": null, "was:service": null, "hgv:national_network": null, "source:hgv:national_network": null, "tiger:name_base_2": null, "tiger:name_type_2": null, "nrhp:criteria": null, "nrhp:inscription_date": null, "nrhp:nhl": null, "old_name:1927-1968": null, "ref:cli": null, "name_2": null, "mtb:scale": null, "mtb:scale:uphill": null, "trail_visibility": null, "alt_owner": null, "url": null, "construction:railway:etcs": null, "lanes:backward": null, "lanes:both_ways": null, "lanes:forward": null, "parking:lane:both": null, "turn:lanes:both_ways": null, "disused:service": null, "MAPKEY": null, "OBJECTID": null, "SHAPE_STLe": null, "sccgis:objectid": null, "miniature:scale": null, "colour": null, "turn:lanes:forward": null, "turn:lanes:backward": null, "parking:lane:right": null, "mtb:scale:imba": null, "sac_scale": null, "cycleway:left:oneway": null, "end_date": null, "bus:lanes:backward": null, "bus:lanes:forward": null, "ford": null, "parking:both": null, "parking:both:orientation": null, "historic_usage": null, "construction:maxspeed": null, "proposed:electrified": null, "proposed:frequency": null, "proposed:voltage": null, "abandoned:service": null, "destination:ref": null, "construction:name": null, "construction:network": null, "construction:operator": null, "construction:wikidata": null, "construction:wikipedia": null, "change": null, "railway:disused": null, "crossing:island": null, "source:exit": null, "source:width": null, "footway": null, "disused": null, "contact:email": null, "contact:phone": null, "contact:website": null, "group_only": null, "name:en": null, "change:forward": null, "change:backward": null, "bus:lanes": null, "trolley_wire": null, "abandoned:electrified": null, "crossing:signals": null, "maxweight:hgv": null, "maxweight:hgv:conditional": null, "maxweight:hgv_articulated": null, "razed:service": null, "demolished:bridge": null, "crossing:barrier": null, "tracks": null, "heritage:website": null, "razed:usage": null, "parking:lane:left": null, "imagery": null, "local_ref": null, "crane:type": null, "submerged": null, "construction:gauge": null, "construction:usage": null, "planned": null, "floor": null, "lastcheck": null, "end_date:railway": null, "bridge:ref": null, "not:name": null, "stroller": null, "path": null, "proposed:railway:etcs": null, "was:bridge": null, "Note": null, "name:absent": null, "construction:service": null }, "geometry": { "type": "LineString", "coordinates": [ [ -122.4077462, 37.7847869 ], [ -122.4077426, 37.7847741 ], [ -122.4077355, 37.7847621 ], [ -122.4077265, 37.7847502 ], [ -122.4077143, 37.7847315 ] ] } },
{ "type": "Feature", "properties": { "id": "way/680987100", "@id": "way/680987100", "area": null, "historic": null, "name": null, "railway": "tram", "landuse": null, "operator": "San Francisco Municipal Railway", "bicycle": null, "covered": null, "departures_board": null, "foot": null, "highway": null, "indoor": null, "network": "Muni", "public_transport": null, "ref": null, "surface": null, "train": null, "lit": null, "wheelchair": null, "bench": null, "bin": null, "shelter": null, "owner": "San Francisco Municipal Railway", "building": null, "disused:railway": null, "source": null, "source_ref": null, "level": "0", "tactile_paving": null, "addr:city": null, "addr:housenumber": null, "addr:postcode": null, "addr:state": null, "addr:street": null, "addr:street_direction_prefix": null, "industrial": null, "building:levels": null, "height": null, "light_rail": null, "air_conditioning": null, "attribution": null, "bak:fac_type1": null, "internet_access": null, "bus": null, "tram": null, "wheelchair:description": null, "check_date": null, "passenger_information_display": null, "bridge": null, "layer": null, "check_date:lit": null, "trolleybus": null, "bearing": null, "check_date:shelter": null, "tourism": null, "access": null, "subway": null, "location": null, "tunnel": null, "motor_vehicle": null, "operator:wikidata": null, "electrified": "no", "gauge": "1067", "alt_name": null, "note": null, "note:website": null, "phone": null, "railway:position": null, "railway:ref": null, "short_name": null, "website": null, "wikidata": null, "wikipedia": null, "service": null, "length": null, "addr:housename": null, "attraction": null, "monorail": null, "horse": null, "check_date:bin": null, "tiger:county": null, "start_date": null, "check_date:bench": null, "ele": null, "lacounty:ain": null, "lacounty:bld_id": null, "usage": null, "fixme": null, "rail": null, "source:imagery": null, "description": null, "underground": null, "frequency": null, "voltage": null, "network:wikidata": null, "network:wikipedia": null, "operator:wikipedia": null, "owner:wikidata": null, "owner:wikipedia": null, "organization": null, "crossing": null, "official_name": null, "railway:proposed": null, "proposed:public_transport": null, "proposed:railway": null, "proposed:tram": null, "turntable": null, "biotic_reef:type": null, "image": null, "natural": null, "protection_title": null, "reef": null, "ruined": null, "seamark:type": null, "man_made": null, "proposed": null, "wikimedia_commons": null, "addr:country": null, "toilets:wheelchair": null, "baby_feeding": null, "station": null, "railway:preferred_direction": "forward", "oneway": null, "maxspeed": null, "tiger:cfcc": null, "tiger:reviewed": null, "maxspeed:freight": null, "railway:ptc": null, "railway:track_class": null, "railway:track_ref": null, "old_railway_operator": null, "railway:atc": null, "tiger:name_base": null, "railway:traffic_mode": null, "reporting_marks": null, "tunnel:name": null, "segregated": null, "sidewalk": null, "cycleway": null, "tiger:name_type": null, "passenger_lines": null, "passenger": null, "railway:preserved": null, "cycleway:left": null, "cycleway:right": null, "cycleway:right:lane": null, "lcn": null, "lanes": null, "abandoned:railway": null, "abandoned:name": null, "smoothness": null, "tracktype": null, "source:construction": null, "tiger:source": null, "tiger:tlid": null, "tiger:upload_uuid": null, "review": null, "maxspeed:backward": null, "maxspeed:forward": null, "maxspeed:freight:backward": null, "historic:name": null, "historic:operator": null, "historic:usage": null, "bridge:name": null, "operator:short": null, "embankment": null, "old_name": null, "route": null, "type": null, "cutting": null, "vta:id": null, "maxheight": null, "razed:railway": null, "cycleway:both": null, "cycleway:both:lane": null, "lane_markings": null, "name_1": null, "tiger:name_base_1": null, "tiger:name_type_1": null, "width": null, "abandoned": null, "tiger:separated": null, "incline": null, "bridge:movable": null, "bridge:wikidata": null, "bridge:wikipedia": null, "heritage": null, "heritage:operator": null, "ref:nrhp": null, "bridge_ref": null, "milepost:county": null, "source:bridge": null, "source_ref:bridge": null, "hgv": null, "demolished:railway": null, "loc_name": null, "route_ref": null, "embedded": null, "addr:county": null, "ref:lahcm": null, "construction": null, "opening_date": null, "created_by": null, "bridge:alt_name": null, "maxspeed:freight:forward": null, "name:pronunciation": null, "cable_tram": "cable", "ref:cpuc": null, "ref:fra_crossing": null, "flood_prone": null, "motorcycle": null, "bing": null, "railway:cbtc": null, "tunnel:alt_name": null, "ID": null, "assmntdist": null, "built": null, "finish": null, "region": null, "shape_le_1": null, "shape_len": null, "start": null, "winter": null, "highspeed": null, "crossing:markings": null, "tunnel:wikidata": null, "NHS": null, "dog": null, "bridge:structure": null, "builder": null, "line": null, "is_in:state_code": null, "demolished": null, "old_attraction_name": null, "destination:lanes": null, "hov": null, "toll": null, "toll:hov": null, "turn:lanes": null, "railway:interlaced": null, "seasonal:dry_season": null, "seasonal:wet_season": null, "removed:bridge": null, "designation": null, "razed": null, "name:es": null, "destination": null, "lift_chain": null, "source:1": null, "hov:minimum": null, "old_ref": null, "construction:electrified": null, "construction:frequency": null, "construction:railway": null, "construction:voltage": null, "FIXME": null, "abandoned:usage": null, "admin_level": null, "border_type": null, "boundary": null, "ruins:bridge": null, "own": null, "leisure": null, "ohv": null, "source:maxspeed": null, "maxspeed:passenger": null, "was:gauge": null, "was:service": null, "hgv:national_network": null, "source:hgv:national_network": null, "tiger:name_base_2": null, "tiger:name_type_2": null, "nrhp:criteria": null, "nrhp:inscription_date": null, "nrhp:nhl": null, "old_name:1927-1968": null, "ref:cli": null, "name_2": null, "mtb:scale": null, "mtb:scale:uphill": null, "trail_visibility": null, "alt_owner": null, "url": null, "construction:railway:etcs": null, "lanes:backward": null, "lanes:both_ways": null, "lanes:forward": null, "parking:lane:both": null, "turn:lanes:both_ways": null, "disused:service": null, "MAPKEY": null, "OBJECTID": null, "SHAPE_STLe": null, "sccgis:objectid": null, "miniature:scale": null, "colour": null, "turn:lanes:forward": null, "turn:lanes:backward": null, "parking:lane:right": null, "mtb:scale:imba": null, "sac_scale": null, "cycleway:left:oneway": null, "end_date": null, "bus:lanes:backward": null, "bus:lanes:forward": null, "ford": null, "parking:both": null, "parking:both:orientation": null, "historic_usage": null, "construction:maxspeed": null, "proposed:electrified": null, "proposed:frequency": null, "proposed:voltage": null, "abandoned:service": null, "destination:ref": null, "construction:name": null, "construction:network": null, "construction:operator": null, "construction:wikidata": null, "construction:wikipedia": null, "change": null, "railway:disused": null, "crossing:island": null, "source:exit": null, "source:width": null, "footway": null, "disused": null, "contact:email": null, "contact:phone": null, "contact:website": null, "group_only": null, "name:en": null, "change:forward": null, "change:backward": null, "bus:lanes": null, "trolley_wire": null, "abandoned:electrified": null, "crossing:signals": null, "maxweight:hgv": null, "maxweight:hgv:conditional": null, "maxweight:hgv_articulated": null, "razed:service": null, "demolished:bridge": null, "crossing:barrier": null, "tracks": null, "heritage:website": null, "razed:usage": null, "parking:lane:left": null, "imagery": null, "local_ref": null, "crane:type": null, "submerged": null, "construction:gauge": null, "construction:usage": null, "planned": null, "floor": null, "lastcheck": null, "end_date:railway": null, "bridge:ref": null, "not:name": null, "stroller": null, "path": null, "proposed:railway:etcs": null, "was:bridge": null, "Note": null, "name:absent": null, "construction:service": null }, "geometry": { "type": "LineString", "coordinates": [ [ -122.407706, 37.7847345 ], [ -122.40773, 37.7848858 ] ] } },
{ "type": "Feature", "properties": { "id": "way/706527723", "@id": "way/706527723", "area": null, "historic": null, "name": null, "railway": "tram", "landuse": null, "operator": "San Francisco Municipal Railway", "bicycle": null, "covered": null, "departures_board": null, "foot": null, "highway": null, "indoor": null, "network": "Muni", "public_transport": null, "ref": null, "surface": null, "train": null, "lit": null, "wheelchair": null, "bench": null, "bin": null, "shelter": null, "owner": "San Francisco Municipal Railway", "building": null, "disused:railway": null, "source": null, "source_ref": null, "level": null, "tactile_paving": null, "addr:city": null, "addr:housenumber": null, "addr:postcode": null, "addr:state": null, "addr:street": null, "addr:street_direction_prefix": null, "industrial": null, "building:levels": null, "height": null, "light_rail": null, "air_conditioning": null, "attribution": null, "bak:fac_type1": null, "internet_access": null, "bus": null, "tram": null, "wheelchair:description": null, "check_date": null, "passenger_information_display": null, "bridge": null, "layer": null, "check_date:lit": null, "trolleybus": null, "bearing": null, "check_date:shelter": null, "tourism": null, "access": null, "subway": null, "location": null, "tunnel": null, "motor_vehicle": null, "operator:wikidata": null, "electrified": "no", "gauge": "1067", "alt_name": null, "note": null, "note:website": null, "phone": null, "railway:position": null, "railway:ref": null, "short_name": null, "website": null, "wikidata": null, "wikipedia": null, "service": null, "length": null, "addr:housename": null, "attraction": null, "monorail": null, "horse": null, "check_date:bin": null, "tiger:county": null, "start_date": null, "check_date:bench": null, "ele": null, "lacounty:ain": null, "lacounty:bld_id": null, "usage": null, "fixme": null, "rail": null, "source:imagery": null, "description": null, "underground": null, "frequency": null, "voltage": null, "network:wikidata": null, "network:wikipedia": null, "operator:wikipedia": null, "owner:wikidata": null, "owner:wikipedia": null, "organization": null, "crossing": null, "official_name": null, "railway:proposed": null, "proposed:public_transport": null, "proposed:railway": null, "proposed:tram": null, "turntable": null, "biotic_reef:type": null, "image": null, "natural": null, "protection_title": null, "reef": null, "ruined": null, "seamark:type": null, "man_made": null, "proposed": null, "wikimedia_commons": null, "addr:country": null, "toilets:wheelchair": null, "baby_feeding": null, "station": null, "railway:preferred_direction": "forward", "oneway": null, "maxspeed": "9.5 mph", "tiger:cfcc": null, "tiger:reviewed": null, "maxspeed:freight": null, "railway:ptc": null, "railway:track_class": null, "railway:track_ref": null, "old_railway_operator": null, "railway:atc": null, "tiger:name_base": null, "railway:traffic_mode": null, "reporting_marks": null, "tunnel:name": null, "segregated": null, "sidewalk": null, "cycleway": null, "tiger:name_type": null, "passenger_lines": null, "passenger": null, "railway:preserved": null, "cycleway:left": null, "cycleway:right": null, "cycleway:right:lane": null, "lcn": null, "lanes": null, "abandoned:railway": null, "abandoned:name": null, "smoothness": null, "tracktype": null, "source:construction": null, "tiger:source": null, "tiger:tlid": null, "tiger:upload_uuid": null, "review": null, "maxspeed:backward": null, "maxspeed:forward": null, "maxspeed:freight:backward": null, "historic:name": null, "historic:operator": null, "historic:usage": null, "bridge:name": null, "operator:short": null, "embankment": null, "old_name": null, "route": null, "type": null, "cutting": null, "vta:id": null, "maxheight": null, "razed:railway": null, "cycleway:both": null, "cycleway:both:lane": null, "lane_markings": null, "name_1": null, "tiger:name_base_1": null, "tiger:name_type_1": null, "width": null, "abandoned": null, "tiger:separated": null, "incline": null, "bridge:movable": null, "bridge:wikidata": null, "bridge:wikipedia": null, "heritage": null, "heritage:operator": null, "ref:nrhp": null, "bridge_ref": null, "milepost:county": null, "source:bridge": null, "source_ref:bridge": null, "hgv": null, "demolished:railway": null, "loc_name": null, "route_ref": null, "embedded": null, "addr:county": null, "ref:lahcm": null, "construction": null, "opening_date": null, "created_by": null, "bridge:alt_name": null, "maxspeed:freight:forward": null, "name:pronunciation": null, "cable_tram": "cable", "ref:cpuc": null, "ref:fra_crossing": null, "flood_prone": null, "motorcycle": null, "bing": null, "railway:cbtc": null, "tunnel:alt_name": null, "ID": null, "assmntdist": null, "built": null, "finish": null, "region": null, "shape_le_1": null, "shape_len": null, "start": null, "winter": null, "highspeed": null, "crossing:markings": null, "tunnel:wikidata": null, "NHS": null, "dog": null, "bridge:structure": null, "builder": null, "line": null, "is_in:state_code": null, "demolished": null, "old_attraction_name": null, "destination:lanes": null, "hov": null, "toll": null, "toll:hov": null, "turn:lanes": null, "railway:interlaced": "yes", "seasonal:dry_season": null, "seasonal:wet_season": null, "removed:bridge": null, "designation": null, "razed": null, "name:es": null, "destination": null, "lift_chain": null, "source:1": null, "hov:minimum": null, "old_ref": null, "construction:electrified": null, "construction:frequency": null, "construction:railway": null, "construction:voltage": null, "FIXME": null, "abandoned:usage": null, "admin_level": null, "border_type": null, "boundary": null, "ruins:bridge": null, "own": null, "leisure": null, "ohv": null, "source:maxspeed": null, "maxspeed:passenger": null, "was:gauge": null, "was:service": null, "hgv:national_network": null, "source:hgv:national_network": null, "tiger:name_base_2": null, "tiger:name_type_2": null, "nrhp:criteria": null, "nrhp:inscription_date": null, "nrhp:nhl": null, "old_name:1927-1968": null, "ref:cli": null, "name_2": null, "mtb:scale": null, "mtb:scale:uphill": null, "trail_visibility": null, "alt_owner": null, "url": null, "construction:railway:etcs": null, "lanes:backward": null, "lanes:both_ways": null, "lanes:forward": null, "parking:lane:both": null, "turn:lanes:both_ways": null, "disused:service": null, "MAPKEY": null, "OBJECTID": null, "SHAPE_STLe": null, "sccgis:objectid": null, "miniature:scale": null, "colour": null, "turn:lanes:forward": null, "turn:lanes:backward": null, "parking:lane:right": null, "mtb:scale:imba": null, "sac_scale": null, "cycleway:left:oneway": null, "end_date": null, "bus:lanes:backward": null, "bus:lanes:forward": null, "ford": null, "parking:both": null, "parking:both:orientation": null, "historic_usage": null, "construction:maxspeed": null, "proposed:electrified": null, "proposed:frequency": null, "proposed:voltage": null, "abandoned:service": null, "destination:ref": null, "construction:name": null, "construction:network": null, "construction:operator": null, "construction:wikidata": null, "construction:wikipedia": null, "change": null, "railway:disused": null, "crossing:island": null, "source:exit": null, "source:width": null, "footway": null, "disused": null, "contact:email": null, "contact:phone": null, "contact:website": null, "group_only": null, "name:en": null, "change:forward": null, "change:backward": null, "bus:lanes": null, "trolley_wire": null, "abandoned:electrified": null, "crossing:signals": null, "maxweight:hgv": null, "maxweight:hgv:conditional": null, "maxweight:hgv_articulated": null, "razed:service": null, "demolished:bridge": null, "crossing:barrier": null, "tracks": null, "heritage:website": null, "razed:usage": null, "parking:lane:left": null, "imagery": null, "local_ref": null, "crane:type": null, "submerged": null, "construction:gauge": null, "construction:usage": null, "planned": null, "floor": null, "lastcheck": null, "end_date:railway": null, "bridge:ref": null, "not:name": null, "stroller": null, "path": null, "proposed:railway:etcs": null, "was:bridge": null, "Note": null, "name:absent": null, "construction:service": null }, "geometry": { "type": "LineString", "coordinates": [ [ -122.4098258, 37.7952806 ], [ -122.409852, 37.7954262 ], [ -122.4098586, 37.7954626 ], [ -122.4098655, 37.7954897 ], [ -122.4098809, 37.7955251 ], [ -122.4098975, 37.7955452 ], [ -122.4099056, 37.7955532 ], [ -122.4099117, 37.7955592 ], [ -122.4099233, 37.7955683 ], [ -122.4099287, 37.7955726 ], [ -122.409948, 37.7955839 ], [ -122.4099697, 37.7955934 ], [ -122.4100005, 37.7956039 ], [ -122.4100096, 37.7956059 ], [ -122.410025, 37.7956084 ], [ -122.4100313, 37.7956094 ], [ -122.4100674, 37.7956108 ], [ -122.410107, 37.7956069 ], [ -122.4102971, 37.7955816 ], [ -122.4113571, 37.7954408 ] ] } },
{ "type": "Feature", "properties": { "id": "way/772506993", "@id": "way/772506993", "area": null, "historic": null, "name": null, "railway": "tram", "landuse": null, "operator": "San Francisco Municipal Railway", "bicycle": null, "covered": null, "departures_board": null, "foot": null, "highway": null, "indoor": null, "network": "Muni", "public_transport": null, "ref": null, "surface": null, "train": null, "lit": null, "wheelchair": null, "bench": null, "bin": null, "shelter": null, "owner": "San Francisco Municipal Railway", "building": null, "disused:railway": null, "source": null, "source_ref": null, "level": null, "tactile_paving": null, "addr:city": null, "addr:housenumber": null, "addr:postcode": null, "addr:state": null, "addr:street": null, "addr:street_direction_prefix": null, "industrial": null, "building:levels": null, "height": null, "light_rail": null, "air_conditioning": null, "attribution": null, "bak:fac_type1": null, "internet_access": null, "bus": null, "tram": null, "wheelchair:description": null, "check_date": null, "passenger_information_display": null, "bridge": null, "layer": null, "check_date:lit": null, "trolleybus": null, "bearing": null, "check_date:shelter": null, "tourism": null, "access": null, "subway": null, "location": null, "tunnel": null, "motor_vehicle": null, "operator:wikidata": null, "electrified": "no", "gauge": "1067", "alt_name": null, "note": null, "note:website": null, "phone": null, "railway:position": null, "railway:ref": null, "short_name": null, "website": null, "wikidata": null, "wikipedia": null, "service": null, "length": null, "addr:housename": null, "attraction": null, "monorail": null, "horse": null, "check_date:bin": null, "tiger:county": null, "start_date": null, "check_date:bench": null, "ele": null, "lacounty:ain": null, "lacounty:bld_id": null, "usage": null, "fixme": null, "rail": null, "source:imagery": null, "description": null, "underground": null, "frequency": null, "voltage": null, "network:wikidata": null, "network:wikipedia": null, "operator:wikipedia": null, "owner:wikidata": null, "owner:wikipedia": null, "organization": null, "crossing": null, "official_name": null, "railway:proposed": null, "proposed:public_transport": null, "proposed:railway": null, "proposed:tram": null, "turntable": null, "biotic_reef:type": null, "image": null, "natural": null, "protection_title": null, "reef": null, "ruined": null, "seamark:type": null, "man_made": null, "proposed": null, "wikimedia_commons": null, "addr:country": null, "toilets:wheelchair": null, "baby_feeding": null, "station": null, "railway:preferred_direction": "forward", "oneway": null, "maxspeed": "9.5 mph", "tiger:cfcc": null, "tiger:reviewed": null, "maxspeed:freight": null, "railway:ptc": null, "railway:track_class": null, "railway:track_ref": null, "old_railway_operator": null, "railway:atc": null, "tiger:name_base": null, "railway:traffic_mode": null, "reporting_marks": null, "tunnel:name": null, "segregated": null, "sidewalk": null, "cycleway": null, "tiger:name_type": null, "passenger_lines": null, "passenger": null, "railway:preserved": null, "cycleway:left": null, "cycleway:right": null, "cycleway:right:lane": null, "lcn": null, "lanes": null, "abandoned:railway": null, "abandoned:name": null, "smoothness": null, "tracktype": null, "source:construction": null, "tiger:source": null, "tiger:tlid": null, "tiger:upload_uuid": null, "review": null, "maxspeed:backward": null, "maxspeed:forward": null, "maxspeed:freight:backward": null, "historic:name": null, "historic:operator": null, "historic:usage": null, "bridge:name": null, "operator:short": null, "embankment": null, "old_name": null, "route": null, "type": null, "cutting": null, "vta:id": null, "maxheight": null, "razed:railway": null, "cycleway:both": null, "cycleway:both:lane": null, "lane_markings": null, "name_1": null, "tiger:name_base_1": null, "tiger:name_type_1": null, "width": null, "abandoned": null, "tiger:separated": null, "incline": null, "bridge:movable": null, "bridge:wikidata": null, "bridge:wikipedia": null, "heritage": null, "heritage:operator": null, "ref:nrhp": null, "bridge_ref": null, "milepost:county": null, "source:bridge": null, "source_ref:bridge": null, "hgv": null, "demolished:railway": null, "loc_name": null, "route_ref": null, "embedded": null, "addr:county": null, "ref:lahcm": null, "construction": null, "opening_date": null, "created_by": null, "bridge:alt_name": null, "maxspeed:freight:forward": null, "name:pronunciation": null, "cable_tram": null, "ref:cpuc": null, "ref:fra_crossing": null, "flood_prone": null, "motorcycle": null, "bing": null, "railway:cbtc": null, "tunnel:alt_name": null, "ID": null, "assmntdist": null, "built": null, "finish": null, "region": null, "shape_le_1": null, "shape_len": null, "start": null, "winter": null, "highspeed": null, "crossing:markings": null, "tunnel:wikidata": null, "NHS": null, "dog": null, "bridge:structure": null, "builder": null, "line": null, "is_in:state_code": null, "demolished": null, "old_attraction_name": null, "destination:lanes": null, "hov": null, "toll": null, "toll:hov": null, "turn:lanes": null, "railway:interlaced": "yes", "seasonal:dry_season": null, "seasonal:wet_season": null, "removed:bridge": null, "designation": null, "razed": null, "name:es": null, "destination": null, "lift_chain": null, "source:1": null, "hov:minimum": null, "old_ref": null, "construction:electrified": null, "construction:frequency": null, "construction:railway": null, "construction:voltage": null, "FIXME": null, "abandoned:usage": null, "admin_level": null, "border_type": null, "boundary": null, "ruins:bridge": null, "own": null, "leisure": null, "ohv": null, "source:maxspeed": null, "maxspeed:passenger": null, "was:gauge": null, "was:service": null, "hgv:national_network": null, "source:hgv:national_network": null, "tiger:name_base_2": null, "tiger:name_type_2": null, "nrhp:criteria": null, "nrhp:inscription_date": null, "nrhp:nhl": null, "old_name:1927-1968": null, "ref:cli": null, "name_2": null, "mtb:scale": null, "mtb:scale:uphill": null, "trail_visibility": null, "alt_owner": null, "url": null, "construction:railway:etcs": null, "lanes:backward": null, "lanes:both_ways": null, "lanes:forward": null, "parking:lane:both": null, "turn:lanes:both_ways": null, "disused:service": null, "MAPKEY": null, "OBJECTID": null, "SHAPE_STLe": null, "sccgis:objectid": null, "miniature:scale": null, "colour": null, "turn:lanes:forward": null, "turn:lanes:backward": null, "parking:lane:right": null, "mtb:scale:imba": null, "sac_scale": null, "cycleway:left:oneway": null, "end_date": null, "bus:lanes:backward": null, "bus:lanes:forward": null, "ford": null, "parking:both": null, "parking:both:orientation": null, "historic_usage": null, "construction:maxspeed": null, "proposed:electrified": null, "proposed:frequency": null, "proposed:voltage": null, "abandoned:service": null, "destination:ref": null, "construction:name": null, "construction:network": null, "construction:operator": null, "construction:wikidata": null, "construction:wikipedia": null, "change": null, "railway:disused": null, "crossing:island": null, "source:exit": null, "source:width": null, "footway": null, "disused": null, "contact:email": null, "contact:phone": null, "contact:website": null, "group_only": null, "name:en": null, "change:forward": null, "change:backward": null, "bus:lanes": null, "trolley_wire": null, "abandoned:electrified": null, "crossing:signals": null, "maxweight:hgv": null, "maxweight:hgv:conditional": null, "maxweight:hgv_articulated": null, "razed:service": null, "demolished:bridge": null, "crossing:barrier": null, "tracks": null, "heritage:website": null, "razed:usage": null, "parking:lane:left": null, "imagery": null, "local_ref": null, "crane:type": null, "submerged": null, "construction:gauge": null, "construction:usage": null, "planned": null, "floor": null, "lastcheck": null, "end_date:railway": null, "bridge:ref": null, "not:name": null, "stroller": null, "path": null, "proposed:railway:etcs": null, "was:bridge": null, "Note": null, "name:absent": null, "construction:service": null }, "geometry": { "type": "LineString", "coordinates": [ [ -122.4103104, 37.7946602 ], [ -122.41011, 37.794685 ], [ -122.4100794, 37.7946886 ], [ -122.4100727, 37.7946894 ] ] } },
{ "type": "Feature", "properties": { "id": "way/772766520", "@id": "way/772766520", "area": null, "historic": null, "name": null, "railway": "tram", "landuse": null, "operator": "San Francisco Municipal Railway", "bicycle": null, "covered": null, "departures_board": null, "foot": null, "highway": null, "indoor": null, "network": "Muni", "public_transport": null, "ref": null, "surface": null, "train": null, "lit": null, "wheelchair": null, "bench": null, "bin": null, "shelter": null, "owner": "San Francisco Municipal Railway", "building": null, "disused:railway": null, "source": null, "source_ref": null, "level": "0", "tactile_paving": null, "addr:city": null, "addr:housenumber": null, "addr:postcode": null, "addr:state": null, "addr:street": null, "addr:street_direction_prefix": null, "industrial": null, "building:levels": null, "height": null, "light_rail": null, "air_conditioning": null, "attribution": null, "bak:fac_type1": null, "internet_access": null, "bus": null, "tram": null, "wheelchair:description": null, "check_date": null, "passenger_information_display": null, "bridge": null, "layer": null, "check_date:lit": null, "trolleybus": null, "bearing": null, "check_date:shelter": null, "tourism": null, "access": null, "subway": null, "location": null, "tunnel": null, "motor_vehicle": null, "operator:wikidata": null, "electrified": "no", "gauge": "1067", "alt_name": null, "note": null, "note:website": null, "phone": null, "railway:position": null, "railway:ref": null, "short_name": null, "website": null, "wikidata": null, "wikipedia": null, "service": null, "length": null, "addr:housename": null, "attraction": null, "monorail": null, "horse": null, "check_date:bin": null, "tiger:county": null, "start_date": null, "check_date:bench": null, "ele": null, "lacounty:ain": null, "lacounty:bld_id": null, "usage": null, "fixme": null, "rail": null, "source:imagery": null, "description": null, "underground": null, "frequency": null, "voltage": null, "network:wikidata": null, "network:wikipedia": null, "operator:wikipedia": null, "owner:wikidata": null, "owner:wikipedia": null, "organization": null, "crossing": null, "official_name": null, "railway:proposed": null, "proposed:public_transport": null, "proposed:railway": null, "proposed:tram": null, "turntable": null, "biotic_reef:type": null, "image": null, "natural": null, "protection_title": null, "reef": null, "ruined": null, "seamark:type": null, "man_made": null, "proposed": null, "wikimedia_commons": null, "addr:country": null, "toilets:wheelchair": null, "baby_feeding": null, "station": null, "railway:preferred_direction": "forward", "oneway": null, "maxspeed": null, "tiger:cfcc": null, "tiger:reviewed": null, "maxspeed:freight": null, "railway:ptc": null, "railway:track_class": null, "railway:track_ref": null, "old_railway_operator": null, "railway:atc": null, "tiger:name_base": null, "railway:traffic_mode": null, "reporting_marks": null, "tunnel:name": null, "segregated": null, "sidewalk": null, "cycleway": null, "tiger:name_type": null, "passenger_lines": null, "passenger": null, "railway:preserved": null, "cycleway:left": null, "cycleway:right": null, "cycleway:right:lane": null, "lcn": null, "lanes": null, "abandoned:railway": null, "abandoned:name": null, "smoothness": null, "tracktype": null, "source:construction": null, "tiger:source": null, "tiger:tlid": null, "tiger:upload_uuid": null, "review": null, "maxspeed:backward": null, "maxspeed:forward": null, "maxspeed:freight:backward": null, "historic:name": null, "historic:operator": null, "historic:usage": null, "bridge:name": null, "operator:short": null, "embankment": null, "old_name": null, "route": null, "type": null, "cutting": null, "vta:id": null, "maxheight": null, "razed:railway": null, "cycleway:both": null, "cycleway:both:lane": null, "lane_markings": null, "name_1": null, "tiger:name_base_1": null, "tiger:name_type_1": null, "width": null, "abandoned": null, "tiger:separated": null, "incline": null, "bridge:movable": null, "bridge:wikidata": null, "bridge:wikipedia": null, "heritage": null, "heritage:operator": null, "ref:nrhp": null, "bridge_ref": null, "milepost:county": null, "source:bridge": null, "source_ref:bridge": null, "hgv": null, "demolished:railway": null, "loc_name": null, "route_ref": null, "embedded": null, "addr:county": null, "ref:lahcm": null, "construction": null, "opening_date": null, "created_by": null, "bridge:alt_name": null, "maxspeed:freight:forward": null, "name:pronunciation": null, "cable_tram": "cable", "ref:cpuc": null, "ref:fra_crossing": null, "flood_prone": null, "motorcycle": null, "bing": null, "railway:cbtc": null, "tunnel:alt_name": null, "ID": null, "assmntdist": null, "built": null, "finish": null, "region": null, "shape_le_1": null, "shape_len": null, "start": null, "winter": null, "highspeed": null, "crossing:markings": null, "tunnel:wikidata": null, "NHS": null, "dog": null, "bridge:structure": null, "builder": null, "line": null, "is_in:state_code": null, "demolished": null, "old_attraction_name": null, "destination:lanes": null, "hov": null, "toll": null, "toll:hov": null, "turn:lanes": null, "railway:interlaced": null, "seasonal:dry_season": null, "seasonal:wet_season": null, "removed:bridge": null, "designation": null, "razed": null, "name:es": null, "destination": null, "lift_chain": null, "source:1": null, "hov:minimum": null, "old_ref": null, "construction:electrified": null, "construction:frequency": null, "construction:railway": null, "construction:voltage": null, "FIXME": null, "abandoned:usage": null, "admin_level": null, "border_type": null, "boundary": null, "ruins:bridge": null, "own": null, "leisure": null, "ohv": null, "source:maxspeed": null, "maxspeed:passenger": null, "was:gauge": null, "was:service": null, "hgv:national_network": null, "source:hgv:national_network": null, "tiger:name_base_2": null, "tiger:name_type_2": null, "nrhp:criteria": null, "nrhp:inscription_date": null, "nrhp:nhl": null, "old_name:1927-1968": null, "ref:cli": null, "name_2": null, "mtb:scale": null, "mtb:scale:uphill": null, "trail_visibility": null, "alt_owner": null, "url": null, "construction:railway:etcs": null, "lanes:backward": null, "lanes:both_ways": null, "lanes:forward": null, "parking:lane:both": null, "turn:lanes:both_ways": null, "disused:service": null, "MAPKEY": null, "OBJECTID": null, "SHAPE_STLe": null, "sccgis:objectid": null, "miniature:scale": null, "colour": null, "turn:lanes:forward": null, "turn:lanes:backward": null, "parking:lane:right": null, "mtb:scale:imba": null, "sac_scale": null, "cycleway:left:oneway": null, "end_date": null, "bus:lanes:backward": null, "bus:lanes:forward": null, "ford": null, "parking:both": null, "parking:both:orientation": null, "historic_usage": null, "construction:maxspeed": null, "proposed:electrified": null, "proposed:frequency": null, "proposed:voltage": null, "abandoned:service": null, "destination:ref": null, "construction:name": null, "construction:network": null, "construction:operator": null, "construction:wikidata": null, "construction:wikipedia": null, "change": null, "railway:disused": null, "crossing:island": null, "source:exit": null, "source:width": null, "footway": null, "disused": null, "contact:email": null, "contact:phone": null, "contact:website": null, "group_only": null, "name:en": null, "change:forward": null, "change:backward": null, "bus:lanes": null, "trolley_wire": null, "abandoned:electrified": null, "crossing:signals": null, "maxweight:hgv": null, "maxweight:hgv:conditional": null, "maxweight:hgv_articulated": null, "razed:service": null, "demolished:bridge": null, "crossing:barrier": null, "tracks": null, "heritage:website": null, "razed:usage": null, "parking:lane:left": null, "imagery": null, "local_ref": null, "crane:type": null, "submerged": null, "construction:gauge": null, "construction:usage": null, "planned": null, "floor": null, "lastcheck": null, "end_date:railway": null, "bridge:ref": null, "not:name": null, "stroller": null, "path": null, "proposed:railway:etcs": null, "was:bridge": null, "Note": null, "name:absent": null, "construction:service": null }, "geometry": { "type": "LineString", "coordinates": [ [ -122.4078695, 37.7854196 ], [ -122.407791, 37.7850162 ] ] } },
{ "type": "Feature", "properties": { "id": "way/772766521", "@id": "way/772766521", "area": null, "historic": null, "name": null, "railway": "tram", "landuse": null, "operator": "San Francisco Municipal Railway", "bicycle": null, "covered": null, "departures_board": null, "foot": null, "highway": null, "indoor": null, "network": "Muni", "public_transport": null, "ref": null, "surface": null, "train": null, "lit": null, "wheelchair": null, "bench": null, "bin": null, "shelter": null, "owner": "San Francisco Municipal Railway", "building": null, "disused:railway": null, "source": null, "source_ref": null, "level": "0", "tactile_paving": null, "addr:city": null, "addr:housenumber": null, "addr:postcode": null, "addr:state": null, "addr:street": null, "addr:street_direction_prefix": null, "industrial": null, "building:levels": null, "height": null, "light_rail": null, "air_conditioning": null, "attribution": null, "bak:fac_type1": null, "internet_access": null, "bus": null, "tram": null, "wheelchair:description": null, "check_date": null, "passenger_information_display": null, "bridge": null, "layer": null, "check_date:lit": null, "trolleybus": null, "bearing": null, "check_date:shelter": null, "tourism": null, "access": null, "subway": null, "location": null, "tunnel": null, "motor_vehicle": null, "operator:wikidata": null, "electrified": "no", "gauge": "1067", "alt_name": null, "note": null, "note:website": null, "phone": null, "railway:position": null, "railway:ref": null, "short_name": null, "website": null, "wikidata": null, "wikipedia": null, "service": null, "length": null, "addr:housename": null, "attraction": null, "monorail": null, "horse": null, "check_date:bin": null, "tiger:county": null, "start_date": null, "check_date:bench": null, "ele": null, "lacounty:ain": null, "lacounty:bld_id": null, "usage": null, "fixme": null, "rail": null, "source:imagery": null, "description": null, "underground": null, "frequency": null, "voltage": null, "network:wikidata": null, "network:wikipedia": null, "operator:wikipedia": null, "owner:wikidata": null, "owner:wikipedia": null, "organization": null, "crossing": null, "official_name": null, "railway:proposed": null, "proposed:public_transport": null, "proposed:railway": null, "proposed:tram": null, "turntable": null, "biotic_reef:type": null, "image": null, "natural": null, "protection_title": null, "reef": null, "ruined": null, "seamark:type": null, "man_made": null, "proposed": null, "wikimedia_commons": null, "addr:country": null, "toilets:wheelchair": null, "baby_feeding": null, "station": null, "railway:preferred_direction": "forward", "oneway": null, "maxspeed": null, "tiger:cfcc": null, "tiger:reviewed": null, "maxspeed:freight": null, "railway:ptc": null, "railway:track_class": null, "railway:track_ref": null, "old_railway_operator": null, "railway:atc": null, "tiger:name_base": null, "railway:traffic_mode": null, "reporting_marks": null, "tunnel:name": null, "segregated": null, "sidewalk": null, "cycleway": null, "tiger:name_type": null, "passenger_lines": null, "passenger": null, "railway:preserved": null, "cycleway:left": null, "cycleway:right": null, "cycleway:right:lane": null, "lcn": null, "lanes": null, "abandoned:railway": null, "abandoned:name": null, "smoothness": null, "tracktype": null, "source:construction": null, "tiger:source": null, "tiger:tlid": null, "tiger:upload_uuid": null, "review": null, "maxspeed:backward": null, "maxspeed:forward": null, "maxspeed:freight:backward": null, "historic:name": null, "historic:operator": null, "historic:usage": null, "bridge:name": null, "operator:short": null, "embankment": null, "old_name": null, "route": null, "type": null, "cutting": null, "vta:id": null, "maxheight": null, "razed:railway": null, "cycleway:both": null, "cycleway:both:lane": null, "lane_markings": null, "name_1": null, "tiger:name_base_1": null, "tiger:name_type_1": null, "width": null, "abandoned": null, "tiger:separated": null, "incline": null, "bridge:movable": null, "bridge:wikidata": null, "bridge:wikipedia": null, "heritage": null, "heritage:operator": null, "ref:nrhp": null, "bridge_ref": null, "milepost:county": null, "source:bridge": null, "source_ref:bridge": null, "hgv": null, "demolished:railway": null, "loc_name": null, "route_ref": null, "embedded": null, "addr:county": null, "ref:lahcm": null, "construction": null, "opening_date": null, "created_by": null, "bridge:alt_name": null, "maxspeed:freight:forward": null, "name:pronunciation": null, "cable_tram": "cable", "ref:cpuc": null, "ref:fra_crossing": null, "flood_prone": null, "motorcycle": null, "bing": null, "railway:cbtc": null, "tunnel:alt_name": null, "ID": null, "assmntdist": null, "built": null, "finish": null, "region": null, "shape_le_1": null, "shape_len": null, "start": null, "winter": null, "highspeed": null, "crossing:markings": null, "tunnel:wikidata": null, "NHS": null, "dog": null, "bridge:structure": null, "builder": null, "line": null, "is_in:state_code": null, "demolished": null, "old_attraction_name": null, "destination:lanes": null, "hov": null, "toll": null, "toll:hov": null, "turn:lanes": null, "railway:interlaced": null, "seasonal:dry_season": null, "seasonal:wet_season": null, "removed:bridge": null, "designation": null, "razed": null, "name:es": null, "destination": null, "lift_chain": null, "source:1": null, "hov:minimum": null, "old_ref": null, "construction:electrified": null, "construction:frequency": null, "construction:railway": null, "construction:voltage": null, "FIXME": null, "abandoned:usage": null, "admin_level": null, "border_type": null, "boundary": null, "ruins:bridge": null, "own": null, "leisure": null, "ohv": null, "source:maxspeed": null, "maxspeed:passenger": null, "was:gauge": null, "was:service": null, "hgv:national_network": null, "source:hgv:national_network": null, "tiger:name_base_2": null, "tiger:name_type_2": null, "nrhp:criteria": null, "nrhp:inscription_date": null, "nrhp:nhl": null, "old_name:1927-1968": null, "ref:cli": null, "name_2": null, "mtb:scale": null, "mtb:scale:uphill": null, "trail_visibility": null, "alt_owner": null, "url": null, "construction:railway:etcs": null, "lanes:backward": null, "lanes:both_ways": null, "lanes:forward": null, "parking:lane:both": null, "turn:lanes:both_ways": null, "disused:service": null, "MAPKEY": null, "OBJECTID": null, "SHAPE_STLe": null, "sccgis:objectid": null, "miniature:scale": null, "colour": null, "turn:lanes:forward": null, "turn:lanes:backward": null, "parking:lane:right": null, "mtb:scale:imba": null, "sac_scale": null, "cycleway:left:oneway": null, "end_date": null, "bus:lanes:backward": null, "bus:lanes:forward": null, "ford": null, "parking:both": null, "parking:both:orientation": null, "historic_usage": null, "construction:maxspeed": null, "proposed:electrified": null, "proposed:frequency": null, "proposed:voltage": null, "abandoned:service": null, "destination:ref": null, "construction:name": null, "construction:network": null, "construction:operator": null, "construction:wikidata": null, "construction:wikipedia": null, "change": null, "railway:disused": null, "crossing:island": null, "source:exit": null, "source:width": null, "footway": null, "disused": null, "contact:email": null, "contact:phone": null, "contact:website": null, "group_only": null, "name:en": null, "change:forward": null, "change:backward": null, "bus:lanes": null, "trolley_wire": null, "abandoned:electrified": null, "crossing:signals": null, "maxweight:hgv": null, "maxweight:hgv:conditional": null, "maxweight:hgv_articulated": null, "razed:service": null, "demolished:bridge": null, "crossing:barrier": null, "tracks": null, "heritage:website": null, "razed:usage": null, "parking:lane:left": null, "imagery": null, "local_ref": null, "crane:type": null, "submerged": null, "construction:gauge": null, "construction:usage": null, "planned": null, "floor": null, "lastcheck": null, "end_date:railway": null, "bridge:ref": null, "not:name": null, "stroller": null, "path": null, "proposed:railway:etcs": null, "was:bridge": null, "Note": null, "name:absent": null, "construction:service": null }, "geometry": { "type": "LineString", "coordinates": [ [ -122.40773, 37.7848858 ], [ -122.4078365, 37.7854237 ] ] } },
{ "type": "Feature", "properties": { "id": "way/775883277", "@id": "way/775883277", "area": null, "historic": null, "name": null, "railway": "tram", "landuse": null, "operator": "San Francisco Municipal Railway", "bicycle": null, "covered": null, "departures_board": null, "foot": null, "highway": null, "indoor": null, "network": "Muni", "public_transport": null, "ref": null, "surface": null, "train": null, "lit": null, "wheelchair": null, "bench": null, "bin": null, "shelter": null, "owner": "San Francisco Municipal Railway", "building": null, "disused:railway": null, "source": null, "source_ref": null, "level": null, "tactile_paving": null, "addr:city": null, "addr:housenumber": null, "addr:postcode": null, "addr:state": null, "addr:street": null, "addr:street_direction_prefix": null, "industrial": null, "building:levels": null, "height": null, "light_rail": null, "air_conditioning": null, "attribution": null, "bak:fac_type1": null, "internet_access": null, "bus": null, "tram": null, "wheelchair:description": null, "check_date": null, "passenger_information_display": null, "bridge": null, "layer": null, "check_date:lit": null, "trolleybus": null, "bearing": null, "check_date:shelter": null, "tourism": null, "access": null, "subway": null, "location": null, "tunnel": null, "motor_vehicle": null, "operator:wikidata": null, "electrified": "no", "gauge": "1067", "alt_name": null, "note": null, "note:website": null, "phone": null, "railway:position": null, "railway:ref": null, "short_name": null, "website": null, "wikidata": null, "wikipedia": null, "service": null, "length": null, "addr:housename": null, "attraction": null, "monorail": null, "horse": null, "check_date:bin": null, "tiger:county": null, "start_date": null, "check_date:bench": null, "ele": null, "lacounty:ain": null, "lacounty:bld_id": null, "usage": null, "fixme": null, "rail": null, "source:imagery": null, "description": null, "underground": null, "frequency": null, "voltage": null, "network:wikidata": null, "network:wikipedia": null, "operator:wikipedia": null, "owner:wikidata": null, "owner:wikipedia": null, "organization": null, "crossing": null, "official_name": null, "railway:proposed": null, "proposed:public_transport": null, "proposed:railway": null, "proposed:tram": null, "turntable": null, "biotic_reef:type": null, "image": null, "natural": null, "protection_title": null, "reef": null, "ruined": null, "seamark:type": null, "man_made": null, "proposed": null, "wikimedia_commons": null, "addr:country": null, "toilets:wheelchair": null, "baby_feeding": null, "station": null, "railway:preferred_direction": "forward", "oneway": null, "maxspeed": "9.5 mph", "tiger:cfcc": null, "tiger:reviewed": null, "maxspeed:freight": null, "railway:ptc": null, "railway:track_class": null, "railway:track_ref": null, "old_railway_operator": null, "railway:atc": null, "tiger:name_base": null, "railway:traffic_mode": null, "reporting_marks": null, "tunnel:name": null, "segregated": null, "sidewalk": null, "cycleway": null, "tiger:name_type": null, "passenger_lines": null, "passenger": null, "railway:preserved": null, "cycleway:left": null, "cycleway:right": null, "cycleway:right:lane": null, "lcn": null, "lanes": null, "abandoned:railway": null, "abandoned:name": null, "smoothness": null, "tracktype": null, "source:construction": null, "tiger:source": null, "tiger:tlid": null, "tiger:upload_uuid": null, "review": null, "maxspeed:backward": null, "maxspeed:forward": null, "maxspeed:freight:backward": null, "historic:name": null, "historic:operator": null, "historic:usage": null, "bridge:name": null, "operator:short": null, "embankment": null, "old_name": null, "route": null, "type": null, "cutting": null, "vta:id": null, "maxheight": null, "razed:railway": null, "cycleway:both": null, "cycleway:both:lane": null, "lane_markings": null, "name_1": null, "tiger:name_base_1": null, "tiger:name_type_1": null, "width": null, "abandoned": null, "tiger:separated": null, "incline": null, "bridge:movable": null, "bridge:wikidata": null, "bridge:wikipedia": null, "heritage": null, "heritage:operator": null, "ref:nrhp": null, "bridge_ref": null, "milepost:county": null, "source:bridge": null, "source_ref:bridge": null, "hgv": null, "demolished:railway": null, "loc_name": null, "route_ref": null, "embedded": null, "addr:county": null, "ref:lahcm": null, "construction": null, "opening_date": null, "created_by": null, "bridge:alt_name": null, "maxspeed:freight:forward": null, "name:pronunciation": null, "cable_tram": "cable", "ref:cpuc": null, "ref:fra_crossing": null, "flood_prone": null, "motorcycle": null, "bing": null, "railway:cbtc": null, "tunnel:alt_name": null, "ID": null, "assmntdist": null, "built": null, "finish": null, "region": null, "shape_le_1": null, "shape_len": null, "start": null, "winter": null, "highspeed": null, "crossing:markings": null, "tunnel:wikidata": null, "NHS": null, "dog": null, "bridge:structure": null, "builder": null, "line": null, "is_in:state_code": null, "demolished": null, "old_attraction_name": null, "destination:lanes": null, "hov": null, "toll": null, "toll:hov": null, "turn:lanes": null, "railway:interlaced": null, "seasonal:dry_season": null, "seasonal:wet_season": null, "removed:bridge": null, "designation": null, "razed": null, "name:es": null, "destination": null, "lift_chain": null, "source:1": null, "hov:minimum": null, "old_ref": null, "construction:electrified": null, "construction:frequency": null, "construction:railway": null, "construction:voltage": null, "FIXME": null, "abandoned:usage": null, "admin_level": null, "border_type": null, "boundary": null, "ruins:bridge": null, "own": null, "leisure": null, "ohv": null, "source:maxspeed": null, "maxspeed:passenger": null, "was:gauge": null, "was:service": null, "hgv:national_network": null, "source:hgv:national_network": null, "tiger:name_base_2": null, "tiger:name_type_2": null, "nrhp:criteria": null, "nrhp:inscription_date": null, "nrhp:nhl": null, "old_name:1927-1968": null, "ref:cli": null, "name_2": null, "mtb:scale": null, "mtb:scale:uphill": null, "trail_visibility": null, "alt_owner": null, "url": null, "construction:railway:etcs": null, "lanes:backward": null, "lanes:both_ways": null, "lanes:forward": null, "parking:lane:both": null, "turn:lanes:both_ways": null, "disused:service": null, "MAPKEY": null, "OBJECTID": null, "SHAPE_STLe": null, "sccgis:objectid": null, "miniature:scale": null, "colour": null, "turn:lanes:forward": null, "turn:lanes:backward": null, "parking:lane:right": null, "mtb:scale:imba": null, "sac_scale": null, "cycleway:left:oneway": null, "end_date": null, "bus:lanes:backward": null, "bus:lanes:forward": null, "ford": null, "parking:both": null, "parking:both:orientation": null, "historic_usage": null, "construction:maxspeed": null, "proposed:electrified": null, "proposed:frequency": null, "proposed:voltage": null, "abandoned:service": null, "destination:ref": null, "construction:name": null, "construction:network": null, "construction:operator": null, "construction:wikidata": null, "construction:wikipedia": null, "change": null, "railway:disused": null, "crossing:island": null, "source:exit": null, "source:width": null, "footway": null, "disused": null, "contact:email": null, "contact:phone": null, "contact:website": null, "group_only": null, "name:en": null, "change:forward": null, "change:backward": null, "bus:lanes": null, "trolley_wire": null, "abandoned:electrified": null, "crossing:signals": null, "maxweight:hgv": null, "maxweight:hgv:conditional": null, "maxweight:hgv_articulated": null, "razed:service": null, "demolished:bridge": null, "crossing:barrier": null, "tracks": null, "heritage:website": null, "razed:usage": null, "parking:lane:left": null, "imagery": null, "local_ref": null, "crane:type": null, "submerged": null, "construction:gauge": null, "construction:usage": null, "planned": null, "floor": null, "lastcheck": null, "end_date:railway": null, "bridge:ref": null, "not:name": null, "stroller": null, "path": null, "proposed:railway:etcs": null, "was:bridge": null, "Note": null, "name:absent": null, "construction:service": null }, "geometry": { "type": "LineString", "coordinates": [ [ -122.4113571, 37.7954408 ], [ -122.4113947, 37.7954405 ], [ -122.4114295, 37.7954446 ], [ -122.4114601, 37.7954537 ], [ -122.4114793, 37.7954613 ], [ -122.411487, 37.7954644 ], [ -122.4115096, 37.7954779 ], [ -122.4115137, 37.7954803 ], [ -122.4115366, 37.7955024 ], [ -122.4115551, 37.7955305 ], [ -122.4115655, 37.7955612 ], [ -122.4115738, 37.7955954 ], [ -122.411597, 37.7957206 ], [ -122.4116223, 37.795858 ], [ -122.411694, 37.7962221 ], [ -122.4117, 37.7962458 ], [ -122.4117117, 37.7962979 ] ] } },
{ "type": "Feature", "properties": { "id": "way/775883280", "@id": "way/775883280", "area": null, "historic": null, "name": null, "railway": "tram", "landuse": null, "operator": "San Francisco Municipal Railway", "bicycle": null, "covered": null, "departures_board": null, "foot": null, "highway": null, "indoor": null, "network": "Muni", "public_transport": null, "ref": null, "surface": null, "train": null, "lit": null, "wheelchair": null, "bench": null, "bin": null, "shelter": null, "owner": "San Francisco Municipal Railway", "building": null, "disused:railway": null, "source": null, "source_ref": null, "level": null, "tactile_paving": null, "addr:city": null, "addr:housenumber": null, "addr:postcode": null, "addr:state": null, "addr:street": null, "addr:street_direction_prefix": null, "industrial": null, "building:levels": null, "height": null, "light_rail": null, "air_conditioning": null, "attribution": null, "bak:fac_type1": null, "internet_access": null, "bus": null, "tram": null, "wheelchair:description": null, "check_date": null, "passenger_information_display": null, "bridge": null, "layer": null, "check_date:lit": null, "trolleybus": null, "bearing": null, "check_date:shelter": null, "tourism": null, "access": null, "subway": null, "location": null, "tunnel": null, "motor_vehicle": null, "operator:wikidata": null, "electrified": "no", "gauge": "1067", "alt_name": null, "note": null, "note:website": null, "phone": null, "railway:position": null, "railway:ref": null, "short_name": null, "website": null, "wikidata": null, "wikipedia": null, "service": null, "length": null, "addr:housename": null, "attraction": null, "monorail": null, "horse": null, "check_date:bin": null, "tiger:county": null, "start_date": null, "check_date:bench": null, "ele": null, "lacounty:ain": null, "lacounty:bld_id": null, "usage": null, "fixme": null, "rail": null, "source:imagery": null, "description": null, "underground": null, "frequency": null, "voltage": null, "network:wikidata": null, "network:wikipedia": null, "operator:wikipedia": null, "owner:wikidata": null, "owner:wikipedia": null, "organization": null, "crossing": null, "official_name": null, "railway:proposed": null, "proposed:public_transport": null, "proposed:railway": null, "proposed:tram": null, "turntable": null, "biotic_reef:type": null, "image": null, "natural": null, "protection_title": null, "reef": null, "ruined": null, "seamark:type": null, "man_made": null, "proposed": null, "wikimedia_commons": null, "addr:country": null, "toilets:wheelchair": null, "baby_feeding": null, "station": null, "railway:preferred_direction": "forward", "oneway": null, "maxspeed": "9.5 mph", "tiger:cfcc": null, "tiger:reviewed": null, "maxspeed:freight": null, "railway:ptc": null, "railway:track_class": null, "railway:track_ref": null, "old_railway_operator": null, "railway:atc": null, "tiger:name_base": null, "railway:traffic_mode": null, "reporting_marks": null, "tunnel:name": null, "segregated": null, "sidewalk": null, "cycleway": null, "tiger:name_type": null, "passenger_lines": null, "passenger": null, "railway:preserved": null, "cycleway:left": null, "cycleway:right": null, "cycleway:right:lane": null, "lcn": null, "lanes": null, "abandoned:railway": null, "abandoned:name": null, "smoothness": null, "tracktype": null, "source:construction": null, "tiger:source": null, "tiger:tlid": null, "tiger:upload_uuid": null, "review": null, "maxspeed:backward": null, "maxspeed:forward": null, "maxspeed:freight:backward": null, "historic:name": null, "historic:operator": null, "historic:usage": null, "bridge:name": null, "operator:short": null, "embankment": null, "old_name": null, "route": null, "type": null, "cutting": null, "vta:id": null, "maxheight": null, "razed:railway": null, "cycleway:both": null, "cycleway:both:lane": null, "lane_markings": null, "name_1": null, "tiger:name_base_1": null, "tiger:name_type_1": null, "width": null, "abandoned": null, "tiger:separated": null, "incline": null, "bridge:movable": null, "bridge:wikidata": null, "bridge:wikipedia": null, "heritage": null, "heritage:operator": null, "ref:nrhp": null, "bridge_ref": null, "milepost:county": null, "source:bridge": null, "source_ref:bridge": null, "hgv": null, "demolished:railway": null, "loc_name": null, "route_ref": null, "embedded": null, "addr:county": null, "ref:lahcm": null, "construction": null, "opening_date": null, "created_by": null, "bridge:alt_name": null, "maxspeed:freight:forward": null, "name:pronunciation": null, "cable_tram": null, "ref:cpuc": null, "ref:fra_crossing": null, "flood_prone": null, "motorcycle": null, "bing": null, "railway:cbtc": null, "tunnel:alt_name": null, "ID": null, "assmntdist": null, "built": null, "finish": null, "region": null, "shape_le_1": null, "shape_len": null, "start": null, "winter": null, "highspeed": null, "crossing:markings": null, "tunnel:wikidata": null, "NHS": null, "dog": null, "bridge:structure": null, "builder": null, "line": null, "is_in:state_code": null, "demolished": null, "old_attraction_name": null, "destination:lanes": null, "hov": null, "toll": null, "toll:hov": null, "turn:lanes": null, "railway:interlaced": null, "seasonal:dry_season": null, "seasonal:wet_season": null, "removed:bridge": null, "designation": null, "razed": null, "name:es": null, "destination": null, "lift_chain": null, "source:1": null, "hov:minimum": null, "old_ref": null, "construction:electrified": null, "construction:frequency": null, "construction:railway": null, "construction:voltage": null, "FIXME": null, "abandoned:usage": null, "admin_level": null, "border_type": null, "boundary": null, "ruins:bridge": null, "own": null, "leisure": null, "ohv": null, "source:maxspeed": null, "maxspeed:passenger": null, "was:gauge": null, "was:service": null, "hgv:national_network": null, "source:hgv:national_network": null, "tiger:name_base_2": null, "tiger:name_type_2": null, "nrhp:criteria": null, "nrhp:inscription_date": null, "nrhp:nhl": null, "old_name:1927-1968": null, "ref:cli": null, "name_2": null, "mtb:scale": null, "mtb:scale:uphill": null, "trail_visibility": null, "alt_owner": null, "url": null, "construction:railway:etcs": null, "lanes:backward": null, "lanes:both_ways": null, "lanes:forward": null, "parking:lane:both": null, "turn:lanes:both_ways": null, "disused:service": null, "MAPKEY": null, "OBJECTID": null, "SHAPE_STLe": null, "sccgis:objectid": null, "miniature:scale": null, "colour": null, "turn:lanes:forward": null, "turn:lanes:backward": null, "parking:lane:right": null, "mtb:scale:imba": null, "sac_scale": null, "cycleway:left:oneway": null, "end_date": null, "bus:lanes:backward": null, "bus:lanes:forward": null, "ford": null, "parking:both": null, "parking:both:orientation": null, "historic_usage": null, "construction:maxspeed": null, "proposed:electrified": null, "proposed:frequency": null, "proposed:voltage": null, "abandoned:service": null, "destination:ref": null, "construction:name": null, "construction:network": null, "construction:operator": null, "construction:wikidata": null, "construction:wikipedia": null, "change": null, "railway:disused": null, "crossing:island": null, "source:exit": null, "source:width": null, "footway": null, "disused": null, "contact:email": null, "contact:phone": null, "contact:website": null, "group_only": null, "name:en": null, "change:forward": null, "change:backward": null, "bus:lanes": null, "trolley_wire": null, "abandoned:electrified": null, "crossing:signals": null, "maxweight:hgv": null, "maxweight:hgv:conditional": null, "maxweight:hgv_articulated": null, "razed:service": null, "demolished:bridge": null, "crossing:barrier": null, "tracks": null, "heritage:website": null, "razed:usage": null, "parking:lane:left": null, "imagery": null, "local_ref": null, "crane:type": null, "submerged": null, "construction:gauge": null, "construction:usage": null, "planned": null, "floor": null, "lastcheck": null, "end_date:railway": null, "bridge:ref": null, "not:name": null, "stroller": null, "path": null, "proposed:railway:etcs": null, "was:bridge": null, "Note": null, "name:absent": null, "construction:service": null }, "geometry": { "type": "LineString", "coordinates": [ [ -122.4114189, 37.794652 ], [ -122.4114059, 37.7946242 ], [ -122.4113978, 37.7946146 ], [ -122.4113858, 37.7946002 ], [ -122.4113773, 37.7945929 ], [ -122.4113627, 37.7945804 ], [ -122.4113324, 37.7945638 ], [ -122.4112975, 37.7945527 ], [ -122.4112586, 37.7945466 ], [ -122.4112279, 37.7945445 ], [ -122.4111901, 37.7945461 ] ] } },
{ "type": "Feature", "properties": { "id": "way/775883282", "@id": "way/775883282", "area": null, "historic": null, "name": null, "railway": "tram", "landuse": null, "operator": "San Francisco Municipal Railway", "bicycle": null, "covered": null, "departures_board": null, "foot": null, "highway": null, "indoor": null, "network": "Muni", "public_transport": null, "ref": null, "surface": null, "train": null, "lit": null, "wheelchair": null, "bench": null, "bin": null, "shelter": null, "owner": "San Francisco Municipal Railway", "building": null, "disused:railway": null, "source": null, "source_ref": null, "level": null, "tactile_paving": null, "addr:city": null, "addr:housenumber": null, "addr:postcode": null, "addr:state": null, "addr:street": null, "addr:street_direction_prefix": null, "industrial": null, "building:levels": null, "height": null, "light_rail": null, "air_conditioning": null, "attribution": null, "bak:fac_type1": null, "internet_access": null, "bus": null, "tram": null, "wheelchair:description": null, "check_date": null, "passenger_information_display": null, "bridge": null, "layer": null, "check_date:lit": null, "trolleybus": null, "bearing": null, "check_date:shelter": null, "tourism": null, "access": null, "subway": null, "location": null, "tunnel": null, "motor_vehicle": null, "operator:wikidata": null, "electrified": "no", "gauge": "1067", "alt_name": null, "note": null, "note:website": null, "phone": null, "railway:position": null, "railway:ref": null, "short_name": null, "website": null, "wikidata": null, "wikipedia": null, "service": null, "length": null, "addr:housename": null, "attraction": null, "monorail": null, "horse": null, "check_date:bin": null, "tiger:county": null, "start_date": null, "check_date:bench": null, "ele": null, "lacounty:ain": null, "lacounty:bld_id": null, "usage": null, "fixme": null, "rail": null, "source:imagery": null, "description": null, "underground": null, "frequency": null, "voltage": null, "network:wikidata": null, "network:wikipedia": null, "operator:wikipedia": null, "owner:wikidata": null, "owner:wikipedia": null, "organization": null, "crossing": null, "official_name": null, "railway:proposed": null, "proposed:public_transport": null, "proposed:railway": null, "proposed:tram": null, "turntable": null, "biotic_reef:type": null, "image": null, "natural": null, "protection_title": null, "reef": null, "ruined": null, "seamark:type": null, "man_made": null, "proposed": null, "wikimedia_commons": null, "addr:country": null, "toilets:wheelchair": null, "baby_feeding": null, "station": null, "railway:preferred_direction": "forward", "oneway": null, "maxspeed": null, "tiger:cfcc": null, "tiger:reviewed": null, "maxspeed:freight": null, "railway:ptc": null, "railway:track_class": null, "railway:track_ref": null, "old_railway_operator": null, "railway:atc": null, "tiger:name_base": null, "railway:traffic_mode": null, "reporting_marks": null, "tunnel:name": null, "segregated": null, "sidewalk": null, "cycleway": null, "tiger:name_type": null, "passenger_lines": null, "passenger": null, "railway:preserved": null, "cycleway:left": null, "cycleway:right": null, "cycleway:right:lane": null, "lcn": null, "lanes": null, "abandoned:railway": null, "abandoned:name": null, "smoothness": null, "tracktype": null, "source:construction": null, "tiger:source": null, "tiger:tlid": null, "tiger:upload_uuid": null, "review": null, "maxspeed:backward": null, "maxspeed:forward": null, "maxspeed:freight:backward": null, "historic:name": null, "historic:operator": null, "historic:usage": null, "bridge:name": null, "operator:short": null, "embankment": null, "old_name": null, "route": null, "type": null, "cutting": null, "vta:id": null, "maxheight": null, "razed:railway": null, "cycleway:both": null, "cycleway:both:lane": null, "lane_markings": null, "name_1": null, "tiger:name_base_1": null, "tiger:name_type_1": null, "width": null, "abandoned": null, "tiger:separated": null, "incline": null, "bridge:movable": null, "bridge:wikidata": null, "bridge:wikipedia": null, "heritage": null, "heritage:operator": null, "ref:nrhp": null, "bridge_ref": null, "milepost:county": null, "source:bridge": null, "source_ref:bridge": null, "hgv": null, "demolished:railway": null, "loc_name": null, "route_ref": null, "embedded": null, "addr:county": null, "ref:lahcm": null, "construction": null, "opening_date": null, "created_by": null, "bridge:alt_name": null, "maxspeed:freight:forward": null, "name:pronunciation": null, "cable_tram": "cable", "ref:cpuc": null, "ref:fra_crossing": null, "flood_prone": null, "motorcycle": null, "bing": null, "railway:cbtc": null, "tunnel:alt_name": null, "ID": null, "assmntdist": null, "built": null, "finish": null, "region": null, "shape_le_1": null, "shape_len": null, "start": null, "winter": null, "highspeed": null, "crossing:markings": null, "tunnel:wikidata": null, "NHS": null, "dog": null, "bridge:structure": null, "builder": null, "line": null, "is_in:state_code": null, "demolished": null, "old_attraction_name": null, "destination:lanes": null, "hov": null, "toll": null, "toll:hov": null, "turn:lanes": null, "railway:interlaced": null, "seasonal:dry_season": null, "seasonal:wet_season": null, "removed:bridge": null, "designation": null, "razed": null, "name:es": null, "destination": null, "lift_chain": null, "source:1": null, "hov:minimum": null, "old_ref": null, "construction:electrified": null, "construction:frequency": null, "construction:railway": null, "construction:voltage": null, "FIXME": null, "abandoned:usage": null, "admin_level": null, "border_type": null, "boundary": null, "ruins:bridge": null, "own": null, "leisure": null, "ohv": null, "source:maxspeed": null, "maxspeed:passenger": null, "was:gauge": null, "was:service": null, "hgv:national_network": null, "source:hgv:national_network": null, "tiger:name_base_2": null, "tiger:name_type_2": null, "nrhp:criteria": null, "nrhp:inscription_date": null, "nrhp:nhl": null, "old_name:1927-1968": null, "ref:cli": null, "name_2": null, "mtb:scale": null, "mtb:scale:uphill": null, "trail_visibility": null, "alt_owner": null, "url": null, "construction:railway:etcs": null, "lanes:backward": null, "lanes:both_ways": null, "lanes:forward": null, "parking:lane:both": null, "turn:lanes:both_ways": null, "disused:service": null, "MAPKEY": null, "OBJECTID": null, "SHAPE_STLe": null, "sccgis:objectid": null, "miniature:scale": null, "colour": null, "turn:lanes:forward": null, "turn:lanes:backward": null, "parking:lane:right": null, "mtb:scale:imba": null, "sac_scale": null, "cycleway:left:oneway": null, "end_date": null, "bus:lanes:backward": null, "bus:lanes:forward": null, "ford": null, "parking:both": null, "parking:both:orientation": null, "historic_usage": null, "construction:maxspeed": null, "proposed:electrified": null, "proposed:frequency": null, "proposed:voltage": null, "abandoned:service": null, "destination:ref": null, "construction:name": null, "construction:network": null, "construction:operator": null, "construction:wikidata": null, "construction:wikipedia": null, "change": null, "railway:disused": null, "crossing:island": null, "source:exit": null, "source:width": null, "footway": null, "disused": null, "contact:email": null, "contact:phone": null, "contact:website": null, "group_only": null, "name:en": null, "change:forward": null, "change:backward": null, "bus:lanes": null, "trolley_wire": null, "abandoned:electrified": null, "crossing:signals": null, "maxweight:hgv": null, "maxweight:hgv:conditional": null, "maxweight:hgv_articulated": null, "razed:service": null, "demolished:bridge": null, "crossing:barrier": null, "tracks": null, "heritage:website": null, "razed:usage": null, "parking:lane:left": null, "imagery": null, "local_ref": null, "crane:type": null, "submerged": null, "construction:gauge": null, "construction:usage": null, "planned": null, "floor": null, "lastcheck": null, "end_date:railway": null, "bridge:ref": null, "not:name": null, "stroller": null, "path": null, "proposed:railway:etcs": null, "was:bridge": null, "Note": null, "name:absent": null, "construction:service": null }, "geometry": { "type": "LineString", "coordinates": [ [ -122.4151299, 37.8048824 ], [ -122.4151539, 37.8050007 ], [ -122.4151812, 37.8051313 ] ] } },
{ "type": "Feature", "properties": { "id": "way/775883291", "@id": "way/775883291", "area": null, "historic": null, "name": null, "railway": "tram", "landuse": null, "operator": "San Francisco Municipal Railway", "bicycle": null, "covered": null, "departures_board": null, "foot": null, "highway": null, "indoor": null, "network": "Muni", "public_transport": null, "ref": null, "surface": null, "train": null, "lit": null, "wheelchair": null, "bench": null, "bin": null, "shelter": null, "owner": "San Francisco Municipal Railway", "building": null, "disused:railway": null, "source": null, "source_ref": null, "level": null, "tactile_paving": null, "addr:city": null, "addr:housenumber": null, "addr:postcode": null, "addr:state": null, "addr:street": null, "addr:street_direction_prefix": null, "industrial": null, "building:levels": null, "height": null, "light_rail": null, "air_conditioning": null, "attribution": null, "bak:fac_type1": null, "internet_access": null, "bus": null, "tram": null, "wheelchair:description": null, "check_date": null, "passenger_information_display": null, "bridge": null, "layer": null, "check_date:lit": null, "trolleybus": null, "bearing": null, "check_date:shelter": null, "tourism": null, "access": null, "subway": null, "location": null, "tunnel": null, "motor_vehicle": null, "operator:wikidata": null, "electrified": "no", "gauge": "1067", "alt_name": null, "note": null, "note:website": null, "phone": null, "railway:position": null, "railway:ref": null, "short_name": null, "website": null, "wikidata": null, "wikipedia": null, "service": null, "length": null, "addr:housename": null, "attraction": null, "monorail": null, "horse": null, "check_date:bin": null, "tiger:county": null, "start_date": null, "check_date:bench": null, "ele": null, "lacounty:ain": null, "lacounty:bld_id": null, "usage": null, "fixme": null, "rail": null, "source:imagery": null, "description": null, "underground": null, "frequency": null, "voltage": null, "network:wikidata": null, "network:wikipedia": null, "operator:wikipedia": null, "owner:wikidata": null, "owner:wikipedia": null, "organization": null, "crossing": null, "official_name": null, "railway:proposed": null, "proposed:public_transport": null, "proposed:railway": null, "proposed:tram": null, "turntable": null, "biotic_reef:type": null, "image": null, "natural": null, "protection_title": null, "reef": null, "ruined": null, "seamark:type": null, "man_made": null, "proposed": null, "wikimedia_commons": null, "addr:country": null, "toilets:wheelchair": null, "baby_feeding": null, "station": null, "railway:preferred_direction": "forward", "oneway": null, "maxspeed": null, "tiger:cfcc": null, "tiger:reviewed": null, "maxspeed:freight": null, "railway:ptc": null, "railway:track_class": null, "railway:track_ref": null, "old_railway_operator": null, "railway:atc": null, "tiger:name_base": null, "railway:traffic_mode": null, "reporting_marks": null, "tunnel:name": null, "segregated": null, "sidewalk": null, "cycleway": null, "tiger:name_type": null, "passenger_lines": null, "passenger": null, "railway:preserved": null, "cycleway:left": null, "cycleway:right": null, "cycleway:right:lane": null, "lcn": null, "lanes": null, "abandoned:railway": null, "abandoned:name": null, "smoothness": null, "tracktype": null, "source:construction": null, "tiger:source": null, "tiger:tlid": null, "tiger:upload_uuid": null, "review": null, "maxspeed:backward": null, "maxspeed:forward": null, "maxspeed:freight:backward": null, "historic:name": null, "historic:operator": null, "historic:usage": null, "bridge:name": null, "operator:short": null, "embankment": null, "old_name": null, "route": null, "type": null, "cutting": null, "vta:id": null, "maxheight": null, "razed:railway": null, "cycleway:both": null, "cycleway:both:lane": null, "lane_markings": null, "name_1": null, "tiger:name_base_1": null, "tiger:name_type_1": null, "width": null, "abandoned": null, "tiger:separated": null, "incline": null, "bridge:movable": null, "bridge:wikidata": null, "bridge:wikipedia": null, "heritage": null, "heritage:operator": null, "ref:nrhp": null, "bridge_ref": null, "milepost:county": null, "source:bridge": null, "source_ref:bridge": null, "hgv": null, "demolished:railway": null, "loc_name": null, "route_ref": null, "embedded": null, "addr:county": null, "ref:lahcm": null, "construction": null, "opening_date": null, "created_by": null, "bridge:alt_name": null, "maxspeed:freight:forward": null, "name:pronunciation": null, "cable_tram": null, "ref:cpuc": null, "ref:fra_crossing": null, "flood_prone": null, "motorcycle": null, "bing": null, "railway:cbtc": null, "tunnel:alt_name": null, "ID": null, "assmntdist": null, "built": null, "finish": null, "region": null, "shape_le_1": null, "shape_len": null, "start": null, "winter": null, "highspeed": null, "crossing:markings": null, "tunnel:wikidata": null, "NHS": null, "dog": null, "bridge:structure": null, "builder": null, "line": null, "is_in:state_code": null, "demolished": null, "old_attraction_name": null, "destination:lanes": null, "hov": null, "toll": null, "toll:hov": null, "turn:lanes": null, "railway:interlaced": null, "seasonal:dry_season": null, "seasonal:wet_season": null, "removed:bridge": null, "designation": null, "razed": null, "name:es": null, "destination": null, "lift_chain": null, "source:1": null, "hov:minimum": null, "old_ref": null, "construction:electrified": null, "construction:frequency": null, "construction:railway": null, "construction:voltage": null, "FIXME": null, "abandoned:usage": null, "admin_level": null, "border_type": null, "boundary": null, "ruins:bridge": null, "own": null, "leisure": null, "ohv": null, "source:maxspeed": null, "maxspeed:passenger": null, "was:gauge": null, "was:service": null, "hgv:national_network": null, "source:hgv:national_network": null, "tiger:name_base_2": null, "tiger:name_type_2": null, "nrhp:criteria": null, "nrhp:inscription_date": null, "nrhp:nhl": null, "old_name:1927-1968": null, "ref:cli": null, "name_2": null, "mtb:scale": null, "mtb:scale:uphill": null, "trail_visibility": null, "alt_owner": null, "url": null, "construction:railway:etcs": null, "lanes:backward": null, "lanes:both_ways": null, "lanes:forward": null, "parking:lane:both": null, "turn:lanes:both_ways": null, "disused:service": null, "MAPKEY": null, "OBJECTID": null, "SHAPE_STLe": null, "sccgis:objectid": null, "miniature:scale": null, "colour": null, "turn:lanes:forward": null, "turn:lanes:backward": null, "parking:lane:right": null, "mtb:scale:imba": null, "sac_scale": null, "cycleway:left:oneway": null, "end_date": null, "bus:lanes:backward": null, "bus:lanes:forward": null, "ford": null, "parking:both": null, "parking:both:orientation": null, "historic_usage": null, "construction:maxspeed": null, "proposed:electrified": null, "proposed:frequency": null, "proposed:voltage": null, "abandoned:service": null, "destination:ref": null, "construction:name": null, "construction:network": null, "construction:operator": null, "construction:wikidata": null, "construction:wikipedia": null, "change": null, "railway:disused": null, "crossing:island": null, "source:exit": null, "source:width": null, "footway": null, "disused": null, "contact:email": null, "contact:phone": null, "contact:website": null, "group_only": null, "name:en": null, "change:forward": null, "change:backward": null, "bus:lanes": null, "trolley_wire": null, "abandoned:electrified": null, "crossing:signals": null, "maxweight:hgv": null, "maxweight:hgv:conditional": null, "maxweight:hgv_articulated": null, "razed:service": null, "demolished:bridge": null, "crossing:barrier": null, "tracks": null, "heritage:website": null, "razed:usage": null, "parking:lane:left": null, "imagery": null, "local_ref": null, "crane:type": null, "submerged": null, "construction:gauge": null, "construction:usage": null, "planned": null, "floor": null, "lastcheck": null, "end_date:railway": null, "bridge:ref": null, "not:name": null, "stroller": null, "path": null, "proposed:railway:etcs": null, "was:bridge": null, "Note": null, "name:absent": null, "construction:service": null }, "geometry": { "type": "LineString", "coordinates": [ [ -122.4091526, 37.7919826 ], [ -122.4091636, 37.7920392 ], [ -122.4091665, 37.7920525 ], [ -122.4091691, 37.7920662 ], [ -122.4091785, 37.7921136 ] ] } },
{ "type": "Feature", "properties": { "id": "way/775883293", "@id": "way/775883293", "area": null, "historic": null, "name": null, "railway": "tram", "landuse": null, "operator": "San Francisco Municipal Railway", "bicycle": null, "covered": null, "departures_board": null, "foot": null, "highway": null, "indoor": null, "network": "Muni", "public_transport": null, "ref": null, "surface": null, "train": null, "lit": null, "wheelchair": null, "bench": null, "bin": null, "shelter": null, "owner": "San Francisco Municipal Railway", "building": null, "disused:railway": null, "source": null, "source_ref": null, "level": null, "tactile_paving": null, "addr:city": null, "addr:housenumber": null, "addr:postcode": null, "addr:state": null, "addr:street": null, "addr:street_direction_prefix": null, "industrial": null, "building:levels": null, "height": null, "light_rail": null, "air_conditioning": null, "attribution": null, "bak:fac_type1": null, "internet_access": null, "bus": null, "tram": null, "wheelchair:description": null, "check_date": null, "passenger_information_display": null, "bridge": null, "layer": null, "check_date:lit": null, "trolleybus": null, "bearing": null, "check_date:shelter": null, "tourism": null, "access": null, "subway": null, "location": null, "tunnel": null, "motor_vehicle": null, "operator:wikidata": null, "electrified": "no", "gauge": "1067", "alt_name": null, "note": null, "note:website": null, "phone": null, "railway:position": null, "railway:ref": null, "short_name": null, "website": null, "wikidata": null, "wikipedia": null, "service": null, "length": null, "addr:housename": null, "attraction": null, "monorail": null, "horse": null, "check_date:bin": null, "tiger:county": null, "start_date": null, "check_date:bench": null, "ele": null, "lacounty:ain": null, "lacounty:bld_id": null, "usage": null, "fixme": null, "rail": null, "source:imagery": null, "description": null, "underground": null, "frequency": null, "voltage": null, "network:wikidata": null, "network:wikipedia": null, "operator:wikipedia": null, "owner:wikidata": null, "owner:wikipedia": null, "organization": null, "crossing": null, "official_name": null, "railway:proposed": null, "proposed:public_transport": null, "proposed:railway": null, "proposed:tram": null, "turntable": null, "biotic_reef:type": null, "image": null, "natural": null, "protection_title": null, "reef": null, "ruined": null, "seamark:type": null, "man_made": null, "proposed": null, "wikimedia_commons": null, "addr:country": null, "toilets:wheelchair": null, "baby_feeding": null, "station": null, "railway:preferred_direction": "forward", "oneway": null, "maxspeed": "9.5 mph", "tiger:cfcc": null, "tiger:reviewed": null, "maxspeed:freight": null, "railway:ptc": null, "railway:track_class": null, "railway:track_ref": null, "old_railway_operator": null, "railway:atc": null, "tiger:name_base": null, "railway:traffic_mode": null, "reporting_marks": null, "tunnel:name": null, "segregated": null, "sidewalk": null, "cycleway": null, "tiger:name_type": null, "passenger_lines": null, "passenger": null, "railway:preserved": null, "cycleway:left": null, "cycleway:right": null, "cycleway:right:lane": null, "lcn": null, "lanes": null, "abandoned:railway": null, "abandoned:name": null, "smoothness": null, "tracktype": null, "source:construction": null, "tiger:source": null, "tiger:tlid": null, "tiger:upload_uuid": null, "review": null, "maxspeed:backward": null, "maxspeed:forward": null, "maxspeed:freight:backward": null, "historic:name": null, "historic:operator": null, "historic:usage": null, "bridge:name": null, "operator:short": null, "embankment": null, "old_name": null, "route": null, "type": null, "cutting": null, "vta:id": null, "maxheight": null, "razed:railway": null, "cycleway:both": null, "cycleway:both:lane": null, "lane_markings": null, "name_1": null, "tiger:name_base_1": null, "tiger:name_type_1": null, "width": null, "abandoned": null, "tiger:separated": null, "incline": null, "bridge:movable": null, "bridge:wikidata": null, "bridge:wikipedia": null, "heritage": null, "heritage:operator": null, "ref:nrhp": null, "bridge_ref": null, "milepost:county": null, "source:bridge": null, "source_ref:bridge": null, "hgv": null, "demolished:railway": null, "loc_name": null, "route_ref": null, "embedded": null, "addr:county": null, "ref:lahcm": null, "construction": null, "opening_date": null, "created_by": null, "bridge:alt_name": null, "maxspeed:freight:forward": null, "name:pronunciation": null, "cable_tram": null, "ref:cpuc": null, "ref:fra_crossing": null, "flood_prone": null, "motorcycle": null, "bing": null, "railway:cbtc": null, "tunnel:alt_name": null, "ID": null, "assmntdist": null, "built": null, "finish": null, "region": null, "shape_le_1": null, "shape_len": null, "start": null, "winter": null, "highspeed": null, "crossing:markings": null, "tunnel:wikidata": null, "NHS": null, "dog": null, "bridge:structure": null, "builder": null, "line": null, "is_in:state_code": null, "demolished": null, "old_attraction_name": null, "destination:lanes": null, "hov": null, "toll": null, "toll:hov": null, "turn:lanes": null, "railway:interlaced": null, "seasonal:dry_season": null, "seasonal:wet_season": null, "removed:bridge": null, "designation": null, "razed": null, "name:es": null, "destination": null, "lift_chain": null, "source:1": null, "hov:minimum": null, "old_ref": null, "construction:electrified": null, "construction:frequency": null, "construction:railway": null, "construction:voltage": null, "FIXME": null, "abandoned:usage": null, "admin_level": null, "border_type": null, "boundary": null, "ruins:bridge": null, "own": null, "leisure": null, "ohv": null, "source:maxspeed": null, "maxspeed:passenger": null, "was:gauge": null, "was:service": null, "hgv:national_network": null, "source:hgv:national_network": null, "tiger:name_base_2": null, "tiger:name_type_2": null, "nrhp:criteria": null, "nrhp:inscription_date": null, "nrhp:nhl": null, "old_name:1927-1968": null, "ref:cli": null, "name_2": null, "mtb:scale": null, "mtb:scale:uphill": null, "trail_visibility": null, "alt_owner": null, "url": null, "construction:railway:etcs": null, "lanes:backward": null, "lanes:both_ways": null, "lanes:forward": null, "parking:lane:both": null, "turn:lanes:both_ways": null, "disused:service": null, "MAPKEY": null, "OBJECTID": null, "SHAPE_STLe": null, "sccgis:objectid": null, "miniature:scale": null, "colour": null, "turn:lanes:forward": null, "turn:lanes:backward": null, "parking:lane:right": null, "mtb:scale:imba": null, "sac_scale": null, "cycleway:left:oneway": null, "end_date": null, "bus:lanes:backward": null, "bus:lanes:forward": null, "ford": null, "parking:both": null, "parking:both:orientation": null, "historic_usage": null, "construction:maxspeed": null, "proposed:electrified": null, "proposed:frequency": null, "proposed:voltage": null, "abandoned:service": null, "destination:ref": null, "construction:name": null, "construction:network": null, "construction:operator": null, "construction:wikidata": null, "construction:wikipedia": null, "change": null, "railway:disused": null, "crossing:island": null, "source:exit": null, "source:width": null, "footway": null, "disused": null, "contact:email": null, "contact:phone": null, "contact:website": null, "group_only": null, "name:en": null, "change:forward": null, "change:backward": null, "bus:lanes": null, "trolley_wire": null, "abandoned:electrified": null, "crossing:signals": null, "maxweight:hgv": null, "maxweight:hgv:conditional": null, "maxweight:hgv_articulated": null, "razed:service": null, "demolished:bridge": null, "crossing:barrier": null, "tracks": null, "heritage:website": null, "razed:usage": null, "parking:lane:left": null, "imagery": null, "local_ref": null, "crane:type": null, "submerged": null, "construction:gauge": null, "construction:usage": null, "planned": null, "floor": null, "lastcheck": null, "end_date:railway": null, "bridge:ref": null, "not:name": null, "stroller": null, "path": null, "proposed:railway:etcs": null, "was:bridge": null, "Note": null, "name:absent": null, "construction:service": null }, "geometry": { "type": "LineString", "coordinates": [ [ -122.4096748, 37.7945585 ], [ -122.409702, 37.7946836 ], [ -122.4097108, 37.7947244 ], [ -122.4097149, 37.7947433 ], [ -122.4097297, 37.7948103 ], [ -122.409756, 37.7949295 ] ] } },
{ "type": "Feature", "properties": { "id": "way/775883295", "@id": "way/775883295", "area": null, "historic": null, "name": null, "railway": "tram", "landuse": null, "operator": "San Francisco Municipal Railway", "bicycle": null, "covered": null, "departures_board": null, "foot": null, "highway": null, "indoor": null, "network": "Muni", "public_transport": null, "ref": null, "surface": null, "train": null, "lit": null, "wheelchair": null, "bench": null, "bin": null, "shelter": null, "owner": "San Francisco Municipal Railway", "building": null, "disused:railway": null, "source": null, "source_ref": null, "level": "0", "tactile_paving": null, "addr:city": null, "addr:housenumber": null, "addr:postcode": null, "addr:state": null, "addr:street": null, "addr:street_direction_prefix": null, "industrial": null, "building:levels": null, "height": null, "light_rail": null, "air_conditioning": null, "attribution": null, "bak:fac_type1": null, "internet_access": null, "bus": null, "tram": null, "wheelchair:description": null, "check_date": null, "passenger_information_display": null, "bridge": null, "layer": null, "check_date:lit": null, "trolleybus": null, "bearing": null, "check_date:shelter": null, "tourism": null, "access": null, "subway": null, "location": null, "tunnel": null, "motor_vehicle": null, "operator:wikidata": null, "electrified": "no", "gauge": "1067", "alt_name": null, "note": null, "note:website": null, "phone": null, "railway:position": null, "railway:ref": null, "short_name": null, "website": null, "wikidata": null, "wikipedia": null, "service": null, "length": null, "addr:housename": null, "attraction": null, "monorail": null, "horse": null, "check_date:bin": null, "tiger:county": null, "start_date": null, "check_date:bench": null, "ele": null, "lacounty:ain": null, "lacounty:bld_id": null, "usage": null, "fixme": null, "rail": null, "source:imagery": null, "description": null, "underground": null, "frequency": null, "voltage": null, "network:wikidata": null, "network:wikipedia": null, "operator:wikipedia": null, "owner:wikidata": null, "owner:wikipedia": null, "organization": null, "crossing": null, "official_name": null, "railway:proposed": null, "proposed:public_transport": null, "proposed:railway": null, "proposed:tram": null, "turntable": null, "biotic_reef:type": null, "image": null, "natural": null, "protection_title": null, "reef": null, "ruined": null, "seamark:type": null, "man_made": null, "proposed": null, "wikimedia_commons": null, "addr:country": null, "toilets:wheelchair": null, "baby_feeding": null, "station": null, "railway:preferred_direction": "forward", "oneway": null, "maxspeed": null, "tiger:cfcc": null, "tiger:reviewed": null, "maxspeed:freight": null, "railway:ptc": null, "railway:track_class": null, "railway:track_ref": null, "old_railway_operator": null, "railway:atc": null, "tiger:name_base": null, "railway:traffic_mode": null, "reporting_marks": null, "tunnel:name": null, "segregated": null, "sidewalk": null, "cycleway": null, "tiger:name_type": null, "passenger_lines": null, "passenger": null, "railway:preserved": null, "cycleway:left": null, "cycleway:right": null, "cycleway:right:lane": null, "lcn": null, "lanes": null, "abandoned:railway": null, "abandoned:name": null, "smoothness": null, "tracktype": null, "source:construction": null, "tiger:source": null, "tiger:tlid": null, "tiger:upload_uuid": null, "review": null, "maxspeed:backward": null, "maxspeed:forward": null, "maxspeed:freight:backward": null, "historic:name": null, "historic:operator": null, "historic:usage": null, "bridge:name": null, "operator:short": null, "embankment": null, "old_name": null, "route": null, "type": null, "cutting": null, "vta:id": null, "maxheight": null, "razed:railway": null, "cycleway:both": null, "cycleway:both:lane": null, "lane_markings": null, "name_1": null, "tiger:name_base_1": null, "tiger:name_type_1": null, "width": null, "abandoned": null, "tiger:separated": null, "incline": null, "bridge:movable": null, "bridge:wikidata": null, "bridge:wikipedia": null, "heritage": null, "heritage:operator": null, "ref:nrhp": null, "bridge_ref": null, "milepost:county": null, "source:bridge": null, "source_ref:bridge": null, "hgv": null, "demolished:railway": null, "loc_name": null, "route_ref": null, "embedded": null, "addr:county": null, "ref:lahcm": null, "construction": null, "opening_date": null, "created_by": null, "bridge:alt_name": null, "maxspeed:freight:forward": null, "name:pronunciation": null, "cable_tram": "cable", "ref:cpuc": null, "ref:fra_crossing": null, "flood_prone": null, "motorcycle": null, "bing": null, "railway:cbtc": null, "tunnel:alt_name": null, "ID": null, "assmntdist": null, "built": null, "finish": null, "region": null, "shape_le_1": null, "shape_len": null, "start": null, "winter": null, "highspeed": null, "crossing:markings": null, "tunnel:wikidata": null, "NHS": null, "dog": null, "bridge:structure": null, "builder": null, "line": null, "is_in:state_code": null, "demolished": null, "old_attraction_name": null, "destination:lanes": null, "hov": null, "toll": null, "toll:hov": null, "turn:lanes": null, "railway:interlaced": null, "seasonal:dry_season": null, "seasonal:wet_season": null, "removed:bridge": null, "designation": null, "razed": null, "name:es": null, "destination": null, "lift_chain": null, "source:1": null, "hov:minimum": null, "old_ref": null, "construction:electrified": null, "construction:frequency": null, "construction:railway": null, "construction:voltage": null, "FIXME": null, "abandoned:usage": null, "admin_level": null, "border_type": null, "boundary": null, "ruins:bridge": null, "own": null, "leisure": null, "ohv": null, "source:maxspeed": null, "maxspeed:passenger": null, "was:gauge": null, "was:service": null, "hgv:national_network": null, "source:hgv:national_network": null, "tiger:name_base_2": null, "tiger:name_type_2": null, "nrhp:criteria": null, "nrhp:inscription_date": null, "nrhp:nhl": null, "old_name:1927-1968": null, "ref:cli": null, "name_2": null, "mtb:scale": null, "mtb:scale:uphill": null, "trail_visibility": null, "alt_owner": null, "url": null, "construction:railway:etcs": null, "lanes:backward": null, "lanes:both_ways": null, "lanes:forward": null, "parking:lane:both": null, "turn:lanes:both_ways": null, "disused:service": null, "MAPKEY": null, "OBJECTID": null, "SHAPE_STLe": null, "sccgis:objectid": null, "miniature:scale": null, "colour": null, "turn:lanes:forward": null, "turn:lanes:backward": null, "parking:lane:right": null, "mtb:scale:imba": null, "sac_scale": null, "cycleway:left:oneway": null, "end_date": null, "bus:lanes:backward": null, "bus:lanes:forward": null, "ford": null, "parking:both": null, "parking:both:orientation": null, "historic_usage": null, "construction:maxspeed": null, "proposed:electrified": null, "proposed:frequency": null, "proposed:voltage": null, "abandoned:service": null, "destination:ref": null, "construction:name": null, "construction:network": null, "construction:operator": null, "construction:wikidata": null, "construction:wikipedia": null, "change": null, "railway:disused": null, "crossing:island": null, "source:exit": null, "source:width": null, "footway": null, "disused": null, "contact:email": null, "contact:phone": null, "contact:website": null, "group_only": null, "name:en": null, "change:forward": null, "change:backward": null, "bus:lanes": null, "trolley_wire": null, "abandoned:electrified": null, "crossing:signals": null, "maxweight:hgv": null, "maxweight:hgv:conditional": null, "maxweight:hgv_articulated": null, "razed:service": null, "demolished:bridge": null, "crossing:barrier": null, "tracks": null, "heritage:website": null, "razed:usage": null, "parking:lane:left": null, "imagery": null, "local_ref": null, "crane:type": null, "submerged": null, "construction:gauge": null, "construction:usage": null, "planned": null, "floor": null, "lastcheck": null, "end_date:railway": null, "bridge:ref": null, "not:name": null, "stroller": null, "path": null, "proposed:railway:etcs": null, "was:bridge": null, "Note": null, "name:absent": null, "construction:service": null }, "geometry": { "type": "LineString", "coordinates": [ [ -122.407791, 37.7850162 ], [ -122.4077462, 37.7847869 ] ] } },
{ "type": "Feature", "properties": { "id": "way/775883297", "@id": "way/775883297", "area": null, "historic": null, "name": null, "railway": "tram", "landuse": null, "operator": "San Francisco Municipal Railway", "bicycle": null, "covered": null, "departures_board": null, "foot": null, "highway": null, "indoor": null, "network": "Muni", "public_transport": null, "ref": null, "surface": null, "train": null, "lit": null, "wheelchair": null, "bench": null, "bin": null, "shelter": null, "owner": "San Francisco Municipal Railway", "building": null, "disused:railway": null, "source": null, "source_ref": null, "level": null, "tactile_paving": null, "addr:city": null, "addr:housenumber": null, "addr:postcode": null, "addr:state": null, "addr:street": null, "addr:street_direction_prefix": null, "industrial": null, "building:levels": null, "height": null, "light_rail": null, "air_conditioning": null, "attribution": null, "bak:fac_type1": null, "internet_access": null, "bus": null, "tram": null, "wheelchair:description": null, "check_date": null, "passenger_information_display": null, "bridge": null, "layer": null, "check_date:lit": null, "trolleybus": null, "bearing": null, "check_date:shelter": null, "tourism": null, "access": null, "subway": null, "location": null, "tunnel": null, "motor_vehicle": null, "operator:wikidata": null, "electrified": "no", "gauge": "1067", "alt_name": null, "note": null, "note:website": null, "phone": null, "railway:position": null, "railway:ref": null, "short_name": null, "website": null, "wikidata": null, "wikipedia": null, "service": null, "length": null, "addr:housename": null, "attraction": null, "monorail": null, "horse": null, "check_date:bin": null, "tiger:county": null, "start_date": null, "check_date:bench": null, "ele": null, "lacounty:ain": null, "lacounty:bld_id": null, "usage": null, "fixme": null, "rail": null, "source:imagery": null, "description": null, "underground": null, "frequency": null, "voltage": null, "network:wikidata": null, "network:wikipedia": null, "operator:wikipedia": null, "owner:wikidata": null, "owner:wikipedia": null, "organization": null, "crossing": null, "official_name": null, "railway:proposed": null, "proposed:public_transport": null, "proposed:railway": null, "proposed:tram": null, "turntable": null, "biotic_reef:type": null, "image": null, "natural": null, "protection_title": null, "reef": null, "ruined": null, "seamark:type": null, "man_made": null, "proposed": null, "wikimedia_commons": null, "addr:country": null, "toilets:wheelchair": null, "baby_feeding": null, "station": null, "railway:preferred_direction": "forward", "oneway": null, "maxspeed": null, "tiger:cfcc": null, "tiger:reviewed": null, "maxspeed:freight": null, "railway:ptc": null, "railway:track_class": null, "railway:track_ref": null, "old_railway_operator": null, "railway:atc": null, "tiger:name_base": null, "railway:traffic_mode": null, "reporting_marks": null, "tunnel:name": null, "segregated": null, "sidewalk": null, "cycleway": null, "tiger:name_type": null, "passenger_lines": null, "passenger": null, "railway:preserved": null, "cycleway:left": null, "cycleway:right": null, "cycleway:right:lane": null, "lcn": null, "lanes": null, "abandoned:railway": null, "abandoned:name": null, "smoothness": null, "tracktype": null, "source:construction": null, "tiger:source": null, "tiger:tlid": null, "tiger:upload_uuid": null, "review": null, "maxspeed:backward": null, "maxspeed:forward": null, "maxspeed:freight:backward": null, "historic:name": null, "historic:operator": null, "historic:usage": null, "bridge:name": null, "operator:short": null, "embankment": null, "old_name": null, "route": null, "type": null, "cutting": null, "vta:id": null, "maxheight": null, "razed:railway": null, "cycleway:both": null, "cycleway:both:lane": null, "lane_markings": null, "name_1": null, "tiger:name_base_1": null, "tiger:name_type_1": null, "width": null, "abandoned": null, "tiger:separated": null, "incline": null, "bridge:movable": null, "bridge:wikidata": null, "bridge:wikipedia": null, "heritage": null, "heritage:operator": null, "ref:nrhp": null, "bridge_ref": null, "milepost:county": null, "source:bridge": null, "source_ref:bridge": null, "hgv": null, "demolished:railway": null, "loc_name": null, "route_ref": null, "embedded": null, "addr:county": null, "ref:lahcm": null, "construction": null, "opening_date": null, "created_by": null, "bridge:alt_name": null, "maxspeed:freight:forward": null, "name:pronunciation": null, "cable_tram": null, "ref:cpuc": null, "ref:fra_crossing": null, "flood_prone": null, "motorcycle": null, "bing": null, "railway:cbtc": null, "tunnel:alt_name": null, "ID": null, "assmntdist": null, "built": null, "finish": null, "region": null, "shape_le_1": null, "shape_len": null, "start": null, "winter": null, "highspeed": null, "crossing:markings": null, "tunnel:wikidata": null, "NHS": null, "dog": null, "bridge:structure": null, "builder": null, "line": null, "is_in:state_code": null, "demolished": null, "old_attraction_name": null, "destination:lanes": null, "hov": null, "toll": null, "toll:hov": null, "turn:lanes": null, "railway:interlaced": null, "seasonal:dry_season": null, "seasonal:wet_season": null, "removed:bridge": null, "designation": null, "razed": null, "name:es": null, "destination": null, "lift_chain": null, "source:1": null, "hov:minimum": null, "old_ref": null, "construction:electrified": null, "construction:frequency": null, "construction:railway": null, "construction:voltage": null, "FIXME": null, "abandoned:usage": null, "admin_level": null, "border_type": null, "boundary": null, "ruins:bridge": null, "own": null, "leisure": null, "ohv": null, "source:maxspeed": null, "maxspeed:passenger": null, "was:gauge": null, "was:service": null, "hgv:national_network": null, "source:hgv:national_network": null, "tiger:name_base_2": null, "tiger:name_type_2": null, "nrhp:criteria": null, "nrhp:inscription_date": null, "nrhp:nhl": null, "old_name:1927-1968": null, "ref:cli": null, "name_2": null, "mtb:scale": null, "mtb:scale:uphill": null, "trail_visibility": null, "alt_owner": null, "url": null, "construction:railway:etcs": null, "lanes:backward": null, "lanes:both_ways": null, "lanes:forward": null, "parking:lane:both": null, "turn:lanes:both_ways": null, "disused:service": null, "MAPKEY": null, "OBJECTID": null, "SHAPE_STLe": null, "sccgis:objectid": null, "miniature:scale": null, "colour": null, "turn:lanes:forward": null, "turn:lanes:backward": null, "parking:lane:right": null, "mtb:scale:imba": null, "sac_scale": null, "cycleway:left:oneway": null, "end_date": null, "bus:lanes:backward": null, "bus:lanes:forward": null, "ford": null, "parking:both": null, "parking:both:orientation": null, "historic_usage": null, "construction:maxspeed": null, "proposed:electrified": null, "proposed:frequency": null, "proposed:voltage": null, "abandoned:service": null, "destination:ref": null, "construction:name": null, "construction:network": null, "construction:operator": null, "construction:wikidata": null, "construction:wikipedia": null, "change": null, "railway:disused": null, "crossing:island": null, "source:exit": null, "source:width": null, "footway": null, "disused": null, "contact:email": null, "contact:phone": null, "contact:website": null, "group_only": null, "name:en": null, "change:forward": null, "change:backward": null, "bus:lanes": null, "trolley_wire": null, "abandoned:electrified": null, "crossing:signals": null, "maxweight:hgv": null, "maxweight:hgv:conditional": null, "maxweight:hgv_articulated": null, "razed:service": null, "demolished:bridge": null, "crossing:barrier": null, "tracks": null, "heritage:website": null, "razed:usage": null, "parking:lane:left": null, "imagery": null, "local_ref": null, "crane:type": null, "submerged": null, "construction:gauge": null, "construction:usage": null, "planned": null, "floor": null, "lastcheck": null, "end_date:railway": null, "bridge:ref": null, "not:name": null, "stroller": null, "path": null, "proposed:railway:etcs": null, "was:bridge": null, "Note": null, "name:absent": null, "construction:service": null }, "geometry": { "type": "LineString", "coordinates": [ [ -122.4092129, 37.7921099 ], [ -122.4092045, 37.7920616 ], [ -122.4092021, 37.7920478 ], [ -122.4091995, 37.7920345 ], [ -122.409189, 37.7919797 ] ] } },
{ "type": "Feature", "properties": { "id": "way/775883298", "@id": "way/775883298", "area": null, "historic": null, "name": null, "railway": "tram", "landuse": null, "operator": "San Francisco Municipal Railway", "bicycle": null, "covered": null, "departures_board": null, "foot": null, "highway": null, "indoor": null, "network": "Muni", "public_transport": null, "ref": null, "surface": null, "train": null, "lit": null, "wheelchair": null, "bench": null, "bin": null, "shelter": null, "owner": "San Francisco Municipal Railway", "building": null, "disused:railway": null, "source": null, "source_ref": null, "level": null, "tactile_paving": null, "addr:city": null, "addr:housenumber": null, "addr:postcode": null, "addr:state": null, "addr:street": null, "addr:street_direction_prefix": null, "industrial": null, "building:levels": null, "height": null, "light_rail": null, "air_conditioning": null, "attribution": null, "bak:fac_type1": null, "internet_access": null, "bus": null, "tram": null, "wheelchair:description": null, "check_date": null, "passenger_information_display": null, "bridge": null, "layer": null, "check_date:lit": null, "trolleybus": null, "bearing": null, "check_date:shelter": null, "tourism": null, "access": null, "subway": null, "location": null, "tunnel": null, "motor_vehicle": null, "operator:wikidata": null, "electrified": "no", "gauge": "1067", "alt_name": null, "note": null, "note:website": null, "phone": null, "railway:position": null, "railway:ref": null, "short_name": null, "website": null, "wikidata": null, "wikipedia": null, "service": null, "length": null, "addr:housename": null, "attraction": null, "monorail": null, "horse": null, "check_date:bin": null, "tiger:county": null, "start_date": null, "check_date:bench": null, "ele": null, "lacounty:ain": null, "lacounty:bld_id": null, "usage": null, "fixme": null, "rail": null, "source:imagery": null, "description": null, "underground": null, "frequency": null, "voltage": null, "network:wikidata": null, "network:wikipedia": null, "operator:wikipedia": null, "owner:wikidata": null, "owner:wikipedia": null, "organization": null, "crossing": null, "official_name": null, "railway:proposed": null, "proposed:public_transport": null, "proposed:railway": null, "proposed:tram": null, "turntable": null, "biotic_reef:type": null, "image": null, "natural": null, "protection_title": null, "reef": null, "ruined": null, "seamark:type": null, "man_made": null, "proposed": null, "wikimedia_commons": null, "addr:country": null, "toilets:wheelchair": null, "baby_feeding": null, "station": null, "railway:preferred_direction": "forward", "oneway": null, "maxspeed": "9.5 mph", "tiger:cfcc": null, "tiger:reviewed": null, "maxspeed:freight": null, "railway:ptc": null, "railway:track_class": null, "railway:track_ref": null, "old_railway_operator": null, "railway:atc": null, "tiger:name_base": null, "railway:traffic_mode": null, "reporting_marks": null, "tunnel:name": null, "segregated": null, "sidewalk": null, "cycleway": null, "tiger:name_type": null, "passenger_lines": null, "passenger": null, "railway:preserved": null, "cycleway:left": null, "cycleway:right": null, "cycleway:right:lane": null, "lcn": null, "lanes": null, "abandoned:railway": null, "abandoned:name": null, "smoothness": null, "tracktype": null, "source:construction": null, "tiger:source": null, "tiger:tlid": null, "tiger:upload_uuid": null, "review": null, "maxspeed:backward": null, "maxspeed:forward": null, "maxspeed:freight:backward": null, "historic:name": null, "historic:operator": null, "historic:usage": null, "bridge:name": null, "operator:short": null, "embankment": null, "old_name": null, "route": null, "type": null, "cutting": null, "vta:id": null, "maxheight": null, "razed:railway": null, "cycleway:both": null, "cycleway:both:lane": null, "lane_markings": null, "name_1": null, "tiger:name_base_1": null, "tiger:name_type_1": null, "width": null, "abandoned": null, "tiger:separated": null, "incline": null, "bridge:movable": null, "bridge:wikidata": null, "bridge:wikipedia": null, "heritage": null, "heritage:operator": null, "ref:nrhp": null, "bridge_ref": null, "milepost:county": null, "source:bridge": null, "source_ref:bridge": null, "hgv": null, "demolished:railway": null, "loc_name": null, "route_ref": null, "embedded": null, "addr:county": null, "ref:lahcm": null, "construction": null, "opening_date": null, "created_by": null, "bridge:alt_name": null, "maxspeed:freight:forward": null, "name:pronunciation": null, "cable_tram": "cable", "ref:cpuc": null, "ref:fra_crossing": null, "flood_prone": null, "motorcycle": null, "bing": null, "railway:cbtc": null, "tunnel:alt_name": null, "ID": null, "assmntdist": null, "built": null, "finish": null, "region": null, "shape_le_1": null, "shape_len": null, "start": null, "winter": null, "highspeed": null, "crossing:markings": null, "tunnel:wikidata": null, "NHS": null, "dog": null, "bridge:structure": null, "builder": null, "line": null, "is_in:state_code": null, "demolished": null, "old_attraction_name": null, "destination:lanes": null, "hov": null, "toll": null, "toll:hov": null, "turn:lanes": null, "railway:interlaced": null, "seasonal:dry_season": null, "seasonal:wet_season": null, "removed:bridge": null, "designation": null, "razed": null, "name:es": null, "destination": null, "lift_chain": null, "source:1": null, "hov:minimum": null, "old_ref": null, "construction:electrified": null, "construction:frequency": null, "construction:railway": null, "construction:voltage": null, "FIXME": null, "abandoned:usage": null, "admin_level": null, "border_type": null, "boundary": null, "ruins:bridge": null, "own": null, "leisure": null, "ohv": null, "source:maxspeed": null, "maxspeed:passenger": null, "was:gauge": null, "was:service": null, "hgv:national_network": null, "source:hgv:national_network": null, "tiger:name_base_2": null, "tiger:name_type_2": null, "nrhp:criteria": null, "nrhp:inscription_date": null, "nrhp:nhl": null, "old_name:1927-1968": null, "ref:cli": null, "name_2": null, "mtb:scale": null, "mtb:scale:uphill": null, "trail_visibility": null, "alt_owner": null, "url": null, "construction:railway:etcs": null, "lanes:backward": null, "lanes:both_ways": null, "lanes:forward": null, "parking:lane:both": null, "turn:lanes:both_ways": null, "disused:service": null, "MAPKEY": null, "OBJECTID": null, "SHAPE_STLe": null, "sccgis:objectid": null, "miniature:scale": null, "colour": null, "turn:lanes:forward": null, "turn:lanes:backward": null, "parking:lane:right": null, "mtb:scale:imba": null, "sac_scale": null, "cycleway:left:oneway": null, "end_date": null, "bus:lanes:backward": null, "bus:lanes:forward": null, "ford": null, "parking:both": null, "parking:both:orientation": null, "historic_usage": null, "construction:maxspeed": null, "proposed:electrified": null, "proposed:frequency": null, "proposed:voltage": null, "abandoned:service": null, "destination:ref": null, "construction:name": null, "construction:network": null, "construction:operator": null, "construction:wikidata": null, "construction:wikipedia": null, "change": null, "railway:disused": null, "crossing:island": null, "source:exit": null, "source:width": null, "footway": null, "disused": null, "contact:email": null, "contact:phone": null, "contact:website": null, "group_only": null, "name:en": null, "change:forward": null, "change:backward": null, "bus:lanes": null, "trolley_wire": null, "abandoned:electrified": null, "crossing:signals": null, "maxweight:hgv": null, "maxweight:hgv:conditional": null, "maxweight:hgv_articulated": null, "razed:service": null, "demolished:bridge": null, "crossing:barrier": null, "tracks": null, "heritage:website": null, "razed:usage": null, "parking:lane:left": null, "imagery": null, "local_ref": null, "crane:type": null, "submerged": null, "construction:gauge": null, "construction:usage": null, "planned": null, "floor": null, "lastcheck": null, "end_date:railway": null, "bridge:ref": null, "not:name": null, "stroller": null, "path": null, "proposed:railway:etcs": null, "was:bridge": null, "Note": null, "name:absent": null, "construction:service": null }, "geometry": { "type": "LineString", "coordinates": [ [ -122.4099094, 37.7947098 ], [ -122.4098856, 37.7947113 ], [ -122.4098625, 37.7947111 ], [ -122.4098495, 37.7947095 ], [ -122.4098388, 37.7947081 ], [ -122.4098152, 37.794701 ], [ -122.4097953, 37.7946925 ], [ -122.4097766, 37.7946803 ], [ -122.4097712, 37.7946747 ], [ -122.4097635, 37.7946666 ], [ -122.4097472, 37.7946456 ], [ -122.4097332, 37.7946209 ], [ -122.4097218, 37.7945916 ], [ -122.4097106, 37.794549 ], [ -122.4095797, 37.7939157 ], [ -122.4095691, 37.7938565 ], [ -122.409563, 37.7938229 ], [ -122.4095612, 37.7938098 ], [ -122.4093926, 37.7930347 ], [ -122.40938, 37.7929771 ], [ -122.4093774, 37.7929603 ], [ -122.409375, 37.7929478 ], [ -122.4093702, 37.7929216 ], [ -122.409238, 37.7922457 ], [ -122.4092221, 37.7921583 ], [ -122.4092129, 37.7921099 ] ] } },
{ "type": "Feature", "properties": { "id": "way/775883299", "@id": "way/775883299", "area": null, "historic": null, "name": null, "railway": "tram", "landuse": null, "operator": "San Francisco Municipal Railway", "bicycle": null, "covered": null, "departures_board": null, "foot": null, "highway": null, "indoor": null, "network": "Muni", "public_transport": null, "ref": null, "surface": null, "train": null, "lit": null, "wheelchair": null, "bench": null, "bin": null, "shelter": null, "owner": "San Francisco Municipal Railway", "building": null, "disused:railway": null, "source": null, "source_ref": null, "level": null, "tactile_paving": null, "addr:city": null, "addr:housenumber": null, "addr:postcode": null, "addr:state": null, "addr:street": null, "addr:street_direction_prefix": null, "industrial": null, "building:levels": null, "height": null, "light_rail": null, "air_conditioning": null, "attribution": null, "bak:fac_type1": null, "internet_access": null, "bus": null, "tram": null, "wheelchair:description": null, "check_date": null, "passenger_information_display": null, "bridge": null, "layer": null, "check_date:lit": null, "trolleybus": null, "bearing": null, "check_date:shelter": null, "tourism": null, "access": null, "subway": null, "location": null, "tunnel": null, "motor_vehicle": null, "operator:wikidata": null, "electrified": "no", "gauge": "1067", "alt_name": null, "note": null, "note:website": null, "phone": null, "railway:position": null, "railway:ref": null, "short_name": null, "website": null, "wikidata": null, "wikipedia": null, "service": null, "length": null, "addr:housename": null, "attraction": null, "monorail": null, "horse": null, "check_date:bin": null, "tiger:county": null, "start_date": null, "check_date:bench": null, "ele": null, "lacounty:ain": null, "lacounty:bld_id": null, "usage": null, "fixme": null, "rail": null, "source:imagery": null, "description": null, "underground": null, "frequency": null, "voltage": null, "network:wikidata": null, "network:wikipedia": null, "operator:wikipedia": null, "owner:wikidata": null, "owner:wikipedia": null, "organization": null, "crossing": null, "official_name": null, "railway:proposed": null, "proposed:public_transport": null, "proposed:railway": null, "proposed:tram": null, "turntable": null, "biotic_reef:type": null, "image": null, "natural": null, "protection_title": null, "reef": null, "ruined": null, "seamark:type": null, "man_made": null, "proposed": null, "wikimedia_commons": null, "addr:country": null, "toilets:wheelchair": null, "baby_feeding": null, "station": null, "railway:preferred_direction": "forward", "oneway": null, "maxspeed": "9.5 mph", "tiger:cfcc": null, "tiger:reviewed": null, "maxspeed:freight": null, "railway:ptc": null, "railway:track_class": null, "railway:track_ref": null, "old_railway_operator": null, "railway:atc": null, "tiger:name_base": null, "railway:traffic_mode": null, "reporting_marks": null, "tunnel:name": null, "segregated": null, "sidewalk": null, "cycleway": null, "tiger:name_type": null, "passenger_lines": null, "passenger": null, "railway:preserved": null, "cycleway:left": null, "cycleway:right": null, "cycleway:right:lane": null, "lcn": null, "lanes": null, "abandoned:railway": null, "abandoned:name": null, "smoothness": null, "tracktype": null, "source:construction": null, "tiger:source": null, "tiger:tlid": null, "tiger:upload_uuid": null, "review": null, "maxspeed:backward": null, "maxspeed:forward": null, "maxspeed:freight:backward": null, "historic:name": null, "historic:operator": null, "historic:usage": null, "bridge:name": null, "operator:short": null, "embankment": null, "old_name": null, "route": null, "type": null, "cutting": null, "vta:id": null, "maxheight": null, "razed:railway": null, "cycleway:both": null, "cycleway:both:lane": null, "lane_markings": null, "name_1": null, "tiger:name_base_1": null, "tiger:name_type_1": null, "width": null, "abandoned": null, "tiger:separated": null, "incline": null, "bridge:movable": null, "bridge:wikidata": null, "bridge:wikipedia": null, "heritage": null, "heritage:operator": null, "ref:nrhp": null, "bridge_ref": null, "milepost:county": null, "source:bridge": null, "source_ref:bridge": null, "hgv": null, "demolished:railway": null, "loc_name": null, "route_ref": null, "embedded": null, "addr:county": null, "ref:lahcm": null, "construction": null, "opening_date": null, "created_by": null, "bridge:alt_name": null, "maxspeed:freight:forward": null, "name:pronunciation": null, "cable_tram": "cable", "ref:cpuc": null, "ref:fra_crossing": null, "flood_prone": null, "motorcycle": null, "bing": null, "railway:cbtc": null, "tunnel:alt_name": null, "ID": null, "assmntdist": null, "built": null, "finish": null, "region": null, "shape_le_1": null, "shape_len": null, "start": null, "winter": null, "highspeed": null, "crossing:markings": null, "tunnel:wikidata": null, "NHS": null, "dog": null, "bridge:structure": null, "builder": null, "line": null, "is_in:state_code": null, "demolished": null, "old_attraction_name": null, "destination:lanes": null, "hov": null, "toll": null, "toll:hov": null, "turn:lanes": null, "railway:interlaced": null, "seasonal:dry_season": null, "seasonal:wet_season": null, "removed:bridge": null, "designation": null, "razed": null, "name:es": null, "destination": null, "lift_chain": null, "source:1": null, "hov:minimum": null, "old_ref": null, "construction:electrified": null, "construction:frequency": null, "construction:railway": null, "construction:voltage": null, "FIXME": null, "abandoned:usage": null, "admin_level": null, "border_type": null, "boundary": null, "ruins:bridge": null, "own": null, "leisure": null, "ohv": null, "source:maxspeed": null, "maxspeed:passenger": null, "was:gauge": null, "was:service": null, "hgv:national_network": null, "source:hgv:national_network": null, "tiger:name_base_2": null, "tiger:name_type_2": null, "nrhp:criteria": null, "nrhp:inscription_date": null, "nrhp:nhl": null, "old_name:1927-1968": null, "ref:cli": null, "name_2": null, "mtb:scale": null, "mtb:scale:uphill": null, "trail_visibility": null, "alt_owner": null, "url": null, "construction:railway:etcs": null, "lanes:backward": null, "lanes:both_ways": null, "lanes:forward": null, "parking:lane:both": null, "turn:lanes:both_ways": null, "disused:service": null, "MAPKEY": null, "OBJECTID": null, "SHAPE_STLe": null, "sccgis:objectid": null, "miniature:scale": null, "colour": null, "turn:lanes:forward": null, "turn:lanes:backward": null, "parking:lane:right": null, "mtb:scale:imba": null, "sac_scale": null, "cycleway:left:oneway": null, "end_date": null, "bus:lanes:backward": null, "bus:lanes:forward": null, "ford": null, "parking:both": null, "parking:both:orientation": null, "historic_usage": null, "construction:maxspeed": null, "proposed:electrified": null, "proposed:frequency": null, "proposed:voltage": null, "abandoned:service": null, "destination:ref": null, "construction:name": null, "construction:network": null, "construction:operator": null, "construction:wikidata": null, "construction:wikipedia": null, "change": null, "railway:disused": null, "crossing:island": null, "source:exit": null, "source:width": null, "footway": null, "disused": null, "contact:email": null, "contact:phone": null, "contact:website": null, "group_only": null, "name:en": null, "change:forward": null, "change:backward": null, "bus:lanes": null, "trolley_wire": null, "abandoned:electrified": null, "crossing:signals": null, "maxweight:hgv": null, "maxweight:hgv:conditional": null, "maxweight:hgv_articulated": null, "razed:service": null, "demolished:bridge": null, "crossing:barrier": null, "tracks": null, "heritage:website": null, "razed:usage": null, "parking:lane:left": null, "imagery": null, "local_ref": null, "crane:type": null, "submerged": null, "construction:gauge": null, "construction:usage": null, "planned": null, "floor": null, "lastcheck": null, "end_date:railway": null, "bridge:ref": null, "not:name": null, "stroller": null, "path": null, "proposed:railway:etcs": null, "was:bridge": null, "Note": null, "name:absent": null, "construction:service": null }, "geometry": { "type": "LineString", "coordinates": [ [ -122.4091785, 37.7921136 ], [ -122.4091882, 37.7921625 ], [ -122.40922, 37.792325 ], [ -122.409331, 37.7928842 ], [ -122.4093396, 37.7929254 ], [ -122.4093468, 37.7929633 ], [ -122.40935, 37.7929809 ], [ -122.4093611, 37.7930385 ], [ -122.4094466, 37.7934827 ], [ -122.409504, 37.7937638 ], [ -122.4095142, 37.7938157 ], [ -122.4095197, 37.7938393 ], [ -122.4095248, 37.7938625 ], [ -122.4095355, 37.7939213 ], [ -122.4096222, 37.7943139 ], [ -122.4096748, 37.7945585 ] ] } },
{ "type": "Feature", "properties": { "id": "way/775883301", "@id": "way/775883301", "area": null, "historic": null, "name": null, "railway": "tram", "landuse": null, "operator": "San Francisco Municipal Railway", "bicycle": null, "covered": null, "departures_board": null, "foot": null, "highway": null, "indoor": null, "network": "Muni", "public_transport": null, "ref": null, "surface": null, "train": null, "lit": null, "wheelchair": null, "bench": null, "bin": null, "shelter": null, "owner": "San Francisco Municipal Railway", "building": null, "disused:railway": null, "source": null, "source_ref": null, "level": null, "tactile_paving": null, "addr:city": null, "addr:housenumber": null, "addr:postcode": null, "addr:state": null, "addr:street": null, "addr:street_direction_prefix": null, "industrial": null, "building:levels": null, "height": null, "light_rail": null, "air_conditioning": null, "attribution": null, "bak:fac_type1": null, "internet_access": null, "bus": null, "tram": null, "wheelchair:description": null, "check_date": null, "passenger_information_display": null, "bridge": null, "layer": null, "check_date:lit": null, "trolleybus": null, "bearing": null, "check_date:shelter": null, "tourism": null, "access": null, "subway": null, "location": null, "tunnel": null, "motor_vehicle": null, "operator:wikidata": null, "electrified": "no", "gauge": "1067", "alt_name": null, "note": null, "note:website": null, "phone": null, "railway:position": null, "railway:ref": null, "short_name": null, "website": null, "wikidata": null, "wikipedia": null, "service": null, "length": null, "addr:housename": null, "attraction": null, "monorail": null, "horse": null, "check_date:bin": null, "tiger:county": null, "start_date": null, "check_date:bench": null, "ele": null, "lacounty:ain": null, "lacounty:bld_id": null, "usage": null, "fixme": null, "rail": null, "source:imagery": null, "description": null, "underground": null, "frequency": null, "voltage": null, "network:wikidata": null, "network:wikipedia": null, "operator:wikipedia": null, "owner:wikidata": null, "owner:wikipedia": null, "organization": null, "crossing": null, "official_name": null, "railway:proposed": null, "proposed:public_transport": null, "proposed:railway": null, "proposed:tram": null, "turntable": null, "biotic_reef:type": null, "image": null, "natural": null, "protection_title": null, "reef": null, "ruined": null, "seamark:type": null, "man_made": null, "proposed": null, "wikimedia_commons": null, "addr:country": null, "toilets:wheelchair": null, "baby_feeding": null, "station": null, "railway:preferred_direction": "forward", "oneway": null, "maxspeed": "9.5 mph", "tiger:cfcc": null, "tiger:reviewed": null, "maxspeed:freight": null, "railway:ptc": null, "railway:track_class": null, "railway:track_ref": null, "old_railway_operator": null, "railway:atc": null, "tiger:name_base": null, "railway:traffic_mode": null, "reporting_marks": null, "tunnel:name": null, "segregated": null, "sidewalk": null, "cycleway": null, "tiger:name_type": null, "passenger_lines": null, "passenger": null, "railway:preserved": null, "cycleway:left": null, "cycleway:right": null, "cycleway:right:lane": null, "lcn": null, "lanes": null, "abandoned:railway": null, "abandoned:name": null, "smoothness": null, "tracktype": null, "source:construction": null, "tiger:source": null, "tiger:tlid": null, "tiger:upload_uuid": null, "review": null, "maxspeed:backward": null, "maxspeed:forward": null, "maxspeed:freight:backward": null, "historic:name": null, "historic:operator": null, "historic:usage": null, "bridge:name": null, "operator:short": null, "embankment": null, "old_name": null, "route": null, "type": null, "cutting": null, "vta:id": null, "maxheight": null, "razed:railway": null, "cycleway:both": null, "cycleway:both:lane": null, "lane_markings": null, "name_1": null, "tiger:name_base_1": null, "tiger:name_type_1": null, "width": null, "abandoned": null, "tiger:separated": null, "incline": null, "bridge:movable": null, "bridge:wikidata": null, "bridge:wikipedia": null, "heritage": null, "heritage:operator": null, "ref:nrhp": null, "bridge_ref": null, "milepost:county": null, "source:bridge": null, "source_ref:bridge": null, "hgv": null, "demolished:railway": null, "loc_name": null, "route_ref": null, "embedded": null, "addr:county": null, "ref:lahcm": null, "construction": null, "opening_date": null, "created_by": null, "bridge:alt_name": null, "maxspeed:freight:forward": null, "name:pronunciation": null, "cable_tram": "cable", "ref:cpuc": null, "ref:fra_crossing": null, "flood_prone": null, "motorcycle": null, "bing": null, "railway:cbtc": null, "tunnel:alt_name": null, "ID": null, "assmntdist": null, "built": null, "finish": null, "region": null, "shape_le_1": null, "shape_len": null, "start": null, "winter": null, "highspeed": null, "crossing:markings": null, "tunnel:wikidata": null, "NHS": null, "dog": null, "bridge:structure": null, "builder": null, "line": null, "is_in:state_code": null, "demolished": null, "old_attraction_name": null, "destination:lanes": null, "hov": null, "toll": null, "toll:hov": null, "turn:lanes": null, "railway:interlaced": "yes", "seasonal:dry_season": null, "seasonal:wet_season": null, "removed:bridge": null, "designation": null, "razed": null, "name:es": null, "destination": null, "lift_chain": null, "source:1": null, "hov:minimum": null, "old_ref": null, "construction:electrified": null, "construction:frequency": null, "construction:railway": null, "construction:voltage": null, "FIXME": null, "abandoned:usage": null, "admin_level": null, "border_type": null, "boundary": null, "ruins:bridge": null, "own": null, "leisure": null, "ohv": null, "source:maxspeed": null, "maxspeed:passenger": null, "was:gauge": null, "was:service": null, "hgv:national_network": null, "source:hgv:national_network": null, "tiger:name_base_2": null, "tiger:name_type_2": null, "nrhp:criteria": null, "nrhp:inscription_date": null, "nrhp:nhl": null, "old_name:1927-1968": null, "ref:cli": null, "name_2": null, "mtb:scale": null, "mtb:scale:uphill": null, "trail_visibility": null, "alt_owner": null, "url": null, "construction:railway:etcs": null, "lanes:backward": null, "lanes:both_ways": null, "lanes:forward": null, "parking:lane:both": null, "turn:lanes:both_ways": null, "disused:service": null, "MAPKEY": null, "OBJECTID": null, "SHAPE_STLe": null, "sccgis:objectid": null, "miniature:scale": null, "colour": null, "turn:lanes:forward": null, "turn:lanes:backward": null, "parking:lane:right": null, "mtb:scale:imba": null, "sac_scale": null, "cycleway:left:oneway": null, "end_date": null, "bus:lanes:backward": null, "bus:lanes:forward": null, "ford": null, "parking:both": null, "parking:both:orientation": null, "historic_usage": null, "construction:maxspeed": null, "proposed:electrified": null, "proposed:frequency": null, "proposed:voltage": null, "abandoned:service": null, "destination:ref": null, "construction:name": null, "construction:network": null, "construction:operator": null, "construction:wikidata": null, "construction:wikipedia": null, "change": null, "railway:disused": null, "crossing:island": null, "source:exit": null, "source:width": null, "footway": null, "disused": null, "contact:email": null, "contact:phone": null, "contact:website": null, "group_only": null, "name:en": null, "change:forward": null, "change:backward": null, "bus:lanes": null, "trolley_wire": null, "abandoned:electrified": null, "crossing:signals": null, "maxweight:hgv": null, "maxweight:hgv:conditional": null, "maxweight:hgv_articulated": null, "razed:service": null, "demolished:bridge": null, "crossing:barrier": null, "tracks": null, "heritage:website": null, "razed:usage": null, "parking:lane:left": null, "imagery": null, "local_ref": null, "crane:type": null, "submerged": null, "construction:gauge": null, "construction:usage": null, "planned": null, "floor": null, "lastcheck": null, "end_date:railway": null, "bridge:ref": null, "not:name": null, "stroller": null, "path": null, "proposed:railway:etcs": null, "was:bridge": null, "Note": null, "name:absent": null, "construction:service": null }, "geometry": { "type": "LineString", "coordinates": [ [ -122.4100727, 37.7946894 ], [ -122.4099094, 37.7947098 ] ] } }
]
}
