{
"type": "FeatureCollection",
"name": "powell_hyde_cable_car",
"crs": { "type": "name", "properties": { "name": "urn:ogc:def:crs:OGC:1.3:CRS84" } },
"features": [
{ "type": "Feature", "properties": { "id": "way/142961063", "@id": "way/142961063", "area": null, "historic": null, "name": null, "railway": "tram", "landuse": null, "operator": "San Francisco Municipal Railway", "bicycle": null, "covered": null, "departures_board": null, "foot": null, "highway": null, "indoor": null, "network": "Muni", "public_transport": null, "ref": null, "surface": null, "train": null, "lit": null, "wheelchair": null, "bench": null, "bin": null, "shelter": null, "owner": "San Francisco Municipal Railway", "building": null, "disused:railway": null, "source": null, "source_ref": null, "level": null, "tactile_paving": null, "addr:city": null, "addr:housenumber": null, "addr:postcode": null, "addr:state": null, "addr:street": null, "addr:street_direction_prefix": null, "industrial": null, "building:levels": null, "height": null, "light_rail": null, "air_conditioning": null, "attribution": null, "bak:fac_type1": null, "internet_access": null, "bus": null, "tram": null, "wheelchair:description": null, "check_date": null, "passenger_information_display": null, "bridge": null, "layer": null, "check_date:lit": null, "trolleybus": null, "bearing": null, "check_date:shelter": null, "tourism": null, "access": null, "subway": null, "location": null, "tunnel": null, "motor_vehicle": null, "operator:wikidata": null, "electrified": "no", "gauge": "1067", "alt_name": null, "note": null, "note:website": null, "phone": null, "railway:position": null, "railway:ref": null, "short_name": null, "website": null, "wikidata": null, "wikipedia": null, "service": "crossover", "length": null, "addr:housename": null, "attraction": null, "monorail": null, "horse": null, "check_date:bin": null, "tiger:county": null, "start_date": null, "check_date:bench": null, "ele": null, "lacounty:ain": null, "lacounty:bld_id": null, "usage": null, "fixme": null, "rail": null, "source:imagery": null, "description": null, "underground": null, "frequency": null, "voltage": null, "network:wikidata": null, "network:wikipedia": null, "operator:wikipedia": null, "owner:wikidata": null, "owner:wikipedia": null, "organization": null, "crossing": null, "official_name": null, "railway:proposed": null, "proposed:public_transport": null, "proposed:railway": null, "proposed:tram": null, "turntable": null, "biotic_reef:type": null, "image": null, "natural": null, "protection_title": null, "reef": null, "ruined": null, "seamark:type": null, "man_made": null, "proposed": null, "wikimedia_commons": null, "addr:country": null, "toilets:wheelchair": null, "baby_feeding": null, "station": null, "railway:preferred_direction": null, "oneway": null, "maxspeed": null, "tiger:cfcc": null, "tiger:reviewed": null, "maxspeed:freight": null, "railway:ptc": null, "railway:track_class": null, "railway:track_ref": null, "old_railway_operator": null, "railway:atc": null, "tiger:name_base": null, "railway:traffic_mode": null, "reporting_marks": null, "tunnel:name": null, "segregated": null, "sidewalk": null, "cycleway": null, "tiger:name_type": null, "passenger_lines": null, "passenger": null, "railway:preserved": null, "cycleway:left": null, "cycleway:right": null, "cycleway:right:lane": null, "lcn": null, "lanes": null, "abandoned:railway": null, "abandoned:name": null, "smoothness": null, "tracktype": null, "source:construction": null, "tiger:source": null, "tiger:tlid": null, "tiger:upload_uuid": null, "review": null, "maxspeed:backward": null, "maxspeed:forward": null, "maxspeed:freight:backward": null, "historic:name": null, "historic:operator": null, "historic:usage": null, "bridge:name": null, "operator:short": null, "embankment": null, "old_name": null, "route": null, "type": null, "cutting": null, "vta:id": null, "maxheight": null, "razed:railway": null, "cycleway:both": null, "cycleway:both:lane": null, "lane_markings": null, "name_1": null, "tiger:name_base_1": null, "tiger:name_type_1": null, "width": null, "abandoned": null, "tiger:separated": null, "incline": null, "bridge:movable": null, "bridge:wikidata": null, "bridge:wikipedia": null, "heritage": null, "heritage:operator": null, "ref:nrhp": null, "bridge_ref": null, "milepost:county": null, "source:bridge": null, "source_ref:bridge": null, "hgv": null, "demolished:railway": null, "loc_name": null, "route_ref": null, "embedded": null, "addr:county": null, "ref:lahcm": null, "construction": null, "opening_date": null, "created_by": null, "bridge:alt_name": null, "maxspeed:freight:forward": null, "name:pronunciation": null, "cable_tram": null, "ref:cpuc": null, "ref:fra_crossing": null, "flood_prone": null, "motorcycle": null, "bing": null, "railway:cbtc": null, "tunnel:alt_name": null, "ID": null, "assmntdist": null, "built": null, "finish": null, "region": null, "shape_le_1": null, "shape_len": null, "start": null, "winter": null, "highspeed": null, "crossing:markings": null, "tunnel:wikidata": null, "NHS": null, "dog": null, "bridge:structure": null, "builder": null, "line": null, "is_in:state_code": null, "demolished": null, "old_attraction_name": null, "destination:lanes": null, "hov": null, "toll": null, "toll:hov": null, "turn:lanes": null, "railway:interlaced": null, "seasonal:dry_season": null, "seasonal:wet_season": null, "removed:bridge": null, "designation": null, "razed": null, "name:es": null, "destination": null, "lift_chain": null, "source:1": null, "hov:minimum": null, "old_ref": null, "construction:electrified": null, "construction:frequency": null, "construction:railway": null, "construction:voltage": null, "FIXME": null, "abandoned:usage": null, "admin_level": null, "border_type": null, "boundary": null, "ruins:bridge": null, "own": null, "leisure": null, "ohv": null, "source:maxspeed": null, "maxspeed:passenger": null, "was:gauge": null, "was:service": null, "hgv:national_network": null, "source:hgv:national_network": null, "tiger:name_base_2": null, "tiger:name_type_2": null, "nrhp:criteria": null, "nrhp:inscription_date": null, "nrhp:nhl": null, "old_name:1927-1968": null, "ref:cli": null, "name_2": null, "mtb:scale": null, "mtb:scale:uphill": null, "trail_visibility": null, "alt_owner": null, "url": null, "construction:railway:etcs": null, "lanes:backward": null, "lanes:both_ways": null, "lanes:forward": null, "parking:lane:both": null, "turn:lanes:both_ways": null, "disused:service": null, "MAPKEY": null, "OBJECTID": null, "SHAPE_STLe": null, "sccgis:objectid": null, "miniature:scale": null, "colour": null, "turn:lanes:forward": null, "turn:lanes:backward": null, "parking:lane:right": null, "mtb:scale:imba": null, "sac_scale": null, "cycleway:left:oneway": null, "end_date": null, "bus:lanes:backward": null, "bus:lanes:forward": null, "ford": null, "parking:both": null, "parking:both:orientation": null, "historic_usage": null, "construction:maxspeed": null, "proposed:electrified": null, "proposed:frequency": null, "proposed:voltage": null, "abandoned:service": null, "destination:ref": null, "construction:name": null, "construction:network": null, "construction:operator": null, "construction:wikidata": null, "construction:wikipedia": null, "change": null, "railway:disused": null, "crossing:island": null, "source:exit": null, "source:width": null, "footway": null, "disused": null, "contact:email": null, "contact:phone": null, "contact:website": null, "group_only": null, "name:en": null, "change:forward": null, "change:backward": null, "bus:lanes": null, "trolley_wire": null, "abandoned:electrified": null, "crossing:signals": null, "maxweight:hgv": null, "maxweight:hgv:conditional": null, "maxweight:hgv_articulated": null, "razed:service": null, "demolished:bridge": null, "crossing:barrier": null, "tracks": null, "heritage:website": null, "razed:usage": null, "parking:lane:left": null, "imagery": null, "local_ref": null, "crane:type": null, "submerged": null, "construction:gauge": null, "construction:usage": null, "planned": null, "floor": null, "lastcheck": null, "end_date:railway": null, "bridge:ref": null, "not:name": null, "stroller": null, "path": null, "proposed:railway:etcs": null, "was:bridge": null, "Note": null, "name:absent": null, "construction:service": null }, "geometry": { "type": "LineString", "coordinates": [ [ -122.4209744, 37.8068879 ], [ -122.4209212, 37.8068649 ], [ -122.4208101, 37.8068259 ], [ -122.4207345, 37.8067897 ] ] } },
{ "type": "Feature", "properties": { "id": "way/142961074", "@id": "way/142961074", "area": null, "historic": null, "name": null, "railway": "tram", "landuse": null, "operator": "San Francisco Municipal Railway", "bicycle": null, "covered": null, "departures_board": null, "foot": null, "highway": null, "indoor": null, "network": "Muni", "public_transport": null, "ref": null, "surface": null, "train": null, "lit": null, "wheelchair": null, "bench": null, "bin": null, "shelter": null, "owner": "San Francisco Municipal Railway", "building": null, "disused:railway": null, "source": null, "source_ref": null, "level": null, "tactile_paving": null, "addr:city": null, "addr:housenumber": null, "addr:postcode": null, "addr:state": null, "addr:street": null, "addr:street_direction_prefix": null, "industrial": null, "building:levels": null, "height": null, "light_rail": null, "air_conditioning": null, "attribution": null, "bak:fac_type1": null, "internet_access": null, "bus": null, "tram": null, "wheelchair:description": null, "check_date": null, "passenger_information_display": null, "bridge": null, "layer": null, "check_date:lit": null, "trolleybus": null, "bearing": null, "check_date:shelter": null, "tourism": null, "access": null, "subway": null, "location": null, "tunnel": null, "motor_vehicle": null, "operator:wikidata": null, "electrified": "no", "gauge": "1067", "alt_name": null, "note": null, "note:website": null, "phone": null, "railway:position": null, "railway:ref": null, "short_name": null, "website": null, "wikidata": null, "wikipedia": null, "service": "spur", "length": null, "addr:housename": null, "attraction": null, "monorail": null, "horse": null, "check_date:bin": null, "tiger:county": null, "start_date": null, "check_date:bench": null, "ele": null, "lacounty:ain": null, "lacounty:bld_id": null, "usage": null, "fixme": null, "rail": null, "source:imagery": null, "description": null, "underground": null, "frequency": null, "voltage": null, "network:wikidata": null, "network:wikipedia": null, "operator:wikipedia": null, "owner:wikidata": null, "owner:wikipedia": null, "organization": null, "crossing": null, "official_name": null, "railway:proposed": null, "proposed:public_transport": null, "proposed:railway": null, "proposed:tram": null, "turntable": null, "biotic_reef:type": null, "image": null, "natural": null, "protection_title": null, "reef": null, "ruined": null, "seamark:type": null, "man_made": null, "proposed": null, "wikimedia_commons": null, "addr:country": null, "toilets:wheelchair": null, "baby_feeding": null, "station": null, "railway:preferred_direction": null, "oneway": null, "maxspeed": null, "tiger:cfcc": null, "tiger:reviewed": null, "maxspeed:freight": null, "railway:ptc": null, "railway:track_class": null, "railway:track_ref": null, "old_railway_operator": null, "railway:atc": null, "tiger:name_base": null, "railway:traffic_mode": null, "reporting_marks": null, "tunnel:name": null, "segregated": null, "sidewalk": null, "cycleway": null, "tiger:name_type": null, "passenger_lines": null, "passenger": null, "railway:preserved": null, "cycleway:left": null, "cycleway:right": null, "cycleway:right:lane": null, "lcn": null, "lanes": null, "abandoned:railway": null, "abandoned:name": null, "smoothness": null, "tracktype": null, "source:construction": null, "tiger:source": null, "tiger:tlid": null, "tiger:upload_uuid": null, "review": null, "maxspeed:backward": null, "maxspeed:forward": null, "maxspeed:freight:backward": null, "historic:name": null, "historic:operator": null, "historic:usage": null, "bridge:name": null, "operator:short": null, "embankment": null, "old_name": null, "route": null, "type": null, "cutting": null, "vta:id": null, "maxheight": null, "razed:railway": null, "cycleway:both": null, "cycleway:both:lane": null, "lane_markings": null, "name_1": null, "tiger:name_base_1": null, "tiger:name_type_1": null, "width": null, "abandoned": null, "tiger:separated": null, "incline": null, "bridge:movable": null, "bridge:wikidata": null, "bridge:wikipedia": null, "heritage": null, "heritage:operator": null, "ref:nrhp": null, "bridge_ref": null, "milepost:county": null, "source:bridge": null, "source_ref:bridge": null, "hgv": null, "demolished:railway": null, "loc_name": null, "route_ref": null, "embedded": null, "addr:county": null, "ref:lahcm": null, "construction": null, "opening_date": null, "created_by": null, "bridge:alt_name": null, "maxspeed:freight:forward": null, "name:pronunciation": null, "cable_tram": null, "ref:cpuc": null, "ref:fra_crossing": null, "flood_prone": null, "motorcycle": null, "bing": null, "railway:cbtc": null, "tunnel:alt_name": null, "ID": null, "assmntdist": null, "built": null, "finish": null, "region": null, "shape_le_1": null, "shape_len": null, "start": null, "winter": null, "highspeed": null, "crossing:markings": null, "tunnel:wikidata": null, "NHS": null, "dog": null, "bridge:structure": null, "builder": null, "line": null, "is_in:state_code": null, "demolished": null, "old_attraction_name": null, "destination:lanes": null, "hov": null, "toll": null, "toll:hov": null, "turn:lanes": null, "railway:interlaced": null, "seasonal:dry_season": null, "seasonal:wet_season": null, "removed:bridge": null, "designation": null, "razed": null, "name:es": null, "destination": null, "lift_chain": null, "source:1": null, "hov:minimum": null, "old_ref": null, "construction:electrified": null, "construction:frequency": null, "construction:railway": null, "construction:voltage": null, "FIXME": null, "abandoned:usage": null, "admin_level": null, "border_type": null, "boundary": null, "ruins:bridge": null, "own": null, "leisure": null, "ohv": null, "source:maxspeed": null, "maxspeed:passenger": null, "was:gauge": null, "was:service": null, "hgv:national_network": null, "source:hgv:national_network": null, "tiger:name_base_2": null, "tiger:name_type_2": null, "nrhp:criteria": null, "nrhp:inscription_date": null, "nrhp:nhl": null, "old_name:1927-1968": null, "ref:cli": null, "name_2": null, "mtb:scale": null, "mtb:scale:uphill": null, "trail_visibility": null, "alt_owner": null, "url": null, "construction:railway:etcs": null, "lanes:backward": null, "lanes:both_ways": null, "lanes:forward": null, "parking:lane:both": null, "turn:lanes:both_ways": null, "disused:service": null, "MAPKEY": null, "OBJECTID": null, "SHAPE_STLe": null, "sccgis:objectid": null, "miniature:scale": null, "colour": null, "turn:lanes:forward": null, "turn:lanes:backward": null, "parking:lane:right": null, "mtb:scale:imba": null, "sac_scale": null, "cycleway:left:oneway": null, "end_date": null, "bus:lanes:backward": null, "bus:lanes:forward": null, "ford": null, "parking:both": null, "parking:both:orientation": null, "historic_usage": null, "construction:maxspeed": null, "proposed:electrified": null, "proposed:frequency": null, "proposed:voltage": null, "abandoned:service": null, "destination:ref": null, "construction:name": null, "construction:network": null, "construction:operator": null, "construction:wikidata": null, "construction:wikipedia": null, "change": null, "railway:disused": null, "crossing:island": null, "source:exit": null, "source:width": null, "footway": null, "disused": null, "contact:email": null, "contact:phone": null, "contact:website": null, "group_only": null, "name:en": null, "change:forward": null, "change:backward": null, "bus:lanes": null, "trolley_wire": null, "abandoned:electrified": null, "crossing:signals": null, "maxweight:hgv": null, "maxweight:hgv:conditional": null, "maxweight:hgv_articulated": null, "razed:service": null, "demolished:bridge": null, "crossing:barrier": null, "tracks": null, "heritage:website": null, "razed:usage": null, "parking:lane:left": null, "imagery": null, "local_ref": null, "crane:type": null, "submerged": null, "construction:gauge": null, "construction:usage": null, "planned": null, "floor": null, "lastcheck": null, "end_date:railway": null, "bridge:ref": null, "not:name": null, "stroller": null, "path": null, "proposed:railway:etcs": null, "was:bridge": null, "Note": null, "name:absent": null, "construction:service": null }, "geometry": { "type": "LineString", "coordinates": [ [ -122.4211861, 37.8070868 ], [ -122.4211117, 37.8070452 ], [ -122.4210916, 37.8070329 ], [ -122.4210589, 37.807006 ], [ -122.4210265, 37.8069707 ], [ -122.4209965, 37.806946 ], [ -122.4209755, 37.8069296 ] ] } },
{ "type": "Feature", "properties": { "id": "way/142961078", "@id": "way/142961078", "area": null, "historic": null, "name": null, "railway": "tram", "landuse": null, "operator": "San Francisco Municipal Railway", "bicycle": null, "covered": null, "departures_board": null, "foot": null, "highway": null, "indoor": null, "network": "Muni", "public_transport": null, "ref": null, "surface": null, "train": null, "lit": null, "wheelchair": null, "bench": null, "bin": null, "shelter": null, "owner": "San Francisco Municipal Railway", "building": null, "disused:railway": null, "source": null, "source_ref": null, "level": null, "tactile_paving": null, "addr:city": null, "addr:housenumber": null, "addr:postcode": null, "addr:state": null, "addr:street": null, "addr:street_direction_prefix": null, "industrial": null, "building:levels": null, "height": null, "light_rail": null, "air_conditioning": null, "attribution": null, "bak:fac_type1": null, "internet_access": null, "bus": null, "tram": null, "wheelchair:description": null, "check_date": null, "passenger_information_display": null, "bridge": null, "layer": null, "check_date:lit": null, "trolleybus": null, "bearing": null, "check_date:shelter": null, "tourism": null, "access": null, "subway": null, "location": null, "tunnel": null, "motor_vehicle": null, "operator:wikidata": null, "electrified": "no", "gauge": "1067", "alt_name": null, "note": null, "note:website": null, "phone": null, "railway:position": null, "railway:ref": null, "short_name": null, "website": null, "wikidata": null, "wikipedia": null, "service": null, "length": null, "addr:housename": null, "attraction": null, "monorail": null, "horse": null, "check_date:bin": null, "tiger:county": null, "start_date": null, "check_date:bench": null, "ele": null, "lacounty:ain": null, "lacounty:bld_id": null, "usage": null, "fixme": null, "rail": null, "source:imagery": null, "description": null, "underground": null, "frequency": null, "voltage": null, "network:wikidata": null, "network:wikipedia": null, "operator:wikipedia": null, "owner:wikidata": null, "owner:wikipedia": null, "organization": null, "crossing": null, "official_name": null, "railway:proposed": null, "proposed:public_transport": null, "proposed:railway": null, "proposed:tram": null, "turntable": null, "biotic_reef:type": null, "image": null, "natural": null, "protection_title": null, "reef": null, "ruined": null, "seamark:type": null, "man_made": null, "proposed": null, "wikimedia_commons": null, "addr:country": null, "toilets:wheelchair": null, "baby_feeding": null, "station": null, "railway:preferred_direction": "forward", "oneway": null, "maxspeed": null, "tiger:cfcc": null, "tiger:reviewed": null, "maxspeed:freight": null, "railway:ptc": null, "railway:track_class": null, "railway:track_ref": null, "old_railway_operator": null, "railway:atc": null, "tiger:name_base": null, "railway:traffic_mode": null, "reporting_marks": null, "tunnel:name": null, "segregated": null, "sidewalk": null, "cycleway": null, "tiger:name_type": null, "passenger_lines": null, "passenger": null, "railway:preserved": null, "cycleway:left": null, "cycleway:right": null, "cycleway:right:lane": null, "lcn": null, "lanes": null, "abandoned:railway": null, "abandoned:name": null, "smoothness": null, "tracktype": null, "source:construction": null, "tiger:source": null, "tiger:tlid": null, "tiger:upload_uuid": null, "review": null, "maxspeed:backward": null, "maxspeed:forward": null, "maxspeed:freight:backward": null, "historic:name": null, "historic:operator": null, "historic:usage": null, "bridge:name": null, "operator:short": null, "embankment": null, "old_name": null, "route": null, "type": null, "cutting": null, "vta:id": null, "maxheight": null, "razed:railway": null, "cycleway:both": null, "cycleway:both:lane": null, "lane_markings": null, "name_1": null, "tiger:name_base_1": null, "tiger:name_type_1": null, "width": null, "abandoned": null, "tiger:separated": null, "incline": null, "bridge:movable": null, "bridge:wikidata": null, "bridge:wikipedia": null, "heritage": null, "heritage:operator": null, "ref:nrhp": null, "bridge_ref": null, "milepost:county": null, "source:bridge": null, "source_ref:bridge": null, "hgv": null, "demolished:railway": null, "loc_name": null, "route_ref": null, "embedded": null, "addr:county": null, "ref:lahcm": null, "construction": null, "opening_date": null, "created_by": null, "bridge:alt_name": null, "maxspeed:freight:forward": null, "name:pronunciation": null, "cable_tram": "cable", "ref:cpuc": null, "ref:fra_crossing": null, "flood_prone": null, "motorcycle": null, "bing": null, "railway:cbtc": null, "tunnel:alt_name": null, "ID": null, "assmntdist": null, "built": null, "finish": null, "region": null, "shape_le_1": null, "shape_len": null, "start": null, "winter": null, "highspeed": null, "crossing:markings": null, "tunnel:wikidata": null, "NHS": null, "dog": null, "bridge:structure": null, "builder": null, "line": null, "is_in:state_code": null, "demolished": null, "old_attraction_name": null, "destination:lanes": null, "hov": null, "toll": null, "toll:hov": null, "turn:lanes": null, "railway:interlaced": null, "seasonal:dry_season": null, "seasonal:wet_season": null, "removed:bridge": null, "designation": null, "razed": null, "name:es": null, "destination": null, "lift_chain": null, "source:1": null, "hov:minimum": null, "old_ref": null, "construction:electrified": null, "construction:frequency": null, "construction:railway": null, "construction:voltage": null, "FIXME": null, "abandoned:usage": null, "admin_level": null, "border_type": null, "boundary": null, "ruins:bridge": null, "own": null, "leisure": null, "ohv": null, "source:maxspeed": null, "maxspeed:passenger": null, "was:gauge": null, "was:service": null, "hgv:national_network": null, "source:hgv:national_network": null, "tiger:name_base_2": null, "tiger:name_type_2": null, "nrhp:criteria": null, "nrhp:inscription_date": null, "nrhp:nhl": null, "old_name:1927-1968": null, "ref:cli": null, "name_2": null, "mtb:scale": null, "mtb:scale:uphill": null, "trail_visibility": null, "alt_owner": null, "url": null, "construction:railway:etcs": null, "lanes:backward": null, "lanes:both_ways": null, "lanes:forward": null, "parking:lane:both": null, "turn:lanes:both_ways": null, "disused:service": null, "MAPKEY": null, "OBJECTID": null, "SHAPE_STLe": null, "sccgis:objectid": null, "miniature:scale": null, "colour": null, "turn:lanes:forward": null, "turn:lanes:backward": null, "parking:lane:right": null, "mtb:scale:imba": null, "sac_scale": null, "cycleway:left:oneway": null, "end_date": null, "bus:lanes:backward": null, "bus:lanes:forward": null, "ford": null, "parking:both": null, "parking:both:orientation": null, "historic_usage": null, "construction:maxspeed": null, "proposed:electrified": null, "proposed:frequency": null, "proposed:voltage": null, "abandoned:service": null, "destination:ref": null, "construction:name": null, "construction:network": null, "construction:operator": null, "construction:wikidata": null, "construction:wikipedia": null, "change": null, "railway:disused": null, "crossing:island": null, "source:exit": null, "source:width": null, "footway": null, "disused": null, "contact:email": null, "contact:phone": null, "contact:website": null, "group_only": null, "name:en": null, "change:forward": null, "change:backward": null, "bus:lanes": null, "trolley_wire": null, "abandoned:electrified": null, "crossing:signals": null, "maxweight:hgv": null, "maxweight:hgv:conditional": null, "maxweight:hgv_articulated": null, "razed:service": null, "demolished:bridge": null, "crossing:barrier": null, "tracks": null, "heritage:website": null, "razed:usage": null, "parking:lane:left": null, "imagery": null, "local_ref": null, "crane:type": null, "submerged": null, "construction:gauge": null, "construction:usage": null, "planned": null, "floor": null, "lastcheck": null, "end_date:railway": null, "bridge:ref": null, "not:name": null, "stroller": null, "path": null, "proposed:railway:etcs": null, "was:bridge": null, "Note": null, "name:absent": null, "construction:service": null }, "geometry": { "type": "LineString", "coordinates": [ [ -122.4209919, 37.8068982 ], [ -122.4209744, 37.8068879 ], [ -122.4207461, 37.8067549 ], [ -122.4206736, 37.806712 ], [ -122.4206241, 37.8066665 ], [ -122.4206182, 37.8066581 ], [ -122.4205887, 37.8066129 ], [ -122.4205728, 37.8065846 ], [ -122.4205556, 37.8065273 ], [ -122.4204136, 37.8058117 ], [ -122.4203967, 37.805726 ], [ -122.4203941, 37.8057134 ], [ -122.4203816, 37.8056529 ] ] } },
{ "type": "Feature", "properties": { "id": "way/144344604", "@id": "way/144344604", "area": null, "historic": null, "name": null, "railway": "tram", "landuse": null, "operator": "San Francisco Municipal Railway", "bicycle": null, "covered": null, "departures_board": null, "foot": null, "highway": null, "indoor": null, "network": "Muni", "public_transport": null, "ref": null, "surface": null, "train": null, "lit": null, "wheelchair": null, "bench": null, "bin": null, "shelter": null, "owner": "San Francisco Municipal Railway", "building": null, "disused:railway": null, "source": null, "source_ref": null, "level": null, "tactile_paving": null, "addr:city": null, "addr:housenumber": null, "addr:postcode": null, "addr:state": null, "addr:street": null, "addr:street_direction_prefix": null, "industrial": null, "building:levels": null, "height": null, "light_rail": null, "air_conditioning": null, "attribution": null, "bak:fac_type1": null, "internet_access": null, "bus": null, "tram": null, "wheelchair:description": null, "check_date": null, "passenger_information_display": null, "bridge": null, "layer": null, "check_date:lit": null, "trolleybus": null, "bearing": null, "check_date:shelter": null, "tourism": null, "access": null, "subway": null, "location": null, "tunnel": null, "motor_vehicle": null, "operator:wikidata": null, "electrified": "no", "gauge": "1067", "alt_name": null, "note": null, "note:website": null, "phone": null, "railway:position": null, "railway:ref": null, "short_name": null, "website": null, "wikidata": null, "wikipedia": null, "service": null, "length": null, "addr:housename": null, "attraction": null, "monorail": null, "horse": null, "check_date:bin": null, "tiger:county": null, "start_date": null, "check_date:bench": null, "ele": null, "lacounty:ain": null, "lacounty:bld_id": null, "usage": null, "fixme": null, "rail": null, "source:imagery": null, "description": null, "underground": null, "frequency": null, "voltage": null, "network:wikidata": null, "network:wikipedia": null, "operator:wikipedia": null, "owner:wikidata": null, "owner:wikipedia": null, "organization": null, "crossing": null, "official_name": null, "railway:proposed": null, "proposed:public_transport": null, "proposed:railway": null, "proposed:tram": null, "turntable": null, "biotic_reef:type": null, "image": null, "natural": null, "protection_title": null, "reef": null, "ruined": null, "seamark:type": null, "man_made": null, "proposed": null, "wikimedia_commons": null, "addr:country": null, "toilets:wheelchair": null, "baby_feeding": null, "station": null, "railway:preferred_direction": "forward", "oneway": null, "maxspeed": "9.5 mph", "tiger:cfcc": null, "tiger:reviewed": null, "maxspeed:freight": null, "railway:ptc": null, "railway:track_class": null, "railway:track_ref": null, "old_railway_operator": null, "railway:atc": null, "tiger:name_base": null, "railway:traffic_mode": null, "reporting_marks": null, "tunnel:name": null, "segregated": null, "sidewalk": null, "cycleway": null, "tiger:name_type": null, "passenger_lines": null, "passenger": null, "railway:preserved": null, "cycleway:left": null, "cycleway:right": null, "cycleway:right:lane": null, "lcn": null, "lanes": null, "abandoned:railway": null, "abandoned:name": null, "smoothness": null, "tracktype": null, "source:construction": null, "tiger:source": null, "tiger:tlid": null, "tiger:upload_uuid": null, "review": null, "maxspeed:backward": null, "maxspeed:forward": null, "maxspeed:freight:backward": null, "historic:name": null, "historic:operator": null, "historic:usage": null, "bridge:name": null, "operator:short": null, "embankment": null, "old_name": null, "route": null, "type": null, "cutting": null, "vta:id": null, "maxheight": null, "razed:railway": null, "cycleway:both": null, "cycleway:both:lane": null, "lane_markings": null, "name_1": null, "tiger:name_base_1": null, "tiger:name_type_1": null, "width": null, "abandoned": null, "tiger:separated": null, "incline": null, "bridge:movable": null, "bridge:wikidata": null, "bridge:wikipedia": null, "heritage": null, "heritage:operator": null, "ref:nrhp": null, "bridge_ref": null, "milepost:county": null, "source:bridge": null, "source_ref:bridge": null, "hgv": null, "demolished:railway": null, "loc_name": null, "route_ref": null, "embedded": null, "addr:county": null, "ref:lahcm": null, "construction": null, "opening_date": null, "created_by": null, "bridge:alt_name": null, "maxspeed:freight:forward": null, "name:pronunciation": null, "cable_tram": null, "ref:cpuc": null, "ref:fra_crossing": null, "flood_prone": null, "motorcycle": null, "bing": null, "railway:cbtc": null, "tunnel:alt_name": null, "ID": null, "assmntdist": null, "built": null, "finish": null, "region": null, "shape_le_1": null, "shape_len": null, "start": null, "winter": null, "highspeed": null, "crossing:markings": null, "tunnel:wikidata": null, "NHS": null, "dog": null, "bridge:structure": null, "builder": null, "line": null, "is_in:state_code": null, "demolished": null, "old_attraction_name": null, "destination:lanes": null, "hov": null, "toll": null, "toll:hov": null, "turn:lanes": null, "railway:interlaced": null, "seasonal:dry_season": null, "seasonal:wet_season": null, "removed:bridge": null, "designation": null, "razed": null, "name:es": null, "destination": null, "lift_chain": null, "source:1": null, "hov:minimum": null, "old_ref": null, "construction:electrified": null, "construction:frequency": null, "construction:railway": null, "construction:voltage": null, "FIXME": null, "abandoned:usage": null, "admin_level": null, "border_type": null, "boundary": null, "ruins:bridge": null, "own": null, "leisure": null, "ohv": null, "source:maxspeed": null, "maxspeed:passenger": null, "was:gauge": null, "was:service": null, "hgv:national_network": null, "source:hgv:national_network": null, "tiger:name_base_2": null, "tiger:name_type_2": null, "nrhp:criteria": null, "nrhp:inscription_date": null, "nrhp:nhl": null, "old_name:1927-1968": null, "ref:cli": null, "name_2": null, "mtb:scale": null, "mtb:scale:uphill": null, "trail_visibility": null, "alt_owner": null, "url": null, "construction:railway:etcs": null, "lanes:backward": null, "lanes:both_ways": null, "lanes:forward": null, "parking:lane:both": null, "turn:lanes:both_ways": null, "disused:service": null, "MAPKEY": null, "OBJECTID": null, "SHAPE_STLe": null, "sccgis:objectid": null, "miniature:scale": null, "colour": null, "turn:lanes:forward": null, "turn:lanes:backward": null, "parking:lane:right": null, "mtb:scale:imba": null, "sac_scale": null, "cycleway:left:oneway": null, "end_date": null, "bus:lanes:backward": null, "bus:lanes:forward": null, "ford": null, "parking:both": null, "parking:both:orientation": null, "historic_usage": null, "construction:maxspeed": null, "proposed:electrified": null, "proposed:frequency": null, "proposed:voltage": null, "abandoned:service": null, "destination:ref": null, "construction:name": null, "construction:network": null, "construction:operator": null, "construction:wikidata": null, "construction:wikipedia": null, "change": null, "railway:disused": null, "crossing:island": null, "source:exit": null, "source:width": null, "footway": null, "disused": null, "contact:email": null, "contact:phone": null, "contact:website": null, "group_only": null, "name:en": null, "change:forward": null, "change:backward": null, "bus:lanes": null, "trolley_wire": null, "abandoned:electrified": null, "crossing:signals": null, "maxweight:hgv": null, "maxweight:hgv:conditional": null, "maxweight:hgv_articulated": null, "razed:service": null, "demolished:bridge": null, "crossing:barrier": null, "tracks": null, "heritage:website": null, "razed:usage": null, "parking:lane:left": null, "imagery": null, "local_ref": null, "crane:type": null, "submerged": null, "construction:gauge": null, "construction:usage": null, "planned": null, "floor": null, "lastcheck": null, "end_date:railway": null, "bridge:ref": null, "not:name": null, "stroller": null, "path": null, "proposed:railway:etcs": null, "was:bridge": null, "Note": null, "name:absent": null, "construction:service": null }, "geometry": { "type": "LineString", "coordinates": [ [ -122.409756, 37.7949295 ], [ -122.409798, 37.7951465 ], [ -122.4098021, 37.7951661 ] ] } },
{ "type": "Feature", "properties": { "id": "way/144344606", "@id": "way/144344606", "area": null, "historic": null, "name": null, "railway": "tram", "landuse": null, "operator": "San Francisco Municipal Railway", "bicycle": null, "covered": null, "departures_board": null, "foot": null, "highway": null, "indoor": null, "network": "Muni", "public_transport": null, "ref": null, "surface": null, "train": null, "lit": null, "wheelchair": null, "bench": null, "bin": null, "shelter": null, "owner": "San Francisco Municipal Railway", "building": null, "disused:railway": null, "source": null, "source_ref": null, "level": null, "tactile_paving": null, "addr:city": null, "addr:housenumber": null, "addr:postcode": null, "addr:state": null, "addr:street": null, "addr:street_direction_prefix": null, "industrial": null, "building:levels": null, "height": null, "light_rail": null, "air_conditioning": null, "attribution": null, "bak:fac_type1": null, "internet_access": null, "bus": null, "tram": null, "wheelchair:description": null, "check_date": null, "passenger_information_display": null, "bridge": null, "layer": null, "check_date:lit": null, "trolleybus": null, "bearing": null, "check_date:shelter": null, "tourism": null, "access": null, "subway": null, "location": null, "tunnel": null, "motor_vehicle": null, "operator:wikidata": null, "electrified": "no", "gauge": "1067", "alt_name": null, "note": null, "note:website": null, "phone": null, "railway:position": null, "railway:ref": null, "short_name": null, "website": null, "wikidata": null, "wikipedia": null, "service": null, "length": null, "addr:housename": null, "attraction": null, "monorail": null, "horse": null, "check_date:bin": null, "tiger:county": null, "start_date": null, "check_date:bench": null, "ele": null, "lacounty:ain": null, "lacounty:bld_id": null, "usage": null, "fixme": null, "rail": null, "source:imagery": null, "description": null, "underground": null, "frequency": null, "voltage": null, "network:wikidata": null, "network:wikipedia": null, "operator:wikipedia": null, "owner:wikidata": null, "owner:wikipedia": null, "organization": null, "crossing": null, "official_name": null, "railway:proposed": null, "proposed:public_transport": null, "proposed:railway": null, "proposed:tram": null, "turntable": null, "biotic_reef:type": null, "image": null, "natural": null, "protection_title": null, "reef": null, "ruined": null, "seamark:type": null, "man_made": null, "proposed": null, "wikimedia_commons": null, "addr:country": null, "toilets:wheelchair": null, "baby_feeding": null, "station": null, "railway:preferred_direction": "forward", "oneway": null, "maxspeed": "9.5 mph", "tiger:cfcc": null, "tiger:reviewed": null, "maxspeed:freight": null, "railway:ptc": null, "railway:track_class": null, "railway:track_ref": null, "old_railway_operator": null, "railway:atc": null, "tiger:name_base": null, "railway:traffic_mode": null, "reporting_marks": null, "tunnel:name": null, "segregated": null, "sidewalk": null, "cycleway": null, "tiger:name_type": null, "passenger_lines": null, "passenger": null, "railway:preserved": null, "cycleway:left": null, "cycleway:right": null, "cycleway:right:lane": null, "lcn": null, "lanes": null, "abandoned:railway": null, "abandoned:name": null, "smoothness": null, "tracktype": null, "source:construction": null, "tiger:source": null, "tiger:tlid": null, "tiger:upload_uuid": null, "review": null, "maxspeed:backward": null, "maxspeed:forward": null, "maxspeed:freight:backward": null, "historic:name": null, "historic:operator": null, "historic:usage": null, "bridge:name": null, "operator:short": null, "embankment": null, "old_name": null, "route": null, "type": null, "cutting": null, "vta:id": null, "maxheight": null, "razed:railway": null, "cycleway:both": null, "cycleway:both:lane": null, "lane_markings": null, "name_1": null, "tiger:name_base_1": null, "tiger:name_type_1": null, "width": null, "abandoned": null, "tiger:separated": null, "incline": null, "bridge:movable": null, "bridge:wikidata": null, "bridge:wikipedia": null, "heritage": null, "heritage:operator": null, "ref:nrhp": null, "bridge_ref": null, "milepost:county": null, "source:bridge": null, "source_ref:bridge": null, "hgv": null, "demolished:railway": null, "loc_name": null, "route_ref": null, "embedded": null, "addr:county": null, "ref:lahcm": null, "construction": null, "opening_date": null, "created_by": null, "bridge:alt_name": null, "maxspeed:freight:forward": null, "name:pronunciation": null, "cable_tram": "cable", "ref:cpuc": null, "ref:fra_crossing": null, "flood_prone": null, "motorcycle": null, "bing": null, "railway:cbtc": null, "tunnel:alt_name": null, "ID": null, "assmntdist": null, "built": null, "finish": null, "region": null, "shape_le_1": null, "shape_len": null, "start": null, "winter": null, "highspeed": null, "crossing:markings": null, "tunnel:wikidata": null, "NHS": null, "dog": null, "bridge:structure": null, "builder": null, "line": null, "is_in:state_code": null, "demolished": null, "old_attraction_name": null, "destination:lanes": null, "hov": null, "toll": null, "toll:hov": null, "turn:lanes": null, "railway:interlaced": null, "seasonal:dry_season": null, "seasonal:wet_season": null, "removed:bridge": null, "designation": null, "razed": null, "name:es": null, "destination": null, "lift_chain": null, "source:1": null, "hov:minimum": null, "old_ref": null, "construction:electrified": null, "construction:frequency": null, "construction:railway": null, "construction:voltage": null, "FIXME": null, "abandoned:usage": null, "admin_level": null, "border_type": null, "boundary": null, "ruins:bridge": null, "own": null, "leisure": null, "ohv": null, "source:maxspeed": null, "maxspeed:passenger": null, "was:gauge": null, "was:service": null, "hgv:national_network": null, "source:hgv:national_network": null, "tiger:name_base_2": null, "tiger:name_type_2": null, "nrhp:criteria": null, "nrhp:inscription_date": null, "nrhp:nhl": null, "old_name:1927-1968": null, "ref:cli": null, "name_2": null, "mtb:scale": null, "mtb:scale:uphill": null, "trail_visibility": null, "alt_owner": null, "url": null, "construction:railway:etcs": null, "lanes:backward": null, "lanes:both_ways": null, "lanes:forward": null, "parking:lane:both": null, "turn:lanes:both_ways": null, "disused:service": null, "MAPKEY": null, "OBJECTID": null, "SHAPE_STLe": null, "sccgis:objectid": null, "miniature:scale": null, "colour": null, "turn:lanes:forward": null, "turn:lanes:backward": null, "parking:lane:right": null, "mtb:scale:imba": null, "sac_scale": null, "cycleway:left:oneway": null, "end_date": null, "bus:lanes:backward": null, "bus:lanes:forward": null, "ford": null, "parking:both": null, "parking:both:orientation": null, "historic_usage": null, "construction:maxspeed": null, "proposed:electrified": null, "proposed:frequency": null, "proposed:voltage": null, "abandoned:service": null, "destination:ref": null, "construction:name": null, "construction:network": null, "construction:operator": null, "construction:wikidata": null, "construction:wikipedia": null, "change": null, "railway:disused": null, "crossing:island": null, "source:exit": null, "source:width": null, "footway": null, "disused": null, "contact:email": null, "contact:phone": null, "contact:website": null, "group_only": null, "name:en": null, "change:forward": null, "change:backward": null, "bus:lanes": null, "trolley_wire": null, "abandoned:electrified": null, "crossing:signals": null, "maxweight:hgv": null, "maxweight:hgv:conditional": null, "maxweight:hgv_articulated": null, "razed:service": null, "demolished:bridge": null, "crossing:barrier": null, "tracks": null, "heritage:website": null, "razed:usage": null, "parking:lane:left": null, "imagery": null, "local_ref": null, "crane:type": null, "submerged": null, "construction:gauge": null, "construction:usage": null, "planned": null, "floor": null, "lastcheck": null, "end_date:railway": null, "bridge:ref": null, "not:name": null, "stroller": null, "path": null, "proposed:railway:etcs": null, "was:bridge": null, "Note": null, "name:absent": null, "construction:service": null }, "geometry": { "type": "LineString", "coordinates": [ [ -122.4078365, 37.7854237 ], [ -122.4078521, 37.7855024 ], [ -122.4078676, 37.7855809 ], [ -122.408011, 37.7863076 ], [ -122.4080177, 37.7863433 ], [ -122.408023, 37.7863665 ], [ -122.4080355, 37.7864365 ], [ -122.4080525, 37.7865124 ], [ -122.4080605, 37.7865486 ], [ -122.408198, 37.7872216 ], [ -122.4082128, 37.7872965 ], [ -122.4082287, 37.7873737 ], [ -122.4082467, 37.7874608 ], [ -122.4083263, 37.7878601 ], [ -122.4083653, 37.788056 ], [ -122.408386, 37.7881636 ], [ -122.4084003, 37.7882174 ], [ -122.4084113, 37.7882712 ], [ -122.4084149, 37.7882888 ], [ -122.4084163, 37.7882953 ], [ -122.4084335, 37.7883787 ], [ -122.40857, 37.7890828 ], [ -122.4085835, 37.789146 ], [ -122.4085992, 37.789231 ], [ -122.4086056, 37.7892619 ], [ -122.4086181, 37.7893236 ], [ -122.4087736, 37.7900887 ], [ -122.4087875, 37.7901645 ], [ -122.408793, 37.7901938 ], [ -122.4088059, 37.7902546 ], [ -122.4089641, 37.7910204 ], [ -122.4089774, 37.7910951 ], [ -122.408978, 37.7911016 ], [ -122.4089951, 37.7911869 ], [ -122.4091471, 37.7919549 ], [ -122.4091526, 37.7919826 ] ] } },
{ "type": "Feature", "properties": { "id": "way/144344607", "@id": "way/144344607", "area": null, "historic": null, "name": null, "railway": "tram", "landuse": null, "operator": "San Francisco Municipal Railway", "bicycle": null, "covered": null, "departures_board": null, "foot": null, "highway": null, "indoor": null, "network": "Muni", "public_transport": null, "ref": null, "surface": null, "train": null, "lit": null, "wheelchair": null, "bench": null, "bin": null, "shelter": null, "owner": "San Francisco Municipal Railway", "building": null, "disused:railway": null, "source": null, "source_ref": null, "level": null, "tactile_paving": null, "addr:city": null, "addr:housenumber": null, "addr:postcode": null, "addr:state": null, "addr:street": null, "addr:street_direction_prefix": null, "industrial": null, "building:levels": null, "height": null, "light_rail": null, "air_conditioning": null, "attribution": null, "bak:fac_type1": null, "internet_access": null, "bus": null, "tram": null, "wheelchair:description": null, "check_date": null, "passenger_information_display": null, "bridge": null, "layer": null, "check_date:lit": null, "trolleybus": null, "bearing": null, "check_date:shelter": null, "tourism": null, "access": null, "subway": null, "location": null, "tunnel": null, "motor_vehicle": null, "operator:wikidata": null, "electrified": "no", "gauge": "1067", "alt_name": null, "note": null, "note:website": null, "phone": null, "railway:position": null, "railway:ref": null, "short_name": null, "website": null, "wikidata": null, "wikipedia": null, "service": null, "length": null, "addr:housename": null, "attraction": null, "monorail": null, "horse": null, "check_date:bin": null, "tiger:county": null, "start_date": null, "check_date:bench": null, "ele": null, "lacounty:ain": null, "lacounty:bld_id": null, "usage": null, "fixme": null, "rail": null, "source:imagery": null, "description": null, "underground": null, "frequency": null, "voltage": null, "network:wikidata": null, "network:wikipedia": null, "operator:wikipedia": null, "owner:wikidata": null, "owner:wikipedia": null, "organization": null, "crossing": null, "official_name": null, "railway:proposed": null, "proposed:public_transport": null, "proposed:railway": null, "proposed:tram": null, "turntable": null, "biotic_reef:type": null, "image": null, "natural": null, "protection_title": null, "reef": null, "ruined": null, "seamark:type": null, "man_made": null, "proposed": null, "wikimedia_commons": null, "addr:country": null, "toilets:wheelchair": null, "baby_feeding": null, "station": null, "railway:preferred_direction": "forward", "oneway": null, "maxspeed": "9.5 mph", "tiger:cfcc": null, "tiger:reviewed": null, "maxspeed:freight": null, "railway:ptc": null, "railway:track_class": null, "railway:track_ref": null, "old_railway_operator": null, "railway:atc": null, "tiger:name_base": null, "railway:traffic_mode": null, "reporting_marks": null, "tunnel:name": null, "segregated": null, "sidewalk": null, "cycleway": null, "tiger:name_type": null, "passenger_lines": null, "passenger": null, "railway:preserved": null, "cycleway:left": null, "cycleway:right": null, "cycleway:right:lane": null, "lcn": null, "lanes": null, "abandoned:railway": null, "abandoned:name": null, "smoothness": null, "tracktype": null, "source:construction": null, "tiger:source": null, "tiger:tlid": null, "tiger:upload_uuid": null, "review": null, "maxspeed:backward": null, "maxspeed:forward": null, "maxspeed:freight:backward": null, "historic:name": null, "historic:operator": null, "historic:usage": null, "bridge:name": null, "operator:short": null, "embankment": null, "old_name": null, "route": null, "type": null, "cutting": null, "vta:id": null, "maxheight": null, "razed:railway": null, "cycleway:both": null, "cycleway:both:lane": null, "lane_markings": null, "name_1": null, "tiger:name_base_1": null, "tiger:name_type_1": null, "width": null, "abandoned": null, "tiger:separated": null, "incline": null, "bridge:movable": null, "bridge:wikidata": null, "bridge:wikipedia": null, "heritage": null, "heritage:operator": null, "ref:nrhp": null, "bridge_ref": null, "milepost:county": null, "source:bridge": null, "source_ref:bridge": null, "hgv": null, "demolished:railway": null, "loc_name": null, "route_ref": null, "embedded": null, "addr:county": null, "ref:lahcm": null, "construction": null, "opening_date": null, "created_by": null, "bridge:alt_name": null, "maxspeed:freight:forward": null, "name:pronunciation": null, "cable_tram": "cable", "ref:cpuc": null, "ref:fra_crossing": null, "flood_prone": null, "motorcycle": null, "bing": null, "railway:cbtc": null, "tunnel:alt_name": null, "ID": null, "assmntdist": null, "built": null, "finish": null, "region": null, "shape_le_1": null, "shape_len": null, "start": null, "winter": null, "highspeed": null, "crossing:markings": null, "tunnel:wikidata": null, "NHS": null, "dog": null, "bridge:structure": null, "builder": null, "line": null, "is_in:state_code": null, "demolished": null, "old_attraction_name": null, "destination:lanes": null, "hov": null, "toll": null, "toll:hov": null, "turn:lanes": null, "railway:interlaced": null, "seasonal:dry_season": null, "seasonal:wet_season": null, "removed:bridge": null, "designation": null, "razed": null, "name:es": null, "destination": null, "lift_chain": null, "source:1": null, "hov:minimum": null, "old_ref": null, "construction:electrified": null, "construction:frequency": null, "construction:railway": null, "construction:voltage": null, "FIXME": null, "abandoned:usage": null, "admin_level": null, "border_type": null, "boundary": null, "ruins:bridge": null, "own": null, "leisure": null, "ohv": null, "source:maxspeed": null, "maxspeed:passenger": null, "was:gauge": null, "was:service": null, "hgv:national_network": null, "source:hgv:national_network": null, "tiger:name_base_2": null, "tiger:name_type_2": null, "nrhp:criteria": null, "nrhp:inscription_date": null, "nrhp:nhl": null, "old_name:1927-1968": null, "ref:cli": null, "name_2": null, "mtb:scale": null, "mtb:scale:uphill": null, "trail_visibility": null, "alt_owner": null, "url": null, "construction:railway:etcs": null, "lanes:backward": null, "lanes:both_ways": null, "lanes:forward": null, "parking:lane:both": null, "turn:lanes:both_ways": null, "disused:service": null, "MAPKEY": null, "OBJECTID": null, "SHAPE_STLe": null, "sccgis:objectid": null, "miniature:scale": null, "colour": null, "turn:lanes:forward": null, "turn:lanes:backward": null, "parking:lane:right": null, "mtb:scale:imba": null, "sac_scale": null, "cycleway:left:oneway": null, "end_date": null, "bus:lanes:backward": null, "bus:lanes:forward": null, "ford": null, "parking:both": null, "parking:both:orientation": null, "historic_usage": null, "construction:maxspeed": null, "proposed:electrified": null, "proposed:frequency": null, "proposed:voltage": null, "abandoned:service": null, "destination:ref": null, "construction:name": null, "construction:network": null, "construction:operator": null, "construction:wikidata": null, "construction:wikipedia": null, "change": null, "railway:disused": null, "crossing:island": null, "source:exit": null, "source:width": null, "footway": null, "disused": null, "contact:email": null, "contact:phone": null, "contact:website": null, "group_only": null, "name:en": null, "change:forward": null, "change:backward": null, "bus:lanes": null, "trolley_wire": null, "abandoned:electrified": null, "crossing:signals": null, "maxweight:hgv": null, "maxweight:hgv:conditional": null, "maxweight:hgv_articulated": null, "razed:service": null, "demolished:bridge": null, "crossing:barrier": null, "tracks": null, "heritage:website": null, "razed:usage": null, "parking:lane:left": null, "imagery": null, "local_ref": null, "crane:type": null, "submerged": null, "construction:gauge": null, "construction:usage": null, "planned": null, "floor": null, "lastcheck": null, "end_date:railway": null, "bridge:ref": null, "not:name": null, "stroller": null, "path": null, "proposed:railway:etcs": null, "was:bridge": null, "Note": null, "name:absent": null, "construction:service": null }, "geometry": { "type": "LineString", "coordinates": [ [ -122.409189, 37.7919797 ], [ -122.4091834, 37.7919503 ], [ -122.4090362, 37.7911822 ], [ -122.4090161, 37.7910902 ], [ -122.409015, 37.7910886 ], [ -122.4089999, 37.7910163 ], [ -122.408961, 37.7908118 ], [ -122.4088395, 37.7902503 ], [ -122.408825, 37.7901854 ], [ -122.4088199, 37.7901604 ], [ -122.4088046, 37.7900848 ], [ -122.408652, 37.7893194 ], [ -122.4086397, 37.7892579 ], [ -122.4086335, 37.7892266 ], [ -122.4086165, 37.7891419 ], [ -122.408595, 37.7890377 ], [ -122.408474, 37.7884098 ], [ -122.4084663, 37.7883748 ], [ -122.4084492, 37.7882911 ], [ -122.4084347, 37.7882186 ], [ -122.408283, 37.7874691 ], [ -122.4082798, 37.7874514 ], [ -122.4082629, 37.7873672 ], [ -122.4082477, 37.7872917 ], [ -122.408094, 37.7865507 ], [ -122.4080936, 37.7865444 ], [ -122.4080858, 37.786508 ], [ -122.4080717, 37.7864319 ], [ -122.4080562, 37.7863621 ], [ -122.4080487, 37.7863193 ], [ -122.4079003, 37.7855764 ], [ -122.4078848, 37.7854982 ], [ -122.4078695, 37.7854196 ] ] } },
{ "type": "Feature", "properties": { "id": "way/144346225", "@id": "way/144346225", "area": null, "historic": null, "name": null, "railway": "tram", "landuse": null, "operator": "San Francisco Municipal Railway", "bicycle": null, "covered": null, "departures_board": null, "foot": null, "highway": null, "indoor": null, "network": "Muni", "public_transport": null, "ref": null, "surface": null, "train": null, "lit": null, "wheelchair": null, "bench": null, "bin": null, "shelter": null, "owner": "San Francisco Municipal Railway", "building": null, "disused:railway": null, "source": null, "source_ref": null, "level": null, "tactile_paving": null, "addr:city": null, "addr:housenumber": null, "addr:postcode": null, "addr:state": null, "addr:street": null, "addr:street_direction_prefix": null, "industrial": null, "building:levels": null, "height": null, "light_rail": null, "air_conditioning": null, "attribution": null, "bak:fac_type1": null, "internet_access": null, "bus": null, "tram": null, "wheelchair:description": null, "check_date": null, "passenger_information_display": null, "bridge": null, "layer": null, "check_date:lit": null, "trolleybus": null, "bearing": null, "check_date:shelter": null, "tourism": null, "access": null, "subway": null, "location": null, "tunnel": null, "motor_vehicle": null, "operator:wikidata": null, "electrified": "no", "gauge": "1067", "alt_name": null, "note": null, "note:website": null, "phone": null, "railway:position": null, "railway:ref": null, "short_name": null, "website": null, "wikidata": null, "wikipedia": null, "service": null, "length": null, "addr:housename": null, "attraction": null, "monorail": null, "horse": null, "check_date:bin": null, "tiger:county": null, "start_date": null, "check_date:bench": null, "ele": null, "lacounty:ain": null, "lacounty:bld_id": null, "usage": null, "fixme": null, "rail": null, "source:imagery": null, "description": null, "underground": null, "frequency": null, "voltage": null, "network:wikidata": null, "network:wikipedia": null, "operator:wikipedia": null, "owner:wikidata": null, "owner:wikipedia": null, "organization": null, "crossing": null, "official_name": null, "railway:proposed": null, "proposed:public_transport": null, "proposed:railway": null, "proposed:tram": null, "turntable": null, "biotic_reef:type": null, "image": null, "natural": null, "protection_title": null, "reef": null, "ruined": null, "seamark:type": null, "man_made": null, "proposed": null, "wikimedia_commons": null, "addr:country": null, "toilets:wheelchair": null, "baby_feeding": null, "station": null, "railway:preferred_direction": "forward", "oneway": null, "maxspeed": "9.5 mph", "tiger:cfcc": null, "tiger:reviewed": null, "maxspeed:freight": null, "railway:ptc": null, "railway:track_class": null, "railway:track_ref": null, "old_railway_operator": null, "railway:atc": null, "tiger:name_base": null, "railway:traffic_mode": null, "reporting_marks": null, "tunnel:name": null, "segregated": null, "sidewalk": null, "cycleway": null, "tiger:name_type": null, "passenger_lines": null, "passenger": null, "railway:preserved": null, "cycleway:left": null, "cycleway:right": null, "cycleway:right:lane": null, "lcn": null, "lanes": null, "abandoned:railway": null, "abandoned:name": null, "smoothness": null, "tracktype": null, "source:construction": null, "tiger:source": null, "tiger:tlid": null, "tiger:upload_uuid": null, "review": null, "maxspeed:backward": null, "maxspeed:forward": null, "maxspeed:freight:backward": null, "historic:name": null, "historic:operator": null, "historic:usage": null, "bridge:name": null, "operator:short": null, "embankment": null, "old_name": null, "route": null, "type": null, "cutting": null, "vta:id": null, "maxheight": null, "razed:railway": null, "cycleway:both": null, "cycleway:both:lane": null, "lane_markings": null, "name_1": null, "tiger:name_base_1": null, "tiger:name_type_1": null, "width": null, "abandoned": null, "tiger:separated": null, "incline": null, "bridge:movable": null, "bridge:wikidata": null, "bridge:wikipedia": null, "heritage": null, "heritage:operator": null, "ref:nrhp": null, "bridge_ref": null, "milepost:county": null, "source:bridge": null, "source_ref:bridge": null, "hgv": null, "demolished:railway": null, "loc_name": null, "route_ref": null, "embedded": null, "addr:county": null, "ref:lahcm": null, "construction": null, "opening_date": null, "created_by": null, "bridge:alt_name": null, "maxspeed:freight:forward": null, "name:pronunciation": null, "cable_tram": "cable", "ref:cpuc": null, "ref:fra_crossing": null, "flood_prone": null, "motorcycle": null, "bing": null, "railway:cbtc": null, "tunnel:alt_name": null, "ID": null, "assmntdist": null, "built": null, "finish": null, "region": null, "shape_le_1": null, "shape_len": null, "start": null, "winter": null, "highspeed": null, "crossing:markings": null, "tunnel:wikidata": null, "NHS": null, "dog": null, "bridge:structure": null, "builder": null, "line": null, "is_in:state_code": null, "demolished": null, "old_attraction_name": null, "destination:lanes": null, "hov": null, "toll": null, "toll:hov": null, "turn:lanes": null, "railway:interlaced": null, "seasonal:dry_season": null, "seasonal:wet_season": null, "removed:bridge": null, "designation": null, "razed": null, "name:es": null, "destination": null, "lift_chain": null, "source:1": null, "hov:minimum": null, "old_ref": null, "construction:electrified": null, "construction:frequency": null, "construction:railway": null, "construction:voltage": null, "FIXME": null, "abandoned:usage": null, "admin_level": null, "border_type": null, "boundary": null, "ruins:bridge": null, "own": null, "leisure": null, "ohv": null, "source:maxspeed": null, "maxspeed:passenger": null, "was:gauge": null, "was:service": null, "hgv:national_network": null, "source:hgv:national_network": null, "tiger:name_base_2": null, "tiger:name_type_2": null, "nrhp:criteria": null, "nrhp:inscription_date": null, "nrhp:nhl": null, "old_name:1927-1968": null, "ref:cli": null, "name_2": null, "mtb:scale": null, "mtb:scale:uphill": null, "trail_visibility": null, "alt_owner": null, "url": null, "construction:railway:etcs": null, "lanes:backward": null, "lanes:both_ways": null, "lanes:forward": null, "parking:lane:both": null, "turn:lanes:both_ways": null, "disused:service": null, "MAPKEY": null, "OBJECTID": null, "SHAPE_STLe": null, "sccgis:objectid": null, "miniature:scale": null, "colour": null, "turn:lanes:forward": null, "turn:lanes:backward": null, "parking:lane:right": null, "mtb:scale:imba": null, "sac_scale": null, "cycleway:left:oneway": null, "end_date": null, "bus:lanes:backward": null, "bus:lanes:forward": null, "ford": null, "parking:both": null, "parking:both:orientation": null, "historic_usage": null, "construction:maxspeed": null, "proposed:electrified": null, "proposed:frequency": null, "proposed:voltage": null, "abandoned:service": null, "destination:ref": null, "construction:name": null, "construction:network": null, "construction:operator": null, "construction:wikidata": null, "construction:wikipedia": null, "change": null, "railway:disused": null, "crossing:island": null, "source:exit": null, "source:width": null, "footway": null, "disused": null, "contact:email": null, "contact:phone": null, "contact:website": null, "group_only": null, "name:en": null, "change:forward": null, "change:backward": null, "bus:lanes": null, "trolley_wire": null, "abandoned:electrified": null, "crossing:signals": null, "maxweight:hgv": null, "maxweight:hgv:conditional": null, "maxweight:hgv_articulated": null, "razed:service": null, "demolished:bridge": null, "crossing:barrier": null, "tracks": null, "heritage:website": null, "razed:usage": null, "parking:lane:left": null, "imagery": null, "local_ref": null, "crane:type": null, "submerged": null, "construction:gauge": null, "construction:usage": null, "planned": null, "floor": null, "lastcheck": null, "end_date:railway": null, "bridge:ref": null, "not:name": null, "stroller": null, "path": null, "proposed:railway:etcs": null, "was:bridge": null, "Note": null, "name:absent": null, "construction:service": null }, "geometry": { "type": "LineString", "coordinates": [ [ -122.418006, 37.7938571 ], [ -122.4179945, 37.7938184 ], [ -122.4179843, 37.7937971 ], [ -122.417972, 37.7937831 ], [ -122.4179675, 37.7937779 ], [ -122.4179458, 37.7937593 ], [ -122.4179302, 37.7937514 ], [ -122.4179156, 37.7937441 ], [ -122.4178792, 37.7937314 ], [ -122.4178632, 37.7937271 ], [ -122.4178475, 37.7937229 ], [ -122.4178053, 37.7937179 ], [ -122.4177627, 37.7937158 ], [ -122.4177145, 37.793719 ], [ -122.4175314, 37.7937435 ], [ -122.4164103, 37.793893 ], [ -122.416311, 37.7939065 ], [ -122.4163, 37.7939078 ], [ -122.4162195, 37.7939185 ], [ -122.4156795, 37.7939896 ], [ -122.4147673, 37.79411 ], [ -122.414717, 37.7941166 ], [ -122.4146646, 37.7941231 ], [ -122.4145792, 37.7941333 ], [ -122.4131155, 37.794308 ], [ -122.413037, 37.7943174 ], [ -122.41302, 37.7943194 ], [ -122.4129382, 37.7943287 ], [ -122.4119816, 37.7944474 ], [ -122.4117758, 37.7944724 ], [ -122.4117591, 37.7944743 ] ] } },
{ "type": "Feature", "properties": { "id": "way/144346227", "@id": "way/144346227", "area": null, "historic": null, "name": null, "railway": "tram", "landuse": null, "operator": "San Francisco Municipal Railway", "bicycle": null, "covered": null, "departures_board": null, "foot": null, "highway": null, "indoor": null, "network": "Muni", "public_transport": null, "ref": null, "surface": null, "train": null, "lit": null, "wheelchair": null, "bench": null, "bin": null, "shelter": null, "owner": "San Francisco Municipal Railway", "building": null, "disused:railway": null, "source": null, "source_ref": null, "level": null, "tactile_paving": null, "addr:city": null, "addr:housenumber": null, "addr:postcode": null, "addr:state": null, "addr:street": null, "addr:street_direction_prefix": null, "industrial": null, "building:levels": null, "height": null, "light_rail": null, "air_conditioning": null, "attribution": null, "bak:fac_type1": null, "internet_access": null, "bus": null, "tram": null, "wheelchair:description": null, "check_date": null, "passenger_information_display": null, "bridge": null, "layer": null, "check_date:lit": null, "trolleybus": null, "bearing": null, "check_date:shelter": null, "tourism": null, "access": null, "subway": null, "location": null, "tunnel": null, "motor_vehicle": null, "operator:wikidata": null, "electrified": "no", "gauge": "1067", "alt_name": null, "note": null, "note:website": null, "phone": null, "railway:position": null, "railway:ref": null, "short_name": null, "website": null, "wikidata": null, "wikipedia": null, "service": null, "length": null, "addr:housename": null, "attraction": null, "monorail": null, "horse": null, "check_date:bin": null, "tiger:county": null, "start_date": null, "check_date:bench": null, "ele": null, "lacounty:ain": null, "lacounty:bld_id": null, "usage": null, "fixme": null, "rail": null, "source:imagery": null, "description": null, "underground": null, "frequency": null, "voltage": null, "network:wikidata": null, "network:wikipedia": null, "operator:wikipedia": null, "owner:wikidata": null, "owner:wikipedia": null, "organization": null, "crossing": null, "official_name": null, "railway:proposed": null, "proposed:public_transport": null, "proposed:railway": null, "proposed:tram": null, "turntable": null, "biotic_reef:type": null, "image": null, "natural": null, "protection_title": null, "reef": null, "ruined": null, "seamark:type": null, "man_made": null, "proposed": null, "wikimedia_commons": null, "addr:country": null, "toilets:wheelchair": null, "baby_feeding": null, "station": null, "railway:preferred_direction": "forward", "oneway": null, "maxspeed": "9.5 mph", "tiger:cfcc": null, "tiger:reviewed": null, "maxspeed:freight": null, "railway:ptc": null, "railway:track_class": null, "railway:track_ref": null, "old_railway_operator": null, "railway:atc": null, "tiger:name_base": null, "railway:traffic_mode": null, "reporting_marks": null, "tunnel:name": null, "segregated": null, "sidewalk": null, "cycleway": null, "tiger:name_type": null, "passenger_lines": null, "passenger": null, "railway:preserved": null, "cycleway:left": null, "cycleway:right": null, "cycleway:right:lane": null, "lcn": null, "lanes": null, "abandoned:railway": null, "abandoned:name": null, "smoothness": null, "tracktype": null, "source:construction": null, "tiger:source": null, "tiger:tlid": null, "tiger:upload_uuid": null, "review": null, "maxspeed:backward": null, "maxspeed:forward": null, "maxspeed:freight:backward": null, "historic:name": null, "historic:operator": null, "historic:usage": null, "bridge:name": null, "operator:short": null, "embankment": null, "old_name": null, "route": null, "type": null, "cutting": null, "vta:id": null, "maxheight": null, "razed:railway": null, "cycleway:both": null, "cycleway:both:lane": null, "lane_markings": null, "name_1": null, "tiger:name_base_1": null, "tiger:name_type_1": null, "width": null, "abandoned": null, "tiger:separated": null, "incline": null, "bridge:movable": null, "bridge:wikidata": null, "bridge:wikipedia": null, "heritage": null, "heritage:operator": null, "ref:nrhp": null, "bridge_ref": null, "milepost:county": null, "source:bridge": null, "source_ref:bridge": null, "hgv": null, "demolished:railway": null, "loc_name": null, "route_ref": null, "embedded": null, "addr:county": null, "ref:lahcm": null, "construction": null, "opening_date": null, "created_by": null, "bridge:alt_name": null, "maxspeed:freight:forward": null, "name:pronunciation": null, "cable_tram": "cable", "ref:cpuc": null, "ref:fra_crossing": null, "flood_prone": null, "motorcycle": null, "bing": null, "railway:cbtc": null, "tunnel:alt_name": null, "ID": null, "assmntdist": null, "built": null, "finish": null, "region": null, "shape_le_1": null, "shape_len": null, "start": null, "winter": null, "highspeed": null, "crossing:markings": null, "tunnel:wikidata": null, "NHS": null, "dog": null, "bridge:structure": null, "builder": null, "line": null, "is_in:state_code": null, "demolished": null, "old_attraction_name": null, "destination:lanes": null, "hov": null, "toll": null, "toll:hov": null, "turn:lanes": null, "railway:interlaced": null, "seasonal:dry_season": null, "seasonal:wet_season": null, "removed:bridge": null, "designation": null, "razed": null, "name:es": null, "destination": null, "lift_chain": null, "source:1": null, "hov:minimum": null, "old_ref": null, "construction:electrified": null, "construction:frequency": null, "construction:railway": null, "construction:voltage": null, "FIXME": null, "abandoned:usage": null, "admin_level": null, "border_type": null, "boundary": null, "ruins:bridge": null, "own": null, "leisure": null, "ohv": null, "source:maxspeed": null, "maxspeed:passenger": null, "was:gauge": null, "was:service": null, "hgv:national_network": null, "source:hgv:national_network": null, "tiger:name_base_2": null, "tiger:name_type_2": null, "nrhp:criteria": null, "nrhp:inscription_date": null, "nrhp:nhl": null, "old_name:1927-1968": null, "ref:cli": null, "name_2": null, "mtb:scale": null, "mtb:scale:uphill": null, "trail_visibility": null, "alt_owner": null, "url": null, "construction:railway:etcs": null, "lanes:backward": null, "lanes:both_ways": null, "lanes:forward": null, "parking:lane:both": null, "turn:lanes:both_ways": null, "disused:service": null, "MAPKEY": null, "OBJECTID": null, "SHAPE_STLe": null, "sccgis:objectid": null, "miniature:scale": null, "colour": null, "turn:lanes:forward": null, "turn:lanes:backward": null, "parking:lane:right": null, "mtb:scale:imba": null, "sac_scale": null, "cycleway:left:oneway": null, "end_date": null, "bus:lanes:backward": null, "bus:lanes:forward": null, "ford": null, "parking:both": null, "parking:both:orientation": null, "historic_usage": null, "construction:maxspeed": null, "proposed:electrified": null, "proposed:frequency": null, "proposed:voltage": null, "abandoned:service": null, "destination:ref": null, "construction:name": null, "construction:network": null, "construction:operator": null, "construction:wikidata": null, "construction:wikipedia": null, "change": null, "railway:disused": null, "crossing:island": null, "source:exit": null, "source:width": null, "footway": null, "disused": null, "contact:email": null, "contact:phone": null, "contact:website": null, "group_only": null, "name:en": null, "change:forward": null, "change:backward": null, "bus:lanes": null, "trolley_wire": null, "abandoned:electrified": null, "crossing:signals": null, "maxweight:hgv": null, "maxweight:hgv:conditional": null, "maxweight:hgv_articulated": null, "razed:service": null, "demolished:bridge": null, "crossing:barrier": null, "tracks": null, "heritage:website": null, "razed:usage": null, "parking:lane:left": null, "imagery": null, "local_ref": null, "crane:type": null, "submerged": null, "construction:gauge": null, "construction:usage": null, "planned": null, "floor": null, "lastcheck": null, "end_date:railway": null, "bridge:ref": null, "not:name": null, "stroller": null, "path": null, "proposed:railway:etcs": null, "was:bridge": null, "Note": null, "name:absent": null, "construction:service": null }, "geometry": { "type": "LineString", "coordinates": [ [ -122.4203816, 37.8056529 ], [ -122.4203035, 37.8052555 ], [ -122.4202303, 37.8048884 ], [ -122.4202126, 37.8047988 ], [ -122.4202107, 37.8047874 ], [ -122.420197, 37.8047194 ], [ -122.4200987, 37.8042321 ], [ -122.4198529, 37.8030134 ], [ -122.4198335, 37.802917 ], [ -122.4198275, 37.8028839 ], [ -122.419823, 37.8028623 ], [ -122.4196597, 37.8020735 ], [ -122.4196435, 37.801995 ], [ -122.419629, 37.801929 ], [ -122.419621, 37.8018859 ], [ -122.4194767, 37.8011438 ], [ -122.419461, 37.8010658 ], [ -122.419452, 37.8010247 ], [ -122.4194491, 37.8010074 ], [ -122.4193025, 37.8002834 ], [ -122.419295, 37.8002488 ], [ -122.4192895, 37.8002179 ], [ -122.419273, 37.8001373 ], [ -122.4192584, 37.8000653 ], [ -122.4191403, 37.7994813 ], [ -122.419109, 37.7993295 ], [ -122.4191005, 37.7992854 ], [ -122.4190839, 37.7992027 ], [ -122.4190696, 37.7991321 ], [ -122.4189881, 37.7987291 ], [ -122.418922, 37.7984019 ], [ -122.4189125, 37.798356 ], [ -122.4188954, 37.7982711 ], [ -122.4188821, 37.7982054 ], [ -122.41873, 37.7974568 ], [ -122.4187237, 37.797425 ], [ -122.4187067, 37.7973409 ], [ -122.4186927, 37.797272 ], [ -122.418555, 37.7965931 ], [ -122.418541, 37.7965201 ], [ -122.4185391, 37.7965101 ], [ -122.4185374, 37.7965025 ], [ -122.418526, 37.7964422 ], [ -122.418519, 37.7964061 ], [ -122.4185178, 37.7964 ] ] } },
{ "type": "Feature", "properties": { "id": "way/144346228", "@id": "way/144346228", "area": null, "historic": null, "name": null, "railway": "tram", "landuse": null, "operator": "San Francisco Municipal Railway", "bicycle": null, "covered": null, "departures_board": null, "foot": null, "highway": null, "indoor": null, "network": "Muni", "public_transport": null, "ref": null, "surface": null, "train": null, "lit": null, "wheelchair": null, "bench": null, "bin": null, "shelter": null, "owner": "San Francisco Municipal Railway", "building": null, "disused:railway": null, "source": null, "source_ref": null, "level": null, "tactile_paving": null, "addr:city": null, "addr:housenumber": null, "addr:postcode": null, "addr:state": null, "addr:street": null, "addr:street_direction_prefix": null, "industrial": null, "building:levels": null, "height": null, "light_rail": null, "air_conditioning": null, "attribution": null, "bak:fac_type1": null, "internet_access": null, "bus": null, "tram": null, "wheelchair:description": null, "check_date": null, "passenger_information_display": null, "bridge": null, "layer": null, "check_date:lit": null, "trolleybus": null, "bearing": null, "check_date:shelter": null, "tourism": null, "access": null, "subway": null, "location": null, "tunnel": null, "motor_vehicle": null, "operator:wikidata": null, "electrified": "no", "gauge": "1067", "alt_name": null, "note": null, "note:website": null, "phone": null, "railway:position": null, "railway:ref": null, "short_name": null, "website": null, "wikidata": null, "wikipedia": null, "service": null, "length": null, "addr:housename": null, "attraction": null, "monorail": null, "horse": null, "check_date:bin": null, "tiger:county": null, "start_date": null, "check_date:bench": null, "ele": null, "lacounty:ain": null, "lacounty:bld_id": null, "usage": null, "fixme": null, "rail": null, "source:imagery": null, "description": null, "underground": null, "frequency": null, "voltage": null, "network:wikidata": null, "network:wikipedia": null, "operator:wikipedia": null, "owner:wikidata": null, "owner:wikipedia": null, "organization": null, "crossing": null, "official_name": null, "railway:proposed": null, "proposed:public_transport": null, "proposed:railway": null, "proposed:tram": null, "turntable": null, "biotic_reef:type": null, "image": null, "natural": null, "protection_title": null, "reef": null, "ruined": null, "seamark:type": null, "man_made": null, "proposed": null, "wikimedia_commons": null, "addr:country": null, "toilets:wheelchair": null, "baby_feeding": null, "station": null, "railway:preferred_direction": "forward", "oneway": null, "maxspeed": "9.5 mph", "tiger:cfcc": null, "tiger:reviewed": null, "maxspeed:freight": null, "railway:ptc": null, "railway:track_class": null, "railway:track_ref": null, "old_railway_operator": null, "railway:atc": null, "tiger:name_base": null, "railway:traffic_mode": null, "reporting_marks": null, "tunnel:name": null, "segregated": null, "sidewalk": null, "cycleway": null, "tiger:name_type": null, "passenger_lines": null, "passenger": null, "railway:preserved": null, "cycleway:left": null, "cycleway:right": null, "cycleway:right:lane": null, "lcn": null, "lanes": null, "abandoned:railway": null, "abandoned:name": null, "smoothness": null, "tracktype": null, "source:construction": null, "tiger:source": null, "tiger:tlid": null, "tiger:upload_uuid": null, "review": null, "maxspeed:backward": null, "maxspeed:forward": null, "maxspeed:freight:backward": null, "historic:name": null, "historic:operator": null, "historic:usage": null, "bridge:name": null, "operator:short": null, "embankment": null, "old_name": null, "route": null, "type": null, "cutting": null, "vta:id": null, "maxheight": null, "razed:railway": null, "cycleway:both": null, "cycleway:both:lane": null, "lane_markings": null, "name_1": null, "tiger:name_base_1": null, "tiger:name_type_1": null, "width": null, "abandoned": null, "tiger:separated": null, "incline": null, "bridge:movable": null, "bridge:wikidata": null, "bridge:wikipedia": null, "heritage": null, "heritage:operator": null, "ref:nrhp": null, "bridge_ref": null, "milepost:county": null, "source:bridge": null, "source_ref:bridge": null, "hgv": null, "demolished:railway": null, "loc_name": null, "route_ref": null, "embedded": null, "addr:county": null, "ref:lahcm": null, "construction": null, "opening_date": null, "created_by": null, "bridge:alt_name": null, "maxspeed:freight:forward": null, "name:pronunciation": null, "cable_tram": null, "ref:cpuc": null, "ref:fra_crossing": null, "flood_prone": null, "motorcycle": null, "bing": null, "railway:cbtc": null, "tunnel:alt_name": null, "ID": null, "assmntdist": null, "built": null, "finish": null, "region": null, "shape_le_1": null, "shape_len": null, "start": null, "winter": null, "highspeed": null, "crossing:markings": null, "tunnel:wikidata": null, "NHS": null, "dog": null, "bridge:structure": null, "builder": null, "line": null, "is_in:state_code": null, "demolished": null, "old_attraction_name": null, "destination:lanes": null, "hov": null, "toll": null, "toll:hov": null, "turn:lanes": null, "railway:interlaced": "yes", "seasonal:dry_season": null, "seasonal:wet_season": null, "removed:bridge": null, "designation": null, "razed": null, "name:es": null, "destination": null, "lift_chain": null, "source:1": null, "hov:minimum": null, "old_ref": null, "construction:electrified": null, "construction:frequency": null, "construction:railway": null, "construction:voltage": null, "FIXME": null, "abandoned:usage": null, "admin_level": null, "border_type": null, "boundary": null, "ruins:bridge": null, "own": null, "leisure": null, "ohv": null, "source:maxspeed": null, "maxspeed:passenger": null, "was:gauge": null, "was:service": null, "hgv:national_network": null, "source:hgv:national_network": null, "tiger:name_base_2": null, "tiger:name_type_2": null, "nrhp:criteria": null, "nrhp:inscription_date": null, "nrhp:nhl": null, "old_name:1927-1968": null, "ref:cli": null, "name_2": null, "mtb:scale": null, "mtb:scale:uphill": null, "trail_visibility": null, "alt_owner": null, "url": null, "construction:railway:etcs": null, "lanes:backward": null, "lanes:both_ways": null, "lanes:forward": null, "parking:lane:both": null, "turn:lanes:both_ways": null, "disused:service": null, "MAPKEY": null, "OBJECTID": null, "SHAPE_STLe": null, "sccgis:objectid": null, "miniature:scale": null, "colour": null, "turn:lanes:forward": null, "turn:lanes:backward": null, "parking:lane:right": null, "mtb:scale:imba": null, "sac_scale": null, "cycleway:left:oneway": null, "end_date": null, "bus:lanes:backward": null, "bus:lanes:forward": null, "ford": null, "parking:both": null, "parking:both:orientation": null, "historic_usage": null, "construction:maxspeed": null, "proposed:electrified": null, "proposed:frequency": null, "proposed:voltage": null, "abandoned:service": null, "destination:ref": null, "construction:name": null, "construction:network": null, "construction:operator": null, "construction:wikidata": null, "construction:wikipedia": null, "change": null, "railway:disused": null, "crossing:island": null, "source:exit": null, "source:width": null, "footway": null, "disused": null, "contact:email": null, "contact:phone": null, "contact:website": null, "group_only": null, "name:en": null, "change:forward": null, "change:backward": null, "bus:lanes": null, "trolley_wire": null, "abandoned:electrified": null, "crossing:signals": null, "maxweight:hgv": null, "maxweight:hgv:conditional": null, "maxweight:hgv_articulated": null, "razed:service": null, "demolished:bridge": null, "crossing:barrier": null, "tracks": null, "heritage:website": null, "razed:usage": null, "parking:lane:left": null, "imagery": null, "local_ref": null, "crane:type": null, "submerged": null, "construction:gauge": null, "construction:usage": null, "planned": null, "floor": null, "lastcheck": null, "end_date:railway": null, "bridge:ref": null, "not:name": null, "stroller": null, "path": null, "proposed:railway:etcs": null, "was:bridge": null, "Note": null, "name:absent": null, "construction:service": null }, "geometry": { "type": "LineString", "coordinates": [ [ -122.4098021, 37.7951661 ], [ -122.4098067, 37.7951803 ], [ -122.4098157, 37.795203 ], [ -122.4098285, 37.7952291 ], [ -122.4098354, 37.7952503 ], [ -122.4098407, 37.7952801 ] ] } },
{ "type": "Feature", "properties": { "id": "way/144801045", "@id": "way/144801045", "area": null, "historic": null, "name": null, "railway": "tram", "landuse": null, "operator": "San Francisco Municipal Railway", "bicycle": null, "covered": null, "departures_board": null, "foot": null, "highway": null, "indoor": null, "network": "Muni", "public_transport": null, "ref": null, "surface": null, "train": null, "lit": null, "wheelchair": null, "bench": null, "bin": null, "shelter": null, "owner": "San Francisco Municipal Railway", "building": null, "disused:railway": null, "source": null, "source_ref": null, "level": null, "tactile_paving": null, "addr:city": null, "addr:housenumber": null, "addr:postcode": null, "addr:state": null, "addr:street": null, "addr:street_direction_prefix": null, "industrial": null, "building:levels": null, "height": null, "light_rail": null, "air_conditioning": null, "attribution": null, "bak:fac_type1": null, "internet_access": null, "bus": null, "tram": null, "wheelchair:description": null, "check_date": null, "passenger_information_display": null, "bridge": null, "layer": null, "check_date:lit": null, "trolleybus": null, "bearing": null, "check_date:shelter": null, "tourism": null, "access": null, "subway": null, "location": null, "tunnel": null, "motor_vehicle": null, "operator:wikidata": null, "electrified": "no", "gauge": "1067", "alt_name": null, "note": null, "note:website": null, "phone": null, "railway:position": null, "railway:ref": null, "short_name": null, "website": null, "wikidata": null, "wikipedia": null, "service": null, "length": null, "addr:housename": null, "attraction": null, "monorail": null, "horse": null, "check_date:bin": null, "tiger:county": null, "start_date": null, "check_date:bench": null, "ele": null, "lacounty:ain": null, "lacounty:bld_id": null, "usage": null, "fixme": null, "rail": null, "source:imagery": null, "description": null, "underground": null, "frequency": null, "voltage": null, "network:wikidata": null, "network:wikipedia": null, "operator:wikipedia": null, "owner:wikidata": null, "owner:wikipedia": null, "organization": null, "crossing": null, "official_name": null, "railway:proposed": null, "proposed:public_transport": null, "proposed:railway": null, "proposed:tram": null, "turntable": null, "biotic_reef:type": null, "image": null, "natural": null, "protection_title": null, "reef": null, "ruined": null, "seamark:type": null, "man_made": null, "proposed": null, "wikimedia_commons": null, "addr:country": null, "toilets:wheelchair": null, "baby_feeding": null, "station": null, "railway:preferred_direction": "forward", "oneway": null, "maxspeed": "9.5 mph", "tiger:cfcc": null, "tiger:reviewed": null, "maxspeed:freight": null, "railway:ptc": null, "railway:track_class": null, "railway:track_ref": null, "old_railway_operator": null, "railway:atc": null, "tiger:name_base": null, "railway:traffic_mode": null, "reporting_marks": null, "tunnel:name": null, "segregated": null, "sidewalk": null, "cycleway": null, "tiger:name_type": null, "passenger_lines": null, "passenger": null, "railway:preserved": null, "cycleway:left": null, "cycleway:right": null, "cycleway:right:lane": null, "lcn": null, "lanes": null, "abandoned:railway": null, "abandoned:name": null, "smoothness": null, "tracktype": null, "source:construction": null, "tiger:source": null, "tiger:tlid": null, "tiger:upload_uuid": null, "review": null, "maxspeed:backward": null, "maxspeed:forward": null, "maxspeed:freight:backward": null, "historic:name": null, "historic:operator": null, "historic:usage": null, "bridge:name": null, "operator:short": null, "embankment": null, "old_name": null, "route": null, "type": null, "cutting": null, "vta:id": null, "maxheight": null, "razed:railway": null, "cycleway:both": null, "cycleway:both:lane": null, "lane_markings": null, "name_1": null, "tiger:name_base_1": null, "tiger:name_type_1": null, "width": null, "abandoned": null, "tiger:separated": null, "incline": null, "bridge:movable": null, "bridge:wikidata": null, "bridge:wikipedia": null, "heritage": null, "heritage:operator": null, "ref:nrhp": null, "bridge_ref": null, "milepost:county": null, "source:bridge": null, "source_ref:bridge": null, "hgv": null, "demolished:railway": null, "loc_name": null, "route_ref": null, "embedded": null, "addr:county": null, "ref:lahcm": null, "construction": null, "opening_date": null, "created_by": null, "bridge:alt_name": null, "maxspeed:freight:forward": null, "name:pronunciation": null, "cable_tram": null, "ref:cpuc": null, "ref:fra_crossing": null, "flood_prone": null, "motorcycle": null, "bing": null, "railway:cbtc": null, "tunnel:alt_name": null, "ID": null, "assmntdist": null, "built": null, "finish": null, "region": null, "shape_le_1": null, "shape_len": null, "start": null, "winter": null, "highspeed": null, "crossing:markings": null, "tunnel:wikidata": null, "NHS": null, "dog": null, "bridge:structure": null, "builder": null, "line": null, "is_in:state_code": null, "demolished": null, "old_attraction_name": null, "destination:lanes": null, "hov": null, "toll": null, "toll:hov": null, "turn:lanes": null, "railway:interlaced": null, "seasonal:dry_season": null, "seasonal:wet_season": null, "removed:bridge": null, "designation": null, "razed": null, "name:es": null, "destination": null, "lift_chain": null, "source:1": null, "hov:minimum": null, "old_ref": null, "construction:electrified": null, "construction:frequency": null, "construction:railway": null, "construction:voltage": null, "FIXME": null, "abandoned:usage": null, "admin_level": null, "border_type": null, "boundary": null, "ruins:bridge": null, "own": null, "leisure": null, "ohv": null, "source:maxspeed": null, "maxspeed:passenger": null, "was:gauge": null, "was:service": null, "hgv:national_network": null, "source:hgv:national_network": null, "tiger:name_base_2": null, "tiger:name_type_2": null, "nrhp:criteria": null, "nrhp:inscription_date": null, "nrhp:nhl": null, "old_name:1927-1968": null, "ref:cli": null, "name_2": null, "mtb:scale": null, "mtb:scale:uphill": null, "trail_visibility": null, "alt_owner": null, "url": null, "construction:railway:etcs": null, "lanes:backward": null, "lanes:both_ways": null, "lanes:forward": null, "parking:lane:both": null, "turn:lanes:both_ways": null, "disused:service": null, "MAPKEY": null, "OBJECTID": null, "SHAPE_STLe": null, "sccgis:objectid": null, "miniature:scale": null, "colour": null, "turn:lanes:forward": null, "turn:lanes:backward": null, "parking:lane:right": null, "mtb:scale:imba": null, "sac_scale": null, "cycleway:left:oneway": null, "end_date": null, "bus:lanes:backward": null, "bus:lanes:forward": null, "ford": null, "parking:both": null, "parking:both:orientation": null, "historic_usage": null, "construction:maxspeed": null, "proposed:electrified": null, "proposed:frequency": null, "proposed:voltage": null, "abandoned:service": null, "destination:ref": null, "construction:name": null, "construction:network": null, "construction:operator": null, "construction:wikidata": null, "construction:wikipedia": null, "change": null, "railway:disused": null, "crossing:island": null, "source:exit": null, "source:width": null, "footway": null, "disused": null, "contact:email": null, "contact:phone": null, "contact:website": null, "group_only": null, "name:en": null, "change:forward": null, "change:backward": null, "bus:lanes": null, "trolley_wire": null, "abandoned:electrified": null, "crossing:signals": null, "maxweight:hgv": null, "maxweight:hgv:conditional": null, "maxweight:hgv_articulated": null, "razed:service": null, "demolished:bridge": null, "crossing:barrier": null, "tracks": null, "heritage:website": null, "razed:usage": null, "parking:lane:left": null, "imagery": null, "local_ref": null, "crane:type": null, "submerged": null, "construction:gauge": null, "construction:usage": null, "planned": null, "floor": null, "lastcheck": null, "end_date:railway": null, "bridge:ref": null, "not:name": null, "stroller": null, "path": null, "proposed:railway:etcs": null, "was:bridge": null, "Note": null, "name:absent": null, "construction:service": null }, "geometry": { "type": "LineString", "coordinates": [ [ -122.4111901, 37.7945461 ], [ -122.411037, 37.794566 ], [ -122.4105561, 37.7946283 ], [ -122.4103433, 37.7946558 ], [ -122.4103104, 37.7946602 ] ] } },
{ "type": "Feature", "properties": { "id": "way/144801049", "@id": "way/144801049", "area": null, "historic": null, "name": null, "railway": "tram", "landuse": null, "operator": "San Francisco Municipal Railway", "bicycle": null, "covered": null, "departures_board": null, "foot": null, "highway": null, "indoor": null, "network": "Muni", "public_transport": null, "ref": null, "surface": null, "train": null, "lit": null, "wheelchair": null, "bench": null, "bin": null, "shelter": null, "owner": "San Francisco Municipal Railway", "building": null, "disused:railway": null, "source": null, "source_ref": null, "level": null, "tactile_paving": null, "addr:city": null, "addr:housenumber": null, "addr:postcode": null, "addr:state": null, "addr:street": null, "addr:street_direction_prefix": null, "industrial": null, "building:levels": null, "height": null, "light_rail": null, "air_conditioning": null, "attribution": null, "bak:fac_type1": null, "internet_access": null, "bus": null, "tram": null, "wheelchair:description": null, "check_date": null, "passenger_information_display": null, "bridge": null, "layer": null, "check_date:lit": null, "trolleybus": null, "bearing": null, "check_date:shelter": null, "tourism": null, "access": null, "subway": null, "location": null, "tunnel": null, "motor_vehicle": null, "operator:wikidata": null, "electrified": "no", "gauge": "1067", "alt_name": null, "note": null, "note:website": null, "phone": null, "railway:position": null, "railway:ref": null, "short_name": null, "website": null, "wikidata": null, "wikipedia": null, "service": "crossover", "length": null, "addr:housename": null, "attraction": null, "monorail": null, "horse": null, "check_date:bin": null, "tiger:county": null, "start_date": null, "check_date:bench": null, "ele": null, "lacounty:ain": null, "lacounty:bld_id": null, "usage": null, "fixme": null, "rail": null, "source:imagery": null, "description": null, "underground": null, "frequency": null, "voltage": null, "network:wikidata": null, "network:wikipedia": null, "operator:wikipedia": null, "owner:wikidata": null, "owner:wikipedia": null, "organization": null, "crossing": null, "official_name": null, "railway:proposed": null, "proposed:public_transport": null, "proposed:railway": null, "proposed:tram": null, "turntable": null, "biotic_reef:type": null, "image": null, "natural": null, "protection_title": null, "reef": null, "ruined": null, "seamark:type": null, "man_made": null, "proposed": null, "wikimedia_commons": null, "addr:country": null, "toilets:wheelchair": null, "baby_feeding": null, "station": null, "railway:preferred_direction": null, "oneway": null, "maxspeed": null, "tiger:cfcc": null, "tiger:reviewed": null, "maxspeed:freight": null, "railway:ptc": null, "railway:track_class": null, "railway:track_ref": null, "old_railway_operator": null, "railway:atc": null, "tiger:name_base": null, "railway:traffic_mode": null, "reporting_marks": null, "tunnel:name": null, "segregated": null, "sidewalk": null, "cycleway": null, "tiger:name_type": null, "passenger_lines": null, "passenger": null, "railway:preserved": null, "cycleway:left": null, "cycleway:right": null, "cycleway:right:lane": null, "lcn": null, "lanes": null, "abandoned:railway": null, "abandoned:name": null, "smoothness": null, "tracktype": null, "source:construction": null, "tiger:source": null, "tiger:tlid": null, "tiger:upload_uuid": null, "review": null, "maxspeed:backward": null, "maxspeed:forward": null, "maxspeed:freight:backward": null, "historic:name": null, "historic:operator": null, "historic:usage": null, "bridge:name": null, "operator:short": null, "embankment": null, "old_name": null, "route": null, "type": null, "cutting": null, "vta:id": null, "maxheight": null, "razed:railway": null, "cycleway:both": null, "cycleway:both:lane": null, "lane_markings": null, "name_1": null, "tiger:name_base_1": null, "tiger:name_type_1": null, "width": null, "abandoned": null, "tiger:separated": null, "incline": null, "bridge:movable": null, "bridge:wikidata": null, "bridge:wikipedia": null, "heritage": null, "heritage:operator": null, "ref:nrhp": null, "bridge_ref": null, "milepost:county": null, "source:bridge": null, "source_ref:bridge": null, "hgv": null, "demolished:railway": null, "loc_name": null, "route_ref": null, "embedded": null, "addr:county": null, "ref:lahcm": null, "construction": null, "opening_date": null, "created_by": null, "bridge:alt_name": null, "maxspeed:freight:forward": null, "name:pronunciation": null, "cable_tram": null, "ref:cpuc": null, "ref:fra_crossing": null, "flood_prone": null, "motorcycle": null, "bing": null, "railway:cbtc": null, "tunnel:alt_name": null, "ID": null, "assmntdist": null, "built": null, "finish": null, "region": null, "shape_le_1": null, "shape_len": null, "start": null, "winter": null, "highspeed": null, "crossing:markings": null, "tunnel:wikidata": null, "NHS": null, "dog": null, "bridge:structure": null, "builder": null, "line": null, "is_in:state_code": null, "demolished": null, "old_attraction_name": null, "destination:lanes": null, "hov": null, "toll": null, "toll:hov": null, "turn:lanes": null, "railway:interlaced": null, "seasonal:dry_season": null, "seasonal:wet_season": null, "removed:bridge": null, "designation": null, "razed": null, "name:es": null, "destination": null, "lift_chain": null, "source:1": null, "hov:minimum": null, "old_ref": null, "construction:electrified": null, "construction:frequency": null, "construction:railway": null, "construction:voltage": null, "FIXME": null, "abandoned:usage": null, "admin_level": null, "border_type": null, "boundary": null, "ruins:bridge": null, "own": null, "leisure": null, "ohv": null, "source:maxspeed": null, "maxspeed:passenger": null, "was:gauge": null, "was:service": null, "hgv:national_network": null, "source:hgv:national_network": null, "tiger:name_base_2": null, "tiger:name_type_2": null, "nrhp:criteria": null, "nrhp:inscription_date": null, "nrhp:nhl": null, "old_name:1927-1968": null, "ref:cli": null, "name_2": null, "mtb:scale": null, "mtb:scale:uphill": null, "trail_visibility": null, "alt_owner": null, "url": null, "construction:railway:etcs": null, "lanes:backward": null, "lanes:both_ways": null, "lanes:forward": null, "parking:lane:both": null, "turn:lanes:both_ways": null, "disused:service": null, "MAPKEY": null, "OBJECTID": null, "SHAPE_STLe": null, "sccgis:objectid": null, "miniature:scale": null, "colour": null, "turn:lanes:forward": null, "turn:lanes:backward": null, "parking:lane:right": null, "mtb:scale:imba": null, "sac_scale": null, "cycleway:left:oneway": null, "end_date": null, "bus:lanes:backward": null, "bus:lanes:forward": null, "ford": null, "parking:both": null, "parking:both:orientation": null, "historic_usage": null, "construction:maxspeed": null, "proposed:electrified": null, "proposed:frequency": null, "proposed:voltage": null, "abandoned:service": null, "destination:ref": null, "construction:name": null, "construction:network": null, "construction:operator": null, "construction:wikidata": null, "construction:wikipedia": null, "change": null, "railway:disused": null, "crossing:island": null, "source:exit": null, "source:width": null, "footway": null, "disused": null, "contact:email": null, "contact:phone": null, "contact:website": null, "group_only": null, "name:en": null, "change:forward": null, "change:backward": null, "bus:lanes": null, "trolley_wire": null, "abandoned:electrified": null, "crossing:signals": null, "maxweight:hgv": null, "maxweight:hgv:conditional": null, "maxweight:hgv_articulated": null, "razed:service": null, "demolished:bridge": null, "crossing:barrier": null, "tracks": null, "heritage:website": null, "razed:usage": null, "parking:lane:left": null, "imagery": null, "local_ref": null, "crane:type": null, "submerged": null, "construction:gauge": null, "construction:usage": null, "planned": null, "floor": null, "lastcheck": null, "end_date:railway": null, "bridge:ref": null, "not:name": null, "stroller": null, "path": null, "proposed:railway:etcs": null, "was:bridge": null, "Note": null, "name:absent": null, "construction:service": null }, "geometry": { "type": "LineString", "coordinates": [ [ -122.4193025, 37.8002834 ], [ -122.419305, 37.800309 ], [ -122.4193061, 37.8003364 ], [ -122.4193055, 37.8003624 ], [ -122.4193041, 37.8003854 ], [ -122.4193024, 37.800415 ], [ -122.4193014, 37.8004373 ], [ -122.4193016, 37.8004586 ], [ -122.4193038, 37.8004745 ] ] } },
{ "type": "Feature", "properties": { "id": "way/197979143", "@id": "way/197979143", "area": null, "historic": null, "name": null, "railway": "tram", "landuse": null, "operator": "San Francisco Municipal Railway", "bicycle": null, "covered": null, "departures_board": null, "foot": null, "highway": null, "indoor": null, "network": "Muni", "public_transport": null, "ref": null, "surface": null, "train": null, "lit": null, "wheelchair": null, "bench": null, "bin": null, "shelter": null, "owner": "San Francisco Municipal Railway", "building": null, "disused:railway": null, "source": null, "source_ref": null, "level": null, "tactile_paving": null, "addr:city": null, "addr:housenumber": null, "addr:postcode": null, "addr:state": null, "addr:street": null, "addr:street_direction_prefix": null, "industrial": null, "building:levels": null, "height": null, "light_rail": null, "air_conditioning": null, "attribution": null, "bak:fac_type1": null, "internet_access": null, "bus": null, "tram": null, "wheelchair:description": null, "check_date": null, "passenger_information_display": null, "bridge": null, "layer": null, "check_date:lit": null, "trolleybus": null, "bearing": null, "check_date:shelter": null, "tourism": null, "access": null, "subway": null, "location": null, "tunnel": null, "motor_vehicle": null, "operator:wikidata": null, "electrified": "no", "gauge": "1067", "alt_name": null, "note": null, "note:website": null, "phone": null, "railway:position": null, "railway:ref": null, "short_name": null, "website": null, "wikidata": null, "wikipedia": null, "service": null, "length": null, "addr:housename": null, "attraction": null, "monorail": null, "horse": null, "check_date:bin": null, "tiger:county": null, "start_date": null, "check_date:bench": null, "ele": null, "lacounty:ain": null, "lacounty:bld_id": null, "usage": null, "fixme": null, "rail": null, "source:imagery": null, "description": null, "underground": null, "frequency": null, "voltage": null, "network:wikidata": null, "network:wikipedia": null, "operator:wikipedia": null, "owner:wikidata": null, "owner:wikipedia": null, "organization": null, "crossing": null, "official_name": null, "railway:proposed": null, "proposed:public_transport": null, "proposed:railway": null, "proposed:tram": null, "turntable": null, "biotic_reef:type": null, "image": null, "natural": null, "protection_title": null, "reef": null, "ruined": null, "seamark:type": null, "man_made": null, "proposed": null, "wikimedia_commons": null, "addr:country": null, "toilets:wheelchair": null, "baby_feeding": null, "station": null, "railway:preferred_direction": "forward", "oneway": null, "maxspeed": null, "tiger:cfcc": null, "tiger:reviewed": null, "maxspeed:freight": null, "railway:ptc": null, "railway:track_class": null, "railway:track_ref": null, "old_railway_operator": null, "railway:atc": null, "tiger:name_base": null, "railway:traffic_mode": null, "reporting_marks": null, "tunnel:name": null, "segregated": null, "sidewalk": null, "cycleway": null, "tiger:name_type": null, "passenger_lines": null, "passenger": null, "railway:preserved": null, "cycleway:left": null, "cycleway:right": null, "cycleway:right:lane": null, "lcn": null, "lanes": null, "abandoned:railway": null, "abandoned:name": null, "smoothness": null, "tracktype": null, "source:construction": null, "tiger:source": null, "tiger:tlid": null, "tiger:upload_uuid": null, "review": null, "maxspeed:backward": null, "maxspeed:forward": null, "maxspeed:freight:backward": null, "historic:name": null, "historic:operator": null, "historic:usage": null, "bridge:name": null, "operator:short": null, "embankment": null, "old_name": null, "route": null, "type": null, "cutting": null, "vta:id": null, "maxheight": null, "razed:railway": null, "cycleway:both": null, "cycleway:both:lane": null, "lane_markings": null, "name_1": null, "tiger:name_base_1": null, "tiger:name_type_1": null, "width": null, "abandoned": null, "tiger:separated": null, "incline": null, "bridge:movable": null, "bridge:wikidata": null, "bridge:wikipedia": null, "heritage": null, "heritage:operator": null, "ref:nrhp": null, "bridge_ref": null, "milepost:county": null, "source:bridge": null, "source_ref:bridge": null, "hgv": null, "demolished:railway": null, "loc_name": null, "route_ref": null, "embedded": null, "addr:county": null, "ref:lahcm": null, "construction": null, "opening_date": null, "created_by": null, "bridge:alt_name": null, "maxspeed:freight:forward": null, "name:pronunciation": null, "cable_tram": "cable", "ref:cpuc": null, "ref:fra_crossing": null, "flood_prone": null, "motorcycle": null, "bing": null, "railway:cbtc": null, "tunnel:alt_name": null, "ID": null, "assmntdist": null, "built": null, "finish": null, "region": null, "shape_le_1": null, "shape_len": null, "start": null, "winter": null, "highspeed": null, "crossing:markings": null, "tunnel:wikidata": null, "NHS": null, "dog": null, "bridge:structure": null, "builder": null, "line": null, "is_in:state_code": null, "demolished": null, "old_attraction_name": null, "destination:lanes": null, "hov": null, "toll": null, "toll:hov": null, "turn:lanes": null, "railway:interlaced": null, "seasonal:dry_season": null, "seasonal:wet_season": null, "removed:bridge": null, "designation": null, "razed": null, "name:es": null, "destination": null, "lift_chain": null, "source:1": null, "hov:minimum": null, "old_ref": null, "construction:electrified": null, "construction:frequency": null, "construction:railway": null, "construction:voltage": null, "FIXME": null, "abandoned:usage": null, "admin_level": null, "border_type": null, "boundary": null, "ruins:bridge": null, "own": null, "leisure": null, "ohv": null, "source:maxspeed": null, "maxspeed:passenger": null, "was:gauge": null, "was:service": null, "hgv:national_network": null, "source:hgv:national_network": null, "tiger:name_base_2": null, "tiger:name_type_2": null, "nrhp:criteria": null, "nrhp:inscription_date": null, "nrhp:nhl": null, "old_name:1927-1968": null, "ref:cli": null, "name_2": null, "mtb:scale": null, "mtb:scale:uphill": null, "trail_visibility": null, "alt_owner": null, "url": null, "construction:railway:etcs": null, "lanes:backward": null, "lanes:both_ways": null, "lanes:forward": null, "parking:lane:both": null, "turn:lanes:both_ways": null, "disused:service": null, "MAPKEY": null, "OBJECTID": null, "SHAPE_STLe": null, "sccgis:objectid": null, "miniature:scale": null, "colour": null, "turn:lanes:forward": null, "turn:lanes:backward": null, "parking:lane:right": null, "mtb:scale:imba": null, "sac_scale": null, "cycleway:left:oneway": null, "end_date": null, "bus:lanes:backward": null, "bus:lanes:forward": null, "ford": null, "parking:both": null, "parking:both:orientation": null, "historic_usage": null, "construction:maxspeed": null, "proposed:electrified": null, "proposed:frequency": null, "proposed:voltage": null, "abandoned:service": null, "destination:ref": null, "construction:name": null, "construction:network": null, "construction:operator": null, "construction:wikidata": null, "construction:wikipedia": null, "change": null, "railway:disused": null, "crossing:island": null, "source:exit": null, "source:width": null, "footway": null, "disused": null, "contact:email": null, "contact:phone": null, "contact:website": null, "group_only": null, "name:en": null, "change:forward": null, "change:backward": null, "bus:lanes": null, "trolley_wire": null, "abandoned:electrified": null, "crossing:signals": null, "maxweight:hgv": null, "maxweight:hgv:conditional": null, "maxweight:hgv_articulated": null, "razed:service": null, "demolished:bridge": null, "crossing:barrier": null, "tracks": null, "heritage:website": null, "razed:usage": null, "parking:lane:left": null, "imagery": null, "local_ref": null, "crane:type": null, "submerged": null, "construction:gauge": null, "construction:usage": null, "planned": null, "floor": null, "lastcheck": null, "end_date:railway": null, "bridge:ref": null, "not:name": null, "stroller": null, "path": null, "proposed:railway:etcs": null, "was:bridge": null, "Note": null, "name:absent": null, "construction:service": null }, "geometry": { "type": "LineString", "coordinates": [ [ -122.4184789, 37.7962142 ], [ -122.4184739, 37.7961851 ], [ -122.418376, 37.7957281 ], [ -122.4183371, 37.7955311 ], [ -122.4183255, 37.795465 ], [ -122.4183176, 37.7954182 ], [ -122.4183024, 37.7953414 ], [ -122.4182537, 37.7951089 ] ] } },
{ "type": "Feature", "properties": { "id": "way/197979146", "@id": "way/197979146", "area": null, "historic": null, "name": null, "railway": "tram", "landuse": null, "operator": "San Francisco Municipal Railway", "bicycle": null, "covered": null, "departures_board": null, "foot": null, "highway": null, "indoor": null, "network": "Muni", "public_transport": null, "ref": null, "surface": null, "train": null, "lit": null, "wheelchair": null, "bench": null, "bin": null, "shelter": null, "owner": "San Francisco Municipal Railway", "building": null, "disused:railway": null, "source": null, "source_ref": null, "level": null, "tactile_paving": null, "addr:city": null, "addr:housenumber": null, "addr:postcode": null, "addr:state": null, "addr:street": null, "addr:street_direction_prefix": null, "industrial": null, "building:levels": null, "height": null, "light_rail": null, "air_conditioning": null, "attribution": null, "bak:fac_type1": null, "internet_access": null, "bus": null, "tram": null, "wheelchair:description": null, "check_date": null, "passenger_information_display": null, "bridge": "yes", "layer": "1", "check_date:lit": null, "trolleybus": null, "bearing": null, "check_date:shelter": null, "tourism": null, "access": null, "subway": null, "location": null, "tunnel": null, "motor_vehicle": null, "operator:wikidata": null, "electrified": "no", "gauge": "1067", "alt_name": null, "note": null, "note:website": null, "phone": null, "railway:position": null, "railway:ref": null, "short_name": null, "website": null, "wikidata": null, "wikipedia": null, "service": null, "length": null, "addr:housename": null, "attraction": null, "monorail": null, "horse": null, "check_date:bin": null, "tiger:county": null, "start_date": null, "check_date:bench": null, "ele": null, "lacounty:ain": null, "lacounty:bld_id": null, "usage": null, "fixme": null, "rail": null, "source:imagery": null, "description": null, "underground": null, "frequency": null, "voltage": null, "network:wikidata": null, "network:wikipedia": null, "operator:wikipedia": null, "owner:wikidata": null, "owner:wikipedia": null, "organization": null, "crossing": null, "official_name": null, "railway:proposed": null, "proposed:public_transport": null, "proposed:railway": null, "proposed:tram": null, "turntable": null, "biotic_reef:type": null, "image": null, "natural": null, "protection_title": null, "reef": null, "ruined": null, "seamark:type": null, "man_made": null, "proposed": null, "wikimedia_commons": null, "addr:country": null, "toilets:wheelchair": null, "baby_feeding": null, "station": null, "railway:preferred_direction": "forward", "oneway": null, "maxspeed": null, "tiger:cfcc": null, "tiger:reviewed": null, "maxspeed:freight": null, "railway:ptc": null, "railway:track_class": null, "railway:track_ref": null, "old_railway_operator": null, "railway:atc": null, "tiger:name_base": null, "railway:traffic_mode": null, "reporting_marks": null, "tunnel:name": null, "segregated": null, "sidewalk": null, "cycleway": null, "tiger:name_type": null, "passenger_lines": null, "passenger": null, "railway:preserved": null, "cycleway:left": null, "cycleway:right": null, "cycleway:right:lane": null, "lcn": null, "lanes": null, "abandoned:railway": null, "abandoned:name": null, "smoothness": null, "tracktype": null, "source:construction": null, "tiger:source": null, "tiger:tlid": null, "tiger:upload_uuid": null, "review": null, "maxspeed:backward": null, "maxspeed:forward": null, "maxspeed:freight:backward": null, "historic:name": null, "historic:operator": null, "historic:usage": null, "bridge:name": null, "operator:short": null, "embankment": null, "old_name": null, "route": null, "type": null, "cutting": null, "vta:id": null, "maxheight": null, "razed:railway": null, "cycleway:both": null, "cycleway:both:lane": null, "lane_markings": null, "name_1": null, "tiger:name_base_1": null, "tiger:name_type_1": null, "width": null, "abandoned": null, "tiger:separated": null, "incline": null, "bridge:movable": null, "bridge:wikidata": null, "bridge:wikipedia": null, "heritage": null, "heritage:operator": null, "ref:nrhp": null, "bridge_ref": null, "milepost:county": null, "source:bridge": null, "source_ref:bridge": null, "hgv": null, "demolished:railway": null, "loc_name": null, "route_ref": null, "embedded": null, "addr:county": null, "ref:lahcm": null, "construction": null, "opening_date": null, "created_by": null, "bridge:alt_name": null, "maxspeed:freight:forward": null, "name:pronunciation": null, "cable_tram": "cable", "ref:cpuc": null, "ref:fra_crossing": null, "flood_prone": null, "motorcycle": null, "bing": null, "railway:cbtc": null, "tunnel:alt_name": null, "ID": null, "assmntdist": null, "built": null, "finish": null, "region": null, "shape_le_1": null, "shape_len": null, "start": null, "winter": null, "highspeed": null, "crossing:markings": null, "tunnel:wikidata": null, "NHS": null, "dog": null, "bridge:structure": null, "builder": null, "line": null, "is_in:state_code": null, "demolished": null, "old_attraction_name": null, "destination:lanes": null, "hov": null, "toll": null, "toll:hov": null, "turn:lanes": null, "railway:interlaced": null, "seasonal:dry_season": null, "seasonal:wet_season": null, "removed:bridge": null, "designation": null, "razed": null, "name:es": null, "destination": null, "lift_chain": null, "source:1": null, "hov:minimum": null, "old_ref": null, "construction:electrified": null, "construction:frequency": null, "construction:railway": null, "construction:voltage": null, "FIXME": null, "abandoned:usage": null, "admin_level": null, "border_type": null, "boundary": null, "ruins:bridge": null, "own": null, "leisure": null, "ohv": null, "source:maxspeed": null, "maxspeed:passenger": null, "was:gauge": null, "was:service": null, "hgv:national_network": null, "source:hgv:national_network": null, "tiger:name_base_2": null, "tiger:name_type_2": null, "nrhp:criteria": null, "nrhp:inscription_date": null, "nrhp:nhl": null, "old_name:1927-1968": null, "ref:cli": null, "name_2": null, "mtb:scale": null, "mtb:scale:uphill": null, "trail_visibility": null, "alt_owner": null, "url": null, "construction:railway:etcs": null, "lanes:backward": null, "lanes:both_ways": null, "lanes:forward": null, "parking:lane:both": null, "turn:lanes:both_ways": null, "disused:service": null, "MAPKEY": null, "OBJECTID": null, "SHAPE_STLe": null, "sccgis:objectid": null, "miniature:scale": null, "colour": null, "turn:lanes:forward": null, "turn:lanes:backward": null, "parking:lane:right": null, "mtb:scale:imba": null, "sac_scale": null, "cycleway:left:oneway": null, "end_date": null, "bus:lanes:backward": null, "bus:lanes:forward": null, "ford": null, "parking:both": null, "parking:both:orientation": null, "historic_usage": null, "construction:maxspeed": null, "proposed:electrified": null, "proposed:frequency": null, "proposed:voltage": null, "abandoned:service": null, "destination:ref": null, "construction:name": null, "construction:network": null, "construction:operator": null, "construction:wikidata": null, "construction:wikipedia": null, "change": null, "railway:disused": null, "crossing:island": null, "source:exit": null, "source:width": null, "footway": null, "disused": null, "contact:email": null, "contact:phone": null, "contact:website": null, "group_only": null, "name:en": null, "change:forward": null, "change:backward": null, "bus:lanes": null, "trolley_wire": null, "abandoned:electrified": null, "crossing:signals": null, "maxweight:hgv": null, "maxweight:hgv:conditional": null, "maxweight:hgv_articulated": null, "razed:service": null, "demolished:bridge": null, "crossing:barrier": null, "tracks": null, "heritage:website": null, "razed:usage": null, "parking:lane:left": null, "imagery": null, "local_ref": null, "crane:type": null, "submerged": null, "construction:gauge": null, "construction:usage": null, "planned": null, "floor": null, "lastcheck": null, "end_date:railway": null, "bridge:ref": null, "not:name": null, "stroller": null, "path": null, "proposed:railway:etcs": null, "was:bridge": null, "Note": null, "name:absent": null, "construction:service": null }, "geometry": { "type": "LineString", "coordinates": [ [ -122.4184417, 37.796218 ], [ -122.418473, 37.796374 ], [ -122.4184784, 37.7964046 ] ] } },
{ "type": "Feature", "properties": { "id": "way/197979147", "@id": "way/197979147", "area": null, "historic": null, "name": null, "railway": "tram", "landuse": null, "operator": "San Francisco Municipal Railway", "bicycle": null, "covered": null, "departures_board": null, "foot": null, "highway": null, "indoor": null, "network": "Muni", "public_transport": null, "ref": null, "surface": null, "train": null, "lit": null, "wheelchair": null, "bench": null, "bin": null, "shelter": null, "owner": "San Francisco Municipal Railway", "building": null, "disused:railway": null, "source": null, "source_ref": null, "level": null, "tactile_paving": null, "addr:city": null, "addr:housenumber": null, "addr:postcode": null, "addr:state": null, "addr:street": null, "addr:street_direction_prefix": null, "industrial": null, "building:levels": null, "height": null, "light_rail": null, "air_conditioning": null, "attribution": null, "bak:fac_type1": null, "internet_access": null, "bus": null, "tram": null, "wheelchair:description": null, "check_date": null, "passenger_information_display": null, "bridge": "yes", "layer": "1", "check_date:lit": null, "trolleybus": null, "bearing": null, "check_date:shelter": null, "tourism": null, "access": null, "subway": null, "location": null, "tunnel": null, "motor_vehicle": null, "operator:wikidata": null, "electrified": "no", "gauge": "1067", "alt_name": null, "note": null, "note:website": null, "phone": null, "railway:position": null, "railway:ref": null, "short_name": null, "website": null, "wikidata": null, "wikipedia": null, "service": null, "length": null, "addr:housename": null, "attraction": null, "monorail": null, "horse": null, "check_date:bin": null, "tiger:county": null, "start_date": null, "check_date:bench": null, "ele": null, "lacounty:ain": null, "lacounty:bld_id": null, "usage": null, "fixme": null, "rail": null, "source:imagery": null, "description": null, "underground": null, "frequency": null, "voltage": null, "network:wikidata": null, "network:wikipedia": null, "operator:wikipedia": null, "owner:wikidata": null, "owner:wikipedia": null, "organization": null, "crossing": null, "official_name": null, "railway:proposed": null, "proposed:public_transport": null, "proposed:railway": null, "proposed:tram": null, "turntable": null, "biotic_reef:type": null, "image": null, "natural": null, "protection_title": null, "reef": null, "ruined": null, "seamark:type": null, "man_made": null, "proposed": null, "wikimedia_commons": null, "addr:country": null, "toilets:wheelchair": null, "baby_feeding": null, "station": null, "railway:preferred_direction": "forward", "oneway": null, "maxspeed": null, "tiger:cfcc": null, "tiger:reviewed": null, "maxspeed:freight": null, "railway:ptc": null, "railway:track_class": null, "railway:track_ref": null, "old_railway_operator": null, "railway:atc": null, "tiger:name_base": null, "railway:traffic_mode": null, "reporting_marks": null, "tunnel:name": null, "segregated": null, "sidewalk": null, "cycleway": null, "tiger:name_type": null, "passenger_lines": null, "passenger": null, "railway:preserved": null, "cycleway:left": null, "cycleway:right": null, "cycleway:right:lane": null, "lcn": null, "lanes": null, "abandoned:railway": null, "abandoned:name": null, "smoothness": null, "tracktype": null, "source:construction": null, "tiger:source": null, "tiger:tlid": null, "tiger:upload_uuid": null, "review": null, "maxspeed:backward": null, "maxspeed:forward": null, "maxspeed:freight:backward": null, "historic:name": null, "historic:operator": null, "historic:usage": null, "bridge:name": null, "operator:short": null, "embankment": null, "old_name": null, "route": null, "type": null, "cutting": null, "vta:id": null, "maxheight": null, "razed:railway": null, "cycleway:both": null, "cycleway:both:lane": null, "lane_markings": null, "name_1": null, "tiger:name_base_1": null, "tiger:name_type_1": null, "width": null, "abandoned": null, "tiger:separated": null, "incline": null, "bridge:movable": null, "bridge:wikidata": null, "bridge:wikipedia": null, "heritage": null, "heritage:operator": null, "ref:nrhp": null, "bridge_ref": null, "milepost:county": null, "source:bridge": null, "source_ref:bridge": null, "hgv": null, "demolished:railway": null, "loc_name": null, "route_ref": null, "embedded": null, "addr:county": null, "ref:lahcm": null, "construction": null, "opening_date": null, "created_by": null, "bridge:alt_name": null, "maxspeed:freight:forward": null, "name:pronunciation": null, "cable_tram": "cable", "ref:cpuc": null, "ref:fra_crossing": null, "flood_prone": null, "motorcycle": null, "bing": null, "railway:cbtc": null, "tunnel:alt_name": null, "ID": null, "assmntdist": null, "built": null, "finish": null, "region": null, "shape_le_1": null, "shape_len": null, "start": null, "winter": null, "highspeed": null, "crossing:markings": null, "tunnel:wikidata": null, "NHS": null, "dog": null, "bridge:structure": null, "builder": null, "line": null, "is_in:state_code": null, "demolished": null, "old_attraction_name": null, "destination:lanes": null, "hov": null, "toll": null, "toll:hov": null, "turn:lanes": null, "railway:interlaced": null, "seasonal:dry_season": null, "seasonal:wet_season": null, "removed:bridge": null, "designation": null, "razed": null, "name:es": null, "destination": null, "lift_chain": null, "source:1": null, "hov:minimum": null, "old_ref": null, "construction:electrified": null, "construction:frequency": null, "construction:railway": null, "construction:voltage": null, "FIXME": null, "abandoned:usage": null, "admin_level": null, "border_type": null, "boundary": null, "ruins:bridge": null, "own": null, "leisure": null, "ohv": null, "source:maxspeed": null, "maxspeed:passenger": null, "was:gauge": null, "was:service": null, "hgv:national_network": null, "source:hgv:national_network": null, "tiger:name_base_2": null, "tiger:name_type_2": null, "nrhp:criteria": null, "nrhp:inscription_date": null, "nrhp:nhl": null, "old_name:1927-1968": null, "ref:cli": null, "name_2": null, "mtb:scale": null, "mtb:scale:uphill": null, "trail_visibility": null, "alt_owner": null, "url": null, "construction:railway:etcs": null, "lanes:backward": null, "lanes:both_ways": null, "lanes:forward": null, "parking:lane:both": null, "turn:lanes:both_ways": null, "disused:service": null, "MAPKEY": null, "OBJECTID": null, "SHAPE_STLe": null, "sccgis:objectid": null, "miniature:scale": null, "colour": null, "turn:lanes:forward": null, "turn:lanes:backward": null, "parking:lane:right": null, "mtb:scale:imba": null, "sac_scale": null, "cycleway:left:oneway": null, "end_date": null, "bus:lanes:backward": null, "bus:lanes:forward": null, "ford": null, "parking:both": null, "parking:both:orientation": null, "historic_usage": null, "construction:maxspeed": null, "proposed:electrified": null, "proposed:frequency": null, "proposed:voltage": null, "abandoned:service": null, "destination:ref": null, "construction:name": null, "construction:network": null, "construction:operator": null, "construction:wikidata": null, "construction:wikipedia": null, "change": null, "railway:disused": null, "crossing:island": null, "source:exit": null, "source:width": null, "footway": null, "disused": null, "contact:email": null, "contact:phone": null, "contact:website": null, "group_only": null, "name:en": null, "change:forward": null, "change:backward": null, "bus:lanes": null, "trolley_wire": null, "abandoned:electrified": null, "crossing:signals": null, "maxweight:hgv": null, "maxweight:hgv:conditional": null, "maxweight:hgv_articulated": null, "razed:service": null, "demolished:bridge": null, "crossing:barrier": null, "tracks": null, "heritage:website": null, "razed:usage": null, "parking:lane:left": null, "imagery": null, "local_ref": null, "crane:type": null, "submerged": null, "construction:gauge": null, "construction:usage": null, "planned": null, "floor": null, "lastcheck": null, "end_date:railway": null, "bridge:ref": null, "not:name": null, "stroller": null, "path": null, "proposed:railway:etcs": null, "was:bridge": null, "Note": null, "name:absent": null, "construction:service": null }, "geometry": { "type": "LineString", "coordinates": [ [ -122.4185178, 37.7964 ], [ -122.4184789, 37.7962142 ] ] } },
{ "type": "Feature", "properties": { "id": "way/197979148", "@id": "way/197979148", "area": null, "historic": null, "name": null, "railway": "tram", "landuse": null, "operator": "San Francisco Municipal Railway", "bicycle": null, "covered": null, "departures_board": null, "foot": null, "highway": null, "indoor": null, "network": "Muni", "public_transport": null, "ref": null, "surface": null, "train": null, "lit": null, "wheelchair": null, "bench": null, "bin": null, "shelter": null, "owner": "San Francisco Municipal Railway", "building": null, "disused:railway": null, "source": null, "source_ref": null, "level": null, "tactile_paving": null, "addr:city": null, "addr:housenumber": null, "addr:postcode": null, "addr:state": null, "addr:street": null, "addr:street_direction_prefix": null, "industrial": null, "building:levels": null, "height": null, "light_rail": null, "air_conditioning": null, "attribution": null, "bak:fac_type1": null, "internet_access": null, "bus": null, "tram": null, "wheelchair:description": null, "check_date": null, "passenger_information_display": null, "bridge": null, "layer": null, "check_date:lit": null, "trolleybus": null, "bearing": null, "check_date:shelter": null, "tourism": null, "access": null, "subway": null, "location": null, "tunnel": null, "motor_vehicle": null, "operator:wikidata": null, "electrified": "no", "gauge": "1067", "alt_name": null, "note": null, "note:website": null, "phone": null, "railway:position": null, "railway:ref": null, "short_name": null, "website": null, "wikidata": null, "wikipedia": null, "service": null, "length": null, "addr:housename": null, "attraction": null, "monorail": null, "horse": null, "check_date:bin": null, "tiger:county": null, "start_date": null, "check_date:bench": null, "ele": null, "lacounty:ain": null, "lacounty:bld_id": null, "usage": null, "fixme": null, "rail": null, "source:imagery": null, "description": null, "underground": null, "frequency": null, "voltage": null, "network:wikidata": null, "network:wikipedia": null, "operator:wikipedia": null, "owner:wikidata": null, "owner:wikipedia": null, "organization": null, "crossing": null, "official_name": null, "railway:proposed": null, "proposed:public_transport": null, "proposed:railway": null, "proposed:tram": null, "turntable": null, "biotic_reef:type": null, "image": null, "natural": null, "protection_title": null, "reef": null, "ruined": null, "seamark:type": null, "man_made": null, "proposed": null, "wikimedia_commons": null, "addr:country": null, "toilets:wheelchair": null, "baby_feeding": null, "station": null, "railway:preferred_direction": "forward", "oneway": null, "maxspeed": "9.5 mph", "tiger:cfcc": null, "tiger:reviewed": null, "maxspeed:freight": null, "railway:ptc": null, "railway:track_class": null, "railway:track_ref": null, "old_railway_operator": null, "railway:atc": null, "tiger:name_base": null, "railway:traffic_mode": null, "reporting_marks": null, "tunnel:name": null, "segregated": null, "sidewalk": null, "cycleway": null, "tiger:name_type": null, "passenger_lines": null, "passenger": null, "railway:preserved": null, "cycleway:left": null, "cycleway:right": null, "cycleway:right:lane": null, "lcn": null, "lanes": null, "abandoned:railway": null, "abandoned:name": null, "smoothness": null, "tracktype": null, "source:construction": null, "tiger:source": null, "tiger:tlid": null, "tiger:upload_uuid": null, "review": null, "maxspeed:backward": null, "maxspeed:forward": null, "maxspeed:freight:backward": null, "historic:name": null, "historic:operator": null, "historic:usage": null, "bridge:name": null, "operator:short": null, "embankment": null, "old_name": null, "route": null, "type": null, "cutting": null, "vta:id": null, "maxheight": null, "razed:railway": null, "cycleway:both": null, "cycleway:both:lane": null, "lane_markings": null, "name_1": null, "tiger:name_base_1": null, "tiger:name_type_1": null, "width": null, "abandoned": null, "tiger:separated": null, "incline": null, "bridge:movable": null, "bridge:wikidata": null, "bridge:wikipedia": null, "heritage": null, "heritage:operator": null, "ref:nrhp": null, "bridge_ref": null, "milepost:county": null, "source:bridge": null, "source_ref:bridge": null, "hgv": null, "demolished:railway": null, "loc_name": null, "route_ref": null, "embedded": null, "addr:county": null, "ref:lahcm": null, "construction": null, "opening_date": null, "created_by": null, "bridge:alt_name": null, "maxspeed:freight:forward": null, "name:pronunciation": null, "cable_tram": "cable", "ref:cpuc": null, "ref:fra_crossing": null, "flood_prone": null, "motorcycle": null, "bing": null, "railway:cbtc": null, "tunnel:alt_name": null, "ID": null, "assmntdist": null, "built": null, "finish": null, "region": null, "shape_le_1": null, "shape_len": null, "start": null, "winter": null, "highspeed": null, "crossing:markings": null, "tunnel:wikidata": null, "NHS": null, "dog": null, "bridge:structure": null, "builder": null, "line": null, "is_in:state_code": null, "demolished": null, "old_attraction_name": null, "destination:lanes": null, "hov": null, "toll": null, "toll:hov": null, "turn:lanes": null, "railway:interlaced": null, "seasonal:dry_season": null, "seasonal:wet_season": null, "removed:bridge": null, "designation": null, "razed": null, "name:es": null, "destination": null, "lift_chain": null, "source:1": null, "hov:minimum": null, "old_ref": null, "construction:electrified": null, "construction:frequency": null, "construction:railway": null, "construction:voltage": null, "FIXME": null, "abandoned:usage": null, "admin_level": null, "border_type": null, "boundary": null, "ruins:bridge": null, "own": null, "leisure": null, "ohv": null, "source:maxspeed": null, "maxspeed:passenger": null, "was:gauge": null, "was:service": null, "hgv:national_network": null, "source:hgv:national_network": null, "tiger:name_base_2": null, "tiger:name_type_2": null, "nrhp:criteria": null, "nrhp:inscription_date": null, "nrhp:nhl": null, "old_name:1927-1968": null, "ref:cli": null, "name_2": null, "mtb:scale": null, "mtb:scale:uphill": null, "trail_visibility": null, "alt_owner": null, "url": null, "construction:railway:etcs": null, "lanes:backward": null, "lanes:both_ways": null, "lanes:forward": null, "parking:lane:both": null, "turn:lanes:both_ways": null, "disused:service": null, "MAPKEY": null, "OBJECTID": null, "SHAPE_STLe": null, "sccgis:objectid": null, "miniature:scale": null, "colour": null, "turn:lanes:forward": null, "turn:lanes:backward": null, "parking:lane:right": null, "mtb:scale:imba": null, "sac_scale": null, "cycleway:left:oneway": null, "end_date": null, "bus:lanes:backward": null, "bus:lanes:forward": null, "ford": null, "parking:both": null, "parking:both:orientation": null, "historic_usage": null, "construction:maxspeed": null, "proposed:electrified": null, "proposed:frequency": null, "proposed:voltage": null, "abandoned:service": null, "destination:ref": null, "construction:name": null, "construction:network": null, "construction:operator": null, "construction:wikidata": null, "construction:wikipedia": null, "change": null, "railway:disused": null, "crossing:island": null, "source:exit": null, "source:width": null, "footway": null, "disused": null, "contact:email": null, "contact:phone": null, "contact:website": null, "group_only": null, "name:en": null, "change:forward": null, "change:backward": null, "bus:lanes": null, "trolley_wire": null, "abandoned:electrified": null, "crossing:signals": null, "maxweight:hgv": null, "maxweight:hgv:conditional": null, "maxweight:hgv_articulated": null, "razed:service": null, "demolished:bridge": null, "crossing:barrier": null, "tracks": null, "heritage:website": null, "razed:usage": null, "parking:lane:left": null, "imagery": null, "local_ref": null, "crane:type": null, "submerged": null, "construction:gauge": null, "construction:usage": null, "planned": null, "floor": null, "lastcheck": null, "end_date:railway": null, "bridge:ref": null, "not:name": null, "stroller": null, "path": null, "proposed:railway:etcs": null, "was:bridge": null, "Note": null, "name:absent": null, "construction:service": null }, "geometry": { "type": "LineString", "coordinates": [ [ -122.4184784, 37.7964046 ], [ -122.4184797, 37.7964108 ], [ -122.4184872, 37.7964473 ], [ -122.418503, 37.7965139 ], [ -122.418504, 37.7965182 ], [ -122.41852, 37.7965995 ], [ -122.418659, 37.7972763 ], [ -122.4186732, 37.7973452 ], [ -122.4186901, 37.7974292 ], [ -122.418704, 37.7974999 ], [ -122.418842, 37.7981874 ], [ -122.4188473, 37.7982101 ], [ -122.4188606, 37.7982755 ], [ -122.4188784, 37.7983606 ], [ -122.4189197, 37.7985685 ], [ -122.4189895, 37.798915 ], [ -122.4190342, 37.7991367 ], [ -122.4190484, 37.7992072 ], [ -122.419059, 37.799263 ], [ -122.4190651, 37.79929 ], [ -122.4191099, 37.7995125 ], [ -122.4192222, 37.8000694 ], [ -122.4192368, 37.8001419 ], [ -122.419251, 37.8002125 ], [ -122.4192537, 37.800222 ], [ -122.4193038, 37.8004745 ], [ -122.41941, 37.8010022 ], [ -122.4194124, 37.8010122 ], [ -122.4194239, 37.8010707 ], [ -122.4194393, 37.8011486 ], [ -122.4195928, 37.8019305 ], [ -122.419601, 37.8019701 ], [ -122.4196077, 37.8019959 ], [ -122.419625, 37.8020773 ], [ -122.4197855, 37.8028673 ], [ -122.4197925, 37.802902 ], [ -122.4197969, 37.8029217 ], [ -122.4198164, 37.8030183 ], [ -122.4199721, 37.8037912 ], [ -122.4199919, 37.8038891 ], [ -122.4201601, 37.804724 ], [ -122.4201739, 37.8047924 ], [ -122.4201762, 37.8048037 ], [ -122.4201942, 37.8048929 ], [ -122.420342, 37.8056262 ], [ -122.4203482, 37.8056564 ], [ -122.4203633, 37.8057302 ], [ -122.4203804, 37.805816 ], [ -122.420526, 37.8065456 ] ] } },
{ "type": "Feature", "properties": { "id": "way/680987098", "@id": "way/680987098", "area": null, "historic": null, "name": null, "railway": "tram", "landuse": null, "operator": "San Francisco Municipal Railway", "bicycle": null, "covered": null, "departures_board": null, "foot": null, "highway": null, "indoor": null, "network": "Muni", "public_transport": null, "ref": null, "surface": null, "train": null, "lit": null, "wheelchair": null, "bench": null, "bin": null, "shelter": null, "owner": "San Francisco Municipal Railway", "building": null, "disused:railway": null, "source": null, "source_ref": null, "level": null, "tactile_paving": null, "addr:city": null, "addr:housenumber": null, "addr:postcode": null, "addr:state": null, "addr:street": null, "addr:street_direction_prefix": null, "industrial": null, "building:levels": null, "height": null, "light_rail": null, "air_conditioning": null, "attribution": null, "bak:fac_type1": null, "internet_access": null, "bus": null, "tram": null, "wheelchair:description": null, "check_date": null, "passenger_information_display": null, "bridge": null, "layer": null, "check_date:lit": null, "trolleybus": null, "bearing": null, "check_date:shelter": null, "tourism": null, "access": null, "subway": null, "location": null, "tunnel": null, "motor_vehicle": null, "operator:wikidata": null, "electrified": "no", "gauge": "1067", "alt_name": null, "note": null, "note:website": null, "phone": null, "railway:position": null, "railway:ref": null, "short_name": null, "website": null, "wikidata": null, "wikipedia": null, "service": null, "length": null, "addr:housename": null, "attraction": null, "monorail": null, "horse": null, "check_date:bin": null, "tiger:county": null, "start_date": null, "check_date:bench": null, "ele": null, "lacounty:ain": null, "lacounty:bld_id": null, "usage": null, "fixme": null, "rail": null, "source:imagery": null, "description": null, "underground": null, "frequency": null, "voltage": null, "network:wikidata": null, "network:wikipedia": null, "operator:wikipedia": null, "owner:wikidata": null, "owner:wikipedia": null, "organization": null, "crossing": null, "official_name": null, "railway:proposed": null, "proposed:public_transport": null, "proposed:railway": null, "proposed:tram": null, "turntable": null, "biotic_reef:type": null, "image": null, "natural": null, "protection_title": null, "reef": null, "ruined": null, "seamark:type": null, "man_made": null, "proposed": null, "wikimedia_commons": null, "addr:country": null, "toilets:wheelchair": null, "baby_feeding": null, "station": null, "railway:preferred_direction": "forward", "oneway": null, "maxspeed": null, "tiger:cfcc": null, "tiger:reviewed": null, "maxspeed:freight": null, "railway:ptc": null, "railway:track_class": null, "railway:track_ref": null, "old_railway_operator": null, "railway:atc": null, "tiger:name_base": null, "railway:traffic_mode": null, "reporting_marks": null, "tunnel:name": null, "segregated": null, "sidewalk": null, "cycleway": null, "tiger:name_type": null, "passenger_lines": null, "passenger": null, "railway:preserved": null, "cycleway:left": null, "cycleway:right": null, "cycleway:right:lane": null, "lcn": null, "lanes": null, "abandoned:railway": null, "abandoned:name": null, "smoothness": null, "tracktype": null, "source:construction": null, "tiger:source": null, "tiger:tlid": null, "tiger:upload_uuid": null, "review": null, "maxspeed:backward": null, "maxspeed:forward": null, "maxspeed:freight:backward": null, "historic:name": null, "historic:operator": null, "historic:usage": null, "bridge:name": null, "operator:short": null, "embankment": null, "old_name": null, "route": null, "type": null, "cutting": null, "vta:id": null, "maxheight": null, "razed:railway": null, "cycleway:both": null, "cycleway:both:lane": null, "lane_markings": null, "name_1": null, "tiger:name_base_1": null, "tiger:name_type_1": null, "width": null, "abandoned": null, "tiger:separated": null, "incline": null, "bridge:movable": null, "bridge:wikidata": null, "bridge:wikipedia": null, "heritage": null, "heritage:operator": null, "ref:nrhp": null, "bridge_ref": null, "milepost:county": null, "source:bridge": null, "source_ref:bridge": null, "hgv": null, "demolished:railway": null, "loc_name": null, "route_ref": null, "embedded": null, "addr:county": null, "ref:lahcm": null, "construction": null, "opening_date": null, "created_by": null, "bridge:alt_name": null, "maxspeed:freight:forward": null, "name:pronunciation": null, "cable_tram": null, "ref:cpuc": null, "ref:fra_crossing": null, "flood_prone": null, "motorcycle": null, "bing": null, "railway:cbtc": null, "tunnel:alt_name": null, "ID": null, "assmntdist": null, "built": null, "finish": null, "region": null, "shape_le_1": null, "shape_len": null, "start": null, "winter": null, "highspeed": null, "crossing:markings": null, "tunnel:wikidata": null, "NHS": null, "dog": null, "bridge:structure": null, "builder": null, "line": null, "is_in:state_code": null, "demolished": null, "old_attraction_name": null, "destination:lanes": null, "hov": null, "toll": null, "toll:hov": null, "turn:lanes": null, "railway:interlaced": null, "seasonal:dry_season": null, "seasonal:wet_season": null, "removed:bridge": null, "designation": null, "razed": null, "name:es": null, "destination": null, "lift_chain": null, "source:1": null, "hov:minimum": null, "old_ref": null, "construction:electrified": null, "construction:frequency": null, "construction:railway": null, "construction:voltage": null, "FIXME": null, "abandoned:usage": null, "admin_level": null, "border_type": null, "boundary": null, "ruins:bridge": null, "own": null, "leisure": null, "ohv": null, "source:maxspeed": null, "maxspeed:passenger": null, "was:gauge": null, "was:service": null, "hgv:national_network": null, "source:hgv:national_network": null, "tiger:name_base_2": null, "tiger:name_type_2": null, "nrhp:criteria": null, "nrhp:inscription_date": null, "nrhp:nhl": null, "old_name:1927-1968": null, "ref:cli": null, "name_2": null, "mtb:scale": null, "mtb:scale:uphill": null, "trail_visibility": null, "alt_owner": null, "url": null, "construction:railway:etcs": null, "lanes:backward": null, "lanes:both_ways": null, "lanes:forward": null, "parking:lane:both": null, "turn:lanes:both_ways": null, "disused:service": null, "MAPKEY": null, "OBJECTID": null, "SHAPE_STLe": null, "sccgis:objectid": null, "miniature:scale": null, "colour": null, "turn:lanes:forward": null, "turn:lanes:backward": null, "parking:lane:right": null, "mtb:scale:imba": null, "sac_scale": null, "cycleway:left:oneway": null, "end_date": null, "bus:lanes:backward": null, "bus:lanes:forward": null, "ford": null, "parking:both": null, "parking:both:orientation": null, "historic_usage": null, "construction:maxspeed": null, "proposed:electrified": null, "proposed:frequency": null, "proposed:voltage": null, "abandoned:service": null, "destination:ref": null, "construction:name": null, "construction:network": null, "construction:operator": null, "construction:wikidata": null, "construction:wikipedia": null, "change": null, "railway:disused": null, "crossing:island": null, "source:exit": null, "source:width": null, "footway": null, "disused": null, "contact:email": null, "contact:phone": null, "contact:website": null, "group_only": null, "name:en": null, "change:forward": null, "change:backward": null, "bus:lanes": null, "trolley_wire": null, "abandoned:electrified": null, "crossing:signals": null, "maxweight:hgv": null, "maxweight:hgv:conditional": null, "maxweight:hgv_articulated": null, "razed:service": null, "demolished:bridge": null, "crossing:barrier": null, "tracks": null, "heritage:website": null, "razed:usage": null, "parking:lane:left": null, "imagery": null, "local_ref": null, "crane:type": null, "submerged": null, "construction:gauge": null, "construction:usage": null, "planned": null, "floor": null, "lastcheck": null, "end_date:railway": null, "bridge:ref": null, "not:name": null, "stroller": null, "path": null, "proposed:railway:etcs": null, "was:bridge": null, "Note": null, "name:absent": null, "construction:service": null }, "geometry": { "type": "LineString", "coordinates": [ [ -122.4212117, 37.8070275 ], [ -122.4211418, 37.8069866 ] ] } },
{ "type": "Feature", "properties": { "id": "way/680987099", "@id": "way/680987099", "area": null, "historic": null, "name": null, "railway": "tram", "landuse": null, "operator": "San Francisco Municipal Railway", "bicycle": null, "covered": null, "departures_board": null, "foot": null, "highway": null, "indoor": null, "network": "Muni", "public_transport": null, "ref": null, "surface": null, "train": null, "lit": null, "wheelchair": null, "bench": null, "bin": null, "shelter": null, "owner": "San Francisco Municipal Railway", "building": null, "disused:railway": null, "source": null, "source_ref": null, "level": "0", "tactile_paving": null, "addr:city": null, "addr:housenumber": null, "addr:postcode": null, "addr:state": null, "addr:street": null, "addr:street_direction_prefix": null, "industrial": null, "building:levels": null, "height": null, "light_rail": null, "air_conditioning": null, "attribution": null, "bak:fac_type1": null, "internet_access": null, "bus": null, "tram": null, "wheelchair:description": null, "check_date": null, "passenger_information_display": null, "bridge": null, "layer": null, "check_date:lit": null, "trolleybus": null, "bearing": null, "check_date:shelter": null, "tourism": null, "access": null, "subway": null, "location": null, "tunnel": null, "motor_vehicle": null, "operator:wikidata": null, "electrified": "no", "gauge": "1067", "alt_name": null, "note": null, "note:website": null, "phone": null, "railway:position": null, "railway:ref": null, "short_name": null, "website": null, "wikidata": null, "wikipedia": null, "service": null, "length": null, "addr:housename": null, "attraction": null, "monorail": null, "horse": null, "check_date:bin": null, "tiger:county": null, "start_date": null, "check_date:bench": null, "ele": null, "lacounty:ain": null, "lacounty:bld_id": null, "usage": null, "fixme": null, "rail": null, "source:imagery": null, "description": null, "underground": null, "frequency": null, "voltage": null, "network:wikidata": null, "network:wikipedia": null, "operator:wikipedia": null, "owner:wikidata": null, "owner:wikipedia": null, "organization": null, "crossing": null, "official_name": null, "railway:proposed": null, "proposed:public_transport": null, "proposed:railway": null, "proposed:tram": null, "turntable": null, "biotic_reef:type": null, "image": null, "natural": null, "protection_title": null, "reef": null, "ruined": null, "seamark:type": null, "man_made": null, "proposed": null, "wikimedia_commons": null, "addr:country": null, "toilets:wheelchair": null, "baby_feeding": null, "station": null, "railway:preferred_direction": "forward", "oneway": null, "maxspeed": null, "tiger:cfcc": null, "tiger:reviewed": null, "maxspeed:freight": null, "railway:ptc": null, "railway:track_class": null, "railway:track_ref": null, "old_railway_operator": null, "railway:atc": null, "tiger:name_base": null, "railway:traffic_mode": null, "reporting_marks": null, "tunnel:name": null, "segregated": null, "sidewalk": null, "cycleway": null, "tiger:name_type": null, "passenger_lines": null, "passenger": null, "railway:preserved": null, "cycleway:left": null, "cycleway:right": null, "cycleway:right:lane": null, "lcn": null, "lanes": null, "abandoned:railway": null, "abandoned:name": null, "smoothness": null, "tracktype": null, "source:construction": null, "tiger:source": null, "tiger:tlid": null, "tiger:upload_uuid": null, "review": null, "maxspeed:backward": null, "maxspeed:forward": null, "maxspeed:freight:backward": null, "historic:name": null, "historic:operator": null, "historic:usage": null, "bridge:name": null, "operator:short": null, "embankment": null, "old_name": null, "route": null, "type": null, "cutting": null, "vta:id": null, "maxheight": null, "razed:railway": null, "cycleway:both": null, "cycleway:both:lane": null, "lane_markings": null, "name_1": null, "tiger:name_base_1": null, "tiger:name_type_1": null, "width": null, "abandoned": null, "tiger:separated": null, "incline": null, "bridge:movable": null, "bridge:wikidata": null, "bridge:wikipedia": null, "heritage": null, "heritage:operator": null, "ref:nrhp": null, "bridge_ref": null, "milepost:county": null, "source:bridge": null, "source_ref:bridge": null, "hgv": null, "demolished:railway": null, "loc_name": null, "route_ref": null, "embedded": null, "addr:county": null, "ref:lahcm": null, "construction": null, "opening_date": null, "created_by": null, "bridge:alt_name": null, "maxspeed:freight:forward": null, "name:pronunciation": null, "cable_tram": null, "ref:cpuc": null, "ref:fra_crossing": null, "flood_prone": null, "motorcycle": null, "bing": null, "railway:cbtc": null, "tunnel:alt_name": null, "ID": null, "assmntdist": null, "built": null, "finish": null, "region": null, "shape_le_1": null, "shape_len": null, "start": null, "winter": null, "highspeed": null, "crossing:markings": null, "tunnel:wikidata": null, "NHS": null, "dog": null, "bridge:structure": null, "builder": null, "line": null, "is_in:state_code": null, "demolished": null, "old_attraction_name": null, "destination:lanes": null, "hov": null, "toll": null, "toll:hov": null, "turn:lanes": null, "railway:interlaced": null, "seasonal:dry_season": null, "seasonal:wet_season": null, "removed:bridge": null, "designation": null, "razed": null, "name:es": null, "destination": null, "lift_chain": null, "source:1": null, "hov:minimum": null, "old_ref": null, "construction:electrified": null, "construction:frequency": null, "construction:railway": null, "construction:voltage": null, "FIXME": null, "abandoned:usage": null, "admin_level": null, "border_type": null, "boundary": null, "ruins:bridge": null, "own": null, "leisure": null, "ohv": null, "source:maxspeed": null, "maxspeed:passenger": null, "was:gauge": null, "was:service": null, "hgv:national_network": null, "source:hgv:national_network": null, "tiger:name_base_2": null, "tiger:name_type_2": null, "nrhp:criteria": null, "nrhp:inscription_date": null, "nrhp:nhl": null, "old_name:1927-1968": null, "ref:cli": null, "name_2": null, "mtb:scale": null, "mtb:scale:uphill": null, "trail_visibility": null, "alt_owner": null, "url": null, "construction:railway:etcs": null, "lanes:backward": null, "lanes:both_ways": null, "lanes:forward": null, "parking:lane:both": null, "turn:lanes:both_ways": null, "disused:service": null, "MAPKEY": null, "OBJECTID": null, "SHAPE_STLe": null, "sccgis:objectid": null, "miniature:scale": null, "colour": null, "turn:lanes:forward": null, "turn:lanes:backward": null, "parking:lane:right": null, "mtb:scale:imba": null, "sac_scale": null, "cycleway:left:oneway": null, "end_date": null, "bus:lanes:backward": null, "bus:lanes:forward": null, "ford": null, "parking:both": null, "parking:both:orientation": null, "historic_usage": null, "construction:maxspeed": null, "proposed:electrified": null, "proposed:frequency": null, "proposed:voltage": null, "abandoned:service": null, "destination:ref": null, "construction:name": null, "construction:network": null, "construction:operator": null, "construction:wikidata": null, "construction:wikipedia": null, "change": null, "railway:disused": null, "crossing:island": null, "source:exit": null, "source:width": null, "footway": null, "disused": null, "contact:email": null, "contact:phone": null, "contact:website": null, "group_only": null, "name:en": null, "change:forward": null, "change:backward": null, "bus:lanes": null, "trolley_wire": null, "abandoned:electrified": null, "crossing:signals": null, "maxweight:hgv": null, "maxweight:hgv:conditional": null, "maxweight:hgv_articulated": null, "razed:service": null, "demolished:bridge": null, "crossing:barrier": null, "tracks": null, "heritage:website": null, "razed:usage": null, "parking:lane:left": null, "imagery": null, "local_ref": null, "crane:type": null, "submerged": null, "construction:gauge": null, "construction:usage": null, "planned": null, "floor": null, "lastcheck": null, "end_date:railway": null, "bridge:ref": null, "not:name": null, "stroller": null, "path": null, "proposed:railway:etcs": null, "was:bridge": null, "Note": null, "name:absent": null, "construction:service": null }, "geometry": { "type": "LineString", "coordinates": [ [ -122.4077462, 37.7847869 ], [ -122.4077426, 37.7847741 ], [ -122.4077355, 37.7847621 ], [ -122.4077265, 37.7847502 ], [ -122.4077143, 37.7847315 ] ] } },
{ "type": "Feature", "properties": { "id": "way/680987100", "@id": "way/680987100", "area": null, "historic": null, "name": null, "railway": "tram", "landuse": null, "operator": "San Francisco Municipal Railway", "bicycle": null, "covered": null, "departures_board": null, "foot": null, "highway": null, "indoor": null, "network": "Muni", "public_transport": null, "ref": null, "surface": null, "train": null, "lit": null, "wheelchair": null, "bench": null, "bin": null, "shelter": null, "owner": "San Francisco Municipal Railway", "building": null, "disused:railway": null, "source": null, "source_ref": null, "level": "0", "tactile_paving": null, "addr:city": null, "addr:housenumber": null, "addr:postcode": null, "addr:state": null, "addr:street": null, "addr:street_direction_prefix": null, "industrial": null, "building:levels": null, "height": null, "light_rail": null, "air_conditioning": null, "attribution": null, "bak:fac_type1": null, "internet_access": null, "bus": null, "tram": null, "wheelchair:description": null, "check_date": null, "passenger_information_display": null, "bridge": null, "layer": null, "check_date:lit": null, "trolleybus": null, "bearing": null, "check_date:shelter": null, "tourism": null, "access": null, "subway": null, "location": null, "tunnel": null, "motor_vehicle": null, "operator:wikidata": null, "electrified": "no", "gauge": "1067", "alt_name": null, "note": null, "note:website": null, "phone": null, "railway:position": null, "railway:ref": null, "short_name": null, "website": null, "wikidata": null, "wikipedia": null, "service": null, "length": null, "addr:housename": null, "attraction": null, "monorail": null, "horse": null, "check_date:bin": null, "tiger:county": null, "start_date": null, "check_date:bench": null, "ele": null, "lacounty:ain": null, "lacounty:bld_id": null, "usage": null, "fixme": null, "rail": null, "source:imagery": null, "description": null, "underground": null, "frequency": null, "voltage": null, "network:wikidata": null, "network:wikipedia": null, "operator:wikipedia": null, "owner:wikidata": null, "owner:wikipedia": null, "organization": null, "crossing": null, "official_name": null, "railway:proposed": null, "proposed:public_transport": null, "proposed:railway": null, "proposed:tram": null, "turntable": null, "biotic_reef:type": null, "image": null, "natural": null, "protection_title": null, "reef": null, "ruined": null, "seamark:type": null, "man_made": null, "proposed": null, "wikimedia_commons": null, "addr:country": null, "toilets:wheelchair": null, "baby_feeding": null, "station": null, "railway:preferred_direction": "forward", "oneway": null, "maxspeed": null, "tiger:cfcc": null, "tiger:reviewed": null, "maxspeed:freight": null, "railway:ptc": null, "railway:track_class": null, "railway:track_ref": null, "old_railway_operator": null, "railway:atc": null, "tiger:name_base": null, "railway:traffic_mode": null, "reporting_marks": null, "tunnel:name": null, "segregated": null, "sidewalk": null, "cycleway": null, "tiger:name_type": null, "passenger_lines": null, "passenger": null, "railway:preserved": null, "cycleway:left": null, "cycleway:right": null, "cycleway:right:lane": null, "lcn": null, "lanes": null, "abandoned:railway": null, "abandoned:name": null, "smoothness": null, "tracktype": null, "source:construction": null, "tiger:source": null, "tiger:tlid": null, "tiger:upload_uuid": null, "review": null, "maxspeed:backward": null, "maxspeed:forward": null, "maxspeed:freight:backward": null, "historic:name": null, "historic:operator": null, "historic:usage": null, "bridge:name": null, "operator:short": null, "embankment": null, "old_name": null, "route": null, "type": null, "cutting": null, "vta:id": null, "maxheight": null, "razed:railway": null, "cycleway:both": null, "cycleway:both:lane": null, "lane_markings": null, "name_1": null, "tiger:name_base_1": null, "tiger:name_type_1": null, "width": null, "abandoned": null, "tiger:separated": null, "incline": null, "bridge:movable": null, "bridge:wikidata": null, "bridge:wikipedia": null, "heritage": null, "heritage:operator": null, "ref:nrhp": null, "bridge_ref": null, "milepost:county": null, "source:bridge": null, "source_ref:bridge": null, "hgv": null, "demolished:railway": null, "loc_name": null, "route_ref": null, "embedded": null, "addr:county": null, "ref:lahcm": null, "construction": null, "opening_date": null, "created_by": null, "bridge:alt_name": null, "maxspeed:freight:forward": null, "name:pronunciation": null, "cable_tram": "cable", "ref:cpuc": null, "ref:fra_crossing": null, "flood_prone": null, "motorcycle": null, "bing": null, "railway:cbtc": null, "tunnel:alt_name": null, "ID": null, "assmntdist": null, "built": null, "finish": null, "region": null, "shape_le_1": null, "shape_len": null, "start": null, "winter": null, "highspeed": null, "crossing:markings": null, "tunnel:wikidata": null, "NHS": null, "dog": null, "bridge:structure": null, "builder": null, "line": null, "is_in:state_code": null, "demolished": null, "old_attraction_name": null, "destination:lanes": null, "hov": null, "toll": null, "toll:hov": null, "turn:lanes": null, "railway:interlaced": null, "seasonal:dry_season": null, "seasonal:wet_season": null, "removed:bridge": null, "designation": null, "razed": null, "name:es": null, "destination": null, "lift_chain": null, "source:1": null, "hov:minimum": null, "old_ref": null, "construction:electrified": null, "construction:frequency": null, "construction:railway": null, "construction:voltage": null, "FIXME": null, "abandoned:usage": null, "admin_level": null, "border_type": null, "boundary": null, "ruins:bridge": null, "own": null, "leisure": null, "ohv": null, "source:maxspeed": null, "maxspeed:passenger": null, "was:gauge": null, "was:service": null, "hgv:national_network": null, "source:hgv:national_network": null, "tiger:name_base_2": null, "tiger:name_type_2": null, "nrhp:criteria": null, "nrhp:inscription_date": null, "nrhp:nhl": null, "old_name:1927-1968": null, "ref:cli": null, "name_2": null, "mtb:scale": null, "mtb:scale:uphill": null, "trail_visibility": null, "alt_owner": null, "url": null, "construction:railway:etcs": null, "lanes:backward": null, "lanes:both_ways": null, "lanes:forward": null, "parking:lane:both": null, "turn:lanes:both_ways": null, "disused:service": null, "MAPKEY": null, "OBJECTID": null, "SHAPE_STLe": null, "sccgis:objectid": null, "miniature:scale": null, "colour": null, "turn:lanes:forward": null, "turn:lanes:backward": null, "parking:lane:right": null, "mtb:scale:imba": null, "sac_scale": null, "cycleway:left:oneway": null, "end_date": null, "bus:lanes:backward": null, "bus:lanes:forward": null, "ford": null, "parking:both": null, "parking:both:orientation": null, "historic_usage": null, "construction:maxspeed": null, "proposed:electrified": null, "proposed:frequency": null, "proposed:voltage": null, "abandoned:service": null, "destination:ref": null, "construction:name": null, "construction:network": null, "construction:operator": null, "construction:wikidata": null, "construction:wikipedia": null, "change": null, "railway:disused": null, "crossing:island": null, "source:exit": null, "source:width": null, "footway": null, "disused": null, "contact:email": null, "contact:phone": null, "contact:website": null, "group_only": null, "name:en": null, "change:forward": null, "change:backward": null, "bus:lanes": null, "trolley_wire": null, "abandoned:electrified": null, "crossing:signals": null, "maxweight:hgv": null, "maxweight:hgv:conditional": null, "maxweight:hgv_articulated": null, "razed:service": null, "demolished:bridge": null, "crossing:barrier": null, "tracks": null, "heritage:website": null, "razed:usage": null, "parking:lane:left": null, "imagery": null, "local_ref": null, "crane:type": null, "submerged": null, "construction:gauge": null, "construction:usage": null, "planned": null, "floor": null, "lastcheck": null, "end_date:railway": null, "bridge:ref": null, "not:name": null, "stroller": null, "path": null, "proposed:railway:etcs": null, "was:bridge": null, "Note": null, "name:absent": null, "construction:service": null }, "geometry": { "type": "LineString", "coordinates": [ [ -122.407706, 37.7847345 ], [ -122.40773, 37.7848858 ] ] } },
{ "type": "Feature", "properties": { "id": "way/680987101", "@id": "way/680987101", "area": null, "historic": null, "name": null, "railway": "tram", "landuse": null, "operator": "San Francisco Municipal Railway", "bicycle": null, "covered": null, "departures_board": null, "foot": null, "highway": null, "indoor": null, "network": "Muni", "public_transport": null, "ref": null, "surface": null, "train": null, "lit": null, "wheelchair": null, "bench": null, "bin": null, "shelter": null, "owner": "San Francisco Municipal Railway", "building": null, "disused:railway": null, "source": null, "source_ref": null, "level": null, "tactile_paving": null, "addr:city": null, "addr:housenumber": null, "addr:postcode": null, "addr:state": null, "addr:street": null, "addr:street_direction_prefix": null, "industrial": null, "building:levels": null, "height": null, "light_rail": null, "air_conditioning": null, "attribution": null, "bak:fac_type1": null, "internet_access": null, "bus": null, "tram": null, "wheelchair:description": null, "check_date": null, "passenger_information_display": null, "bridge": null, "layer": null, "check_date:lit": null, "trolleybus": null, "bearing": null, "check_date:shelter": null, "tourism": null, "access": null, "subway": null, "location": null, "tunnel": null, "motor_vehicle": null, "operator:wikidata": null, "electrified": "no", "gauge": "1067", "alt_name": null, "note": null, "note:website": null, "phone": null, "railway:position": null, "railway:ref": null, "short_name": null, "website": null, "wikidata": null, "wikipedia": null, "service": null, "length": null, "addr:housename": null, "attraction": null, "monorail": null, "horse": null, "check_date:bin": null, "tiger:county": null, "start_date": null, "check_date:bench": null, "ele": null, "lacounty:ain": null, "lacounty:bld_id": null, "usage": null, "fixme": null, "rail": null, "source:imagery": null, "description": null, "underground": null, "frequency": null, "voltage": null, "network:wikidata": null, "network:wikipedia": null, "operator:wikipedia": null, "owner:wikidata": null, "owner:wikipedia": null, "organization": null, "crossing": null, "official_name": null, "railway:proposed": null, "proposed:public_transport": null, "proposed:railway": null, "proposed:tram": null, "turntable": null, "biotic_reef:type": null, "image": null, "natural": null, "protection_title": null, "reef": null, "ruined": null, "seamark:type": null, "man_made": null, "proposed": null, "wikimedia_commons": null, "addr:country": null, "toilets:wheelchair": null, "baby_feeding": null, "station": null, "railway:preferred_direction": "forward", "oneway": null, "maxspeed": null, "tiger:cfcc": null, "tiger:reviewed": null, "maxspeed:freight": null, "railway:ptc": null, "railway:track_class": null, "railway:track_ref": null, "old_railway_operator": null, "railway:atc": null, "tiger:name_base": null, "railway:traffic_mode": null, "reporting_marks": null, "tunnel:name": null, "segregated": null, "sidewalk": null, "cycleway": null, "tiger:name_type": null, "passenger_lines": null, "passenger": null, "railway:preserved": null, "cycleway:left": null, "cycleway:right": null, "cycleway:right:lane": null, "lcn": null, "lanes": null, "abandoned:railway": null, "abandoned:name": null, "smoothness": null, "tracktype": null, "source:construction": null, "tiger:source": null, "tiger:tlid": null, "tiger:upload_uuid": null, "review": null, "maxspeed:backward": null, "maxspeed:forward": null, "maxspeed:freight:backward": null, "historic:name": null, "historic:operator": null, "historic:usage": null, "bridge:name": null, "operator:short": null, "embankment": null, "old_name": null, "route": null, "type": null, "cutting": null, "vta:id": null, "maxheight": null, "razed:railway": null, "cycleway:both": null, "cycleway:both:lane": null, "lane_markings": null, "name_1": null, "tiger:name_base_1": null, "tiger:name_type_1": null, "width": null, "abandoned": null, "tiger:separated": null, "incline": null, "bridge:movable": null, "bridge:wikidata": null, "bridge:wikipedia": null, "heritage": null, "heritage:operator": null, "ref:nrhp": null, "bridge_ref": null, "milepost:county": null, "source:bridge": null, "source_ref:bridge": null, "hgv": null, "demolished:railway": null, "loc_name": null, "route_ref": null, "embedded": null, "addr:county": null, "ref:lahcm": null, "construction": null, "opening_date": null, "created_by": null, "bridge:alt_name": null, "maxspeed:freight:forward": null, "name:pronunciation": null, "cable_tram": null, "ref:cpuc": null, "ref:fra_crossing": null, "flood_prone": null, "motorcycle": null, "bing": null, "railway:cbtc": null, "tunnel:alt_name": null, "ID": null, "assmntdist": null, "built": null, "finish": null, "region": null, "shape_le_1": null, "shape_len": null, "start": null, "winter": null, "highspeed": null, "crossing:markings": null, "tunnel:wikidata": null, "NHS": null, "dog": null, "bridge:structure": null, "builder": null, "line": null, "is_in:state_code": null, "demolished": null, "old_attraction_name": null, "destination:lanes": null, "hov": null, "toll": null, "toll:hov": null, "turn:lanes": null, "railway:interlaced": null, "seasonal:dry_season": null, "seasonal:wet_season": null, "removed:bridge": null, "designation": null, "razed": null, "name:es": null, "destination": null, "lift_chain": null, "source:1": null, "hov:minimum": null, "old_ref": null, "construction:electrified": null, "construction:frequency": null, "construction:railway": null, "construction:voltage": null, "FIXME": null, "abandoned:usage": null, "admin_level": null, "border_type": null, "boundary": null, "ruins:bridge": null, "own": null, "leisure": null, "ohv": null, "source:maxspeed": null, "maxspeed:passenger": null, "was:gauge": null, "was:service": null, "hgv:national_network": null, "source:hgv:national_network": null, "tiger:name_base_2": null, "tiger:name_type_2": null, "nrhp:criteria": null, "nrhp:inscription_date": null, "nrhp:nhl": null, "old_name:1927-1968": null, "ref:cli": null, "name_2": null, "mtb:scale": null, "mtb:scale:uphill": null, "trail_visibility": null, "alt_owner": null, "url": null, "construction:railway:etcs": null, "lanes:backward": null, "lanes:both_ways": null, "lanes:forward": null, "parking:lane:both": null, "turn:lanes:both_ways": null, "disused:service": null, "MAPKEY": null, "OBJECTID": null, "SHAPE_STLe": null, "sccgis:objectid": null, "miniature:scale": null, "colour": null, "turn:lanes:forward": null, "turn:lanes:backward": null, "parking:lane:right": null, "mtb:scale:imba": null, "sac_scale": null, "cycleway:left:oneway": null, "end_date": null, "bus:lanes:backward": null, "bus:lanes:forward": null, "ford": null, "parking:both": null, "parking:both:orientation": null, "historic_usage": null, "construction:maxspeed": null, "proposed:electrified": null, "proposed:frequency": null, "proposed:voltage": null, "abandoned:service": null, "destination:ref": null, "construction:name": null, "construction:network": null, "construction:operator": null, "construction:wikidata": null, "construction:wikipedia": null, "change": null, "railway:disused": null, "crossing:island": null, "source:exit": null, "source:width": null, "footway": null, "disused": null, "contact:email": null, "contact:phone": null, "contact:website": null, "group_only": null, "name:en": null, "change:forward": null, "change:backward": null, "bus:lanes": null, "trolley_wire": null, "abandoned:electrified": null, "crossing:signals": null, "maxweight:hgv": null, "maxweight:hgv:conditional": null, "maxweight:hgv_articulated": null, "razed:service": null, "demolished:bridge": null, "crossing:barrier": null, "tracks": null, "heritage:website": null, "razed:usage": null, "parking:lane:left": null, "imagery": null, "local_ref": null, "crane:type": null, "submerged": null, "construction:gauge": null, "construction:usage": null, "planned": null, "floor": null, "lastcheck": null, "end_date:railway": null, "bridge:ref": null, "not:name": null, "stroller": null, "path": null, "proposed:railway:etcs": null, "was:bridge": null, "Note": null, "name:absent": null, "construction:service": null }, "geometry": { "type": "LineString", "coordinates": [ [ -122.4205293, 37.8065613 ], [ -122.4205353, 37.8065894 ], [ -122.4205416, 37.8066142 ], [ -122.420562, 37.8066535 ], [ -122.4205695, 37.806666 ], [ -122.4206093, 37.8067031 ], [ -122.42066, 37.8067434 ], [ -122.4207204, 37.8067809 ], [ -122.4207345, 37.8067897 ], [ -122.4209755, 37.8069296 ], [ -122.4211171, 37.8070164 ], [ -122.4211512, 37.8070299 ], [ -122.4211793, 37.8070362 ], [ -122.4212061, 37.8070394 ] ] } },
{ "type": "Feature", "properties": { "id": "way/706527720", "@id": "way/706527720", "area": null, "historic": null, "name": null, "railway": "tram", "landuse": null, "operator": "San Francisco Municipal Railway", "bicycle": null, "covered": null, "departures_board": null, "foot": null, "highway": null, "indoor": null, "network": "Muni", "public_transport": null, "ref": null, "surface": null, "train": null, "lit": null, "wheelchair": null, "bench": null, "bin": null, "shelter": null, "owner": "San Francisco Municipal Railway", "building": null, "disused:railway": null, "source": null, "source_ref": null, "level": null, "tactile_paving": null, "addr:city": null, "addr:housenumber": null, "addr:postcode": null, "addr:state": null, "addr:street": null, "addr:street_direction_prefix": null, "industrial": null, "building:levels": null, "height": null, "light_rail": null, "air_conditioning": null, "attribution": null, "bak:fac_type1": null, "internet_access": null, "bus": null, "tram": null, "wheelchair:description": null, "check_date": null, "passenger_information_display": null, "bridge": null, "layer": null, "check_date:lit": null, "trolleybus": null, "bearing": null, "check_date:shelter": null, "tourism": null, "access": null, "subway": null, "location": null, "tunnel": null, "motor_vehicle": null, "operator:wikidata": null, "electrified": "no", "gauge": "1067", "alt_name": null, "note": null, "note:website": null, "phone": null, "railway:position": null, "railway:ref": null, "short_name": null, "website": null, "wikidata": null, "wikipedia": null, "service": null, "length": null, "addr:housename": null, "attraction": null, "monorail": null, "horse": null, "check_date:bin": null, "tiger:county": null, "start_date": null, "check_date:bench": null, "ele": null, "lacounty:ain": null, "lacounty:bld_id": null, "usage": null, "fixme": null, "rail": null, "source:imagery": null, "description": null, "underground": null, "frequency": null, "voltage": null, "network:wikidata": null, "network:wikipedia": null, "operator:wikipedia": null, "owner:wikidata": null, "owner:wikipedia": null, "organization": null, "crossing": null, "official_name": null, "railway:proposed": null, "proposed:public_transport": null, "proposed:railway": null, "proposed:tram": null, "turntable": null, "biotic_reef:type": null, "image": null, "natural": null, "protection_title": null, "reef": null, "ruined": null, "seamark:type": null, "man_made": null, "proposed": null, "wikimedia_commons": null, "addr:country": null, "toilets:wheelchair": null, "baby_feeding": null, "station": null, "railway:preferred_direction": "forward", "oneway": null, "maxspeed": "9.5 mph", "tiger:cfcc": null, "tiger:reviewed": null, "maxspeed:freight": null, "railway:ptc": null, "railway:track_class": null, "railway:track_ref": null, "old_railway_operator": null, "railway:atc": null, "tiger:name_base": null, "railway:traffic_mode": null, "reporting_marks": null, "tunnel:name": null, "segregated": null, "sidewalk": null, "cycleway": null, "tiger:name_type": null, "passenger_lines": null, "passenger": null, "railway:preserved": null, "cycleway:left": null, "cycleway:right": null, "cycleway:right:lane": null, "lcn": null, "lanes": null, "abandoned:railway": null, "abandoned:name": null, "smoothness": null, "tracktype": null, "source:construction": null, "tiger:source": null, "tiger:tlid": null, "tiger:upload_uuid": null, "review": null, "maxspeed:backward": null, "maxspeed:forward": null, "maxspeed:freight:backward": null, "historic:name": null, "historic:operator": null, "historic:usage": null, "bridge:name": null, "operator:short": null, "embankment": null, "old_name": null, "route": null, "type": null, "cutting": null, "vta:id": null, "maxheight": null, "razed:railway": null, "cycleway:both": null, "cycleway:both:lane": null, "lane_markings": null, "name_1": null, "tiger:name_base_1": null, "tiger:name_type_1": null, "width": null, "abandoned": null, "tiger:separated": null, "incline": null, "bridge:movable": null, "bridge:wikidata": null, "bridge:wikipedia": null, "heritage": null, "heritage:operator": null, "ref:nrhp": null, "bridge_ref": null, "milepost:county": null, "source:bridge": null, "source_ref:bridge": null, "hgv": null, "demolished:railway": null, "loc_name": null, "route_ref": null, "embedded": null, "addr:county": null, "ref:lahcm": null, "construction": null, "opening_date": null, "created_by": null, "bridge:alt_name": null, "maxspeed:freight:forward": null, "name:pronunciation": null, "cable_tram": "cable", "ref:cpuc": null, "ref:fra_crossing": null, "flood_prone": null, "motorcycle": null, "bing": null, "railway:cbtc": null, "tunnel:alt_name": null, "ID": null, "assmntdist": null, "built": null, "finish": null, "region": null, "shape_le_1": null, "shape_len": null, "start": null, "winter": null, "highspeed": null, "crossing:markings": null, "tunnel:wikidata": null, "NHS": null, "dog": null, "bridge:structure": null, "builder": null, "line": null, "is_in:state_code": null, "demolished": null, "old_attraction_name": null, "destination:lanes": null, "hov": null, "toll": null, "toll:hov": null, "turn:lanes": null, "railway:interlaced": null, "seasonal:dry_season": null, "seasonal:wet_season": null, "removed:bridge": null, "designation": null, "razed": null, "name:es": null, "destination": null, "lift_chain": null, "source:1": null, "hov:minimum": null, "old_ref": null, "construction:electrified": null, "construction:frequency": null, "construction:railway": null, "construction:voltage": null, "FIXME": null, "abandoned:usage": null, "admin_level": null, "border_type": null, "boundary": null, "ruins:bridge": null, "own": null, "leisure": null, "ohv": null, "source:maxspeed": null, "maxspeed:passenger": null, "was:gauge": null, "was:service": null, "hgv:national_network": null, "source:hgv:national_network": null, "tiger:name_base_2": null, "tiger:name_type_2": null, "nrhp:criteria": null, "nrhp:inscription_date": null, "nrhp:nhl": null, "old_name:1927-1968": null, "ref:cli": null, "name_2": null, "mtb:scale": null, "mtb:scale:uphill": null, "trail_visibility": null, "alt_owner": null, "url": null, "construction:railway:etcs": null, "lanes:backward": null, "lanes:both_ways": null, "lanes:forward": null, "parking:lane:both": null, "turn:lanes:both_ways": null, "disused:service": null, "MAPKEY": null, "OBJECTID": null, "SHAPE_STLe": null, "sccgis:objectid": null, "miniature:scale": null, "colour": null, "turn:lanes:forward": null, "turn:lanes:backward": null, "parking:lane:right": null, "mtb:scale:imba": null, "sac_scale": null, "cycleway:left:oneway": null, "end_date": null, "bus:lanes:backward": null, "bus:lanes:forward": null, "ford": null, "parking:both": null, "parking:both:orientation": null, "historic_usage": null, "construction:maxspeed": null, "proposed:electrified": null, "proposed:frequency": null, "proposed:voltage": null, "abandoned:service": null, "destination:ref": null, "construction:name": null, "construction:network": null, "construction:operator": null, "construction:wikidata": null, "construction:wikipedia": null, "change": null, "railway:disused": null, "crossing:island": null, "source:exit": null, "source:width": null, "footway": null, "disused": null, "contact:email": null, "contact:phone": null, "contact:website": null, "group_only": null, "name:en": null, "change:forward": null, "change:backward": null, "bus:lanes": null, "trolley_wire": null, "abandoned:electrified": null, "crossing:signals": null, "maxweight:hgv": null, "maxweight:hgv:conditional": null, "maxweight:hgv_articulated": null, "razed:service": null, "demolished:bridge": null, "crossing:barrier": null, "tracks": null, "heritage:website": null, "razed:usage": null, "parking:lane:left": null, "imagery": null, "local_ref": null, "crane:type": null, "submerged": null, "construction:gauge": null, "construction:usage": null, "planned": null, "floor": null, "lastcheck": null, "end_date:railway": null, "bridge:ref": null, "not:name": null, "stroller": null, "path": null, "proposed:railway:etcs": null, "was:bridge": null, "Note": null, "name:absent": null, "construction:service": null }, "geometry": { "type": "LineString", "coordinates": [ [ -122.4116479, 37.7954014 ], [ -122.4116569, 37.7954003 ], [ -122.411698, 37.7953953 ], [ -122.4123532, 37.7953136 ], [ -122.412522, 37.7952915 ], [ -122.4131096, 37.7952155 ], [ -122.413188, 37.7952054 ], [ -122.413196, 37.7952046 ], [ -122.4132978, 37.7951917 ], [ -122.4138846, 37.795117 ], [ -122.4147635, 37.7950051 ], [ -122.4148425, 37.7949951 ], [ -122.414851, 37.794994 ], [ -122.4149419, 37.7949824 ], [ -122.4149961, 37.7949755 ], [ -122.4151972, 37.7949498 ], [ -122.416339, 37.7948038 ], [ -122.416395, 37.7947967 ], [ -122.4164892, 37.7947846 ], [ -122.4165916, 37.7947715 ], [ -122.4175507, 37.79465 ], [ -122.4179112, 37.7946028 ], [ -122.4179159, 37.7946023 ], [ -122.4179449, 37.7945997 ], [ -122.4179743, 37.7946 ], [ -122.4180006, 37.794603 ], [ -122.4180283, 37.7946097 ], [ -122.4180471, 37.7946166 ], [ -122.4180521, 37.7946184 ], [ -122.418074, 37.7946309 ], [ -122.4180799, 37.7946357 ], [ -122.4180963, 37.794649 ], [ -122.418114, 37.7946686 ], [ -122.4181275, 37.7946892 ], [ -122.4181379, 37.7947158 ], [ -122.418145, 37.7947438 ], [ -122.418162, 37.7948332 ], [ -122.4182118, 37.7950764 ], [ -122.4182745, 37.7953784 ], [ -122.4182837, 37.7954226 ], [ -122.4182915, 37.7954692 ], [ -122.4183031, 37.7955355 ], [ -122.418344, 37.7957329 ], [ -122.4184362, 37.7961882 ], [ -122.4184417, 37.796218 ] ] } },
{ "type": "Feature", "properties": { "id": "way/706527727", "@id": "way/706527727", "area": null, "historic": null, "name": null, "railway": "tram", "landuse": null, "operator": "San Francisco Municipal Railway", "bicycle": null, "covered": null, "departures_board": null, "foot": null, "highway": null, "indoor": null, "network": "Muni", "public_transport": null, "ref": null, "surface": null, "train": null, "lit": null, "wheelchair": null, "bench": null, "bin": null, "shelter": null, "owner": "San Francisco Municipal Railway", "building": null, "disused:railway": null, "source": null, "source_ref": null, "level": null, "tactile_paving": null, "addr:city": null, "addr:housenumber": null, "addr:postcode": null, "addr:state": null, "addr:street": null, "addr:street_direction_prefix": null, "industrial": null, "building:levels": null, "height": null, "light_rail": null, "air_conditioning": null, "attribution": null, "bak:fac_type1": null, "internet_access": null, "bus": null, "tram": null, "wheelchair:description": null, "check_date": null, "passenger_information_display": null, "bridge": null, "layer": null, "check_date:lit": null, "trolleybus": null, "bearing": null, "check_date:shelter": null, "tourism": null, "access": null, "subway": null, "location": null, "tunnel": null, "motor_vehicle": null, "operator:wikidata": null, "electrified": "no", "gauge": "1067", "alt_name": null, "note": null, "note:website": null, "phone": null, "railway:position": null, "railway:ref": null, "short_name": null, "website": null, "wikidata": null, "wikipedia": null, "service": null, "length": null, "addr:housename": null, "attraction": null, "monorail": null, "horse": null, "check_date:bin": null, "tiger:county": null, "start_date": null, "check_date:bench": null, "ele": null, "lacounty:ain": null, "lacounty:bld_id": null, "usage": null, "fixme": null, "rail": null, "source:imagery": null, "description": null, "underground": null, "frequency": null, "voltage": null, "network:wikidata": null, "network:wikipedia": null, "operator:wikipedia": null, "owner:wikidata": null, "owner:wikipedia": null, "organization": null, "crossing": null, "official_name": null, "railway:proposed": null, "proposed:public_transport": null, "proposed:railway": null, "proposed:tram": null, "turntable": null, "biotic_reef:type": null, "image": null, "natural": null, "protection_title": null, "reef": null, "ruined": null, "seamark:type": null, "man_made": null, "proposed": null, "wikimedia_commons": null, "addr:country": null, "toilets:wheelchair": null, "baby_feeding": null, "station": null, "railway:preferred_direction": "forward", "oneway": null, "maxspeed": "9.5 mph", "tiger:cfcc": null, "tiger:reviewed": null, "maxspeed:freight": null, "railway:ptc": null, "railway:track_class": null, "railway:track_ref": null, "old_railway_operator": null, "railway:atc": null, "tiger:name_base": null, "railway:traffic_mode": null, "reporting_marks": null, "tunnel:name": null, "segregated": null, "sidewalk": null, "cycleway": null, "tiger:name_type": null, "passenger_lines": null, "passenger": null, "railway:preserved": null, "cycleway:left": null, "cycleway:right": null, "cycleway:right:lane": null, "lcn": null, "lanes": null, "abandoned:railway": null, "abandoned:name": null, "smoothness": null, "tracktype": null, "source:construction": null, "tiger:source": null, "tiger:tlid": null, "tiger:upload_uuid": null, "review": null, "maxspeed:backward": null, "maxspeed:forward": null, "maxspeed:freight:backward": null, "historic:name": null, "historic:operator": null, "historic:usage": null, "bridge:name": null, "operator:short": null, "embankment": null, "old_name": null, "route": null, "type": null, "cutting": null, "vta:id": null, "maxheight": null, "razed:railway": null, "cycleway:both": null, "cycleway:both:lane": null, "lane_markings": null, "name_1": null, "tiger:name_base_1": null, "tiger:name_type_1": null, "width": null, "abandoned": null, "tiger:separated": null, "incline": null, "bridge:movable": null, "bridge:wikidata": null, "bridge:wikipedia": null, "heritage": null, "heritage:operator": null, "ref:nrhp": null, "bridge_ref": null, "milepost:county": null, "source:bridge": null, "source_ref:bridge": null, "hgv": null, "demolished:railway": null, "loc_name": null, "route_ref": null, "embedded": null, "addr:county": null, "ref:lahcm": null, "construction": null, "opening_date": null, "created_by": null, "bridge:alt_name": null, "maxspeed:freight:forward": null, "name:pronunciation": null, "cable_tram": "cable", "ref:cpuc": null, "ref:fra_crossing": null, "flood_prone": null, "motorcycle": null, "bing": null, "railway:cbtc": null, "tunnel:alt_name": null, "ID": null, "assmntdist": null, "built": null, "finish": null, "region": null, "shape_le_1": null, "shape_len": null, "start": null, "winter": null, "highspeed": null, "crossing:markings": null, "tunnel:wikidata": null, "NHS": null, "dog": null, "bridge:structure": null, "builder": null, "line": null, "is_in:state_code": null, "demolished": null, "old_attraction_name": null, "destination:lanes": null, "hov": null, "toll": null, "toll:hov": null, "turn:lanes": null, "railway:interlaced": "yes", "seasonal:dry_season": null, "seasonal:wet_season": null, "removed:bridge": null, "designation": null, "razed": null, "name:es": null, "destination": null, "lift_chain": null, "source:1": null, "hov:minimum": null, "old_ref": null, "construction:electrified": null, "construction:frequency": null, "construction:railway": null, "construction:voltage": null, "FIXME": null, "abandoned:usage": null, "admin_level": null, "border_type": null, "boundary": null, "ruins:bridge": null, "own": null, "leisure": null, "ohv": null, "source:maxspeed": null, "maxspeed:passenger": null, "was:gauge": null, "was:service": null, "hgv:national_network": null, "source:hgv:national_network": null, "tiger:name_base_2": null, "tiger:name_type_2": null, "nrhp:criteria": null, "nrhp:inscription_date": null, "nrhp:nhl": null, "old_name:1927-1968": null, "ref:cli": null, "name_2": null, "mtb:scale": null, "mtb:scale:uphill": null, "trail_visibility": null, "alt_owner": null, "url": null, "construction:railway:etcs": null, "lanes:backward": null, "lanes:both_ways": null, "lanes:forward": null, "parking:lane:both": null, "turn:lanes:both_ways": null, "disused:service": null, "MAPKEY": null, "OBJECTID": null, "SHAPE_STLe": null, "sccgis:objectid": null, "miniature:scale": null, "colour": null, "turn:lanes:forward": null, "turn:lanes:backward": null, "parking:lane:right": null, "mtb:scale:imba": null, "sac_scale": null, "cycleway:left:oneway": null, "end_date": null, "bus:lanes:backward": null, "bus:lanes:forward": null, "ford": null, "parking:both": null, "parking:both:orientation": null, "historic_usage": null, "construction:maxspeed": null, "proposed:electrified": null, "proposed:frequency": null, "proposed:voltage": null, "abandoned:service": null, "destination:ref": null, "construction:name": null, "construction:network": null, "construction:operator": null, "construction:wikidata": null, "construction:wikipedia": null, "change": null, "railway:disused": null, "crossing:island": null, "source:exit": null, "source:width": null, "footway": null, "disused": null, "contact:email": null, "contact:phone": null, "contact:website": null, "group_only": null, "name:en": null, "change:forward": null, "change:backward": null, "bus:lanes": null, "trolley_wire": null, "abandoned:electrified": null, "crossing:signals": null, "maxweight:hgv": null, "maxweight:hgv:conditional": null, "maxweight:hgv_articulated": null, "razed:service": null, "demolished:bridge": null, "crossing:barrier": null, "tracks": null, "heritage:website": null, "razed:usage": null, "parking:lane:left": null, "imagery": null, "local_ref": null, "crane:type": null, "submerged": null, "construction:gauge": null, "construction:usage": null, "planned": null, "floor": null, "lastcheck": null, "end_date:railway": null, "bridge:ref": null, "not:name": null, "stroller": null, "path": null, "proposed:railway:etcs": null, "was:bridge": null, "Note": null, "name:absent": null, "construction:service": null }, "geometry": { "type": "LineString", "coordinates": [ [ -122.4098407, 37.7952801 ], [ -122.4098648, 37.7954183 ], [ -122.4098658, 37.7954237 ], [ -122.4098712, 37.7954547 ], [ -122.4098803, 37.7954894 ], [ -122.4098889, 37.7955086 ], [ -122.4098997, 37.7955246 ], [ -122.4099143, 37.795542 ], [ -122.4099351, 37.7955613 ], [ -122.4099422, 37.7955659 ], [ -122.4099558, 37.7955747 ], [ -122.4099801, 37.795586 ], [ -122.4100047, 37.7955942 ], [ -122.4100229, 37.795598 ], [ -122.4100326, 37.7956 ], [ -122.4100456, 37.7956006 ], [ -122.410065, 37.7956009 ], [ -122.410098, 37.7955984 ], [ -122.4102947, 37.795573 ], [ -122.4110802, 37.7954714 ], [ -122.4113571, 37.7954355 ] ] } },
{ "type": "Feature", "properties": { "id": "way/770522067", "@id": "way/770522067", "area": null, "historic": null, "name": null, "railway": "tram", "landuse": null, "operator": "San Francisco Municipal Railway", "bicycle": null, "covered": null, "departures_board": null, "foot": null, "highway": null, "indoor": null, "network": "Muni", "public_transport": null, "ref": null, "surface": null, "train": null, "lit": null, "wheelchair": null, "bench": null, "bin": null, "shelter": null, "owner": "San Francisco Municipal Railway", "building": null, "disused:railway": null, "source": null, "source_ref": null, "level": null, "tactile_paving": null, "addr:city": null, "addr:housenumber": null, "addr:postcode": null, "addr:state": null, "addr:street": null, "addr:street_direction_prefix": null, "industrial": null, "building:levels": null, "height": null, "light_rail": null, "air_conditioning": null, "attribution": null, "bak:fac_type1": null, "internet_access": null, "bus": null, "tram": null, "wheelchair:description": null, "check_date": null, "passenger_information_display": null, "bridge": null, "layer": null, "check_date:lit": null, "trolleybus": null, "bearing": null, "check_date:shelter": null, "tourism": null, "access": null, "subway": null, "location": null, "tunnel": null, "motor_vehicle": null, "operator:wikidata": null, "electrified": "no", "gauge": "1067", "alt_name": null, "note": null, "note:website": null, "phone": null, "railway:position": null, "railway:ref": null, "short_name": null, "website": null, "wikidata": null, "wikipedia": null, "service": null, "length": null, "addr:housename": null, "attraction": null, "monorail": null, "horse": null, "check_date:bin": null, "tiger:county": null, "start_date": null, "check_date:bench": null, "ele": null, "lacounty:ain": null, "lacounty:bld_id": null, "usage": null, "fixme": null, "rail": null, "source:imagery": null, "description": null, "underground": null, "frequency": null, "voltage": null, "network:wikidata": null, "network:wikipedia": null, "operator:wikipedia": null, "owner:wikidata": null, "owner:wikipedia": null, "organization": null, "crossing": null, "official_name": null, "railway:proposed": null, "proposed:public_transport": null, "proposed:railway": null, "proposed:tram": null, "turntable": null, "biotic_reef:type": null, "image": null, "natural": null, "protection_title": null, "reef": null, "ruined": null, "seamark:type": null, "man_made": null, "proposed": null, "wikimedia_commons": null, "addr:country": null, "toilets:wheelchair": null, "baby_feeding": null, "station": null, "railway:preferred_direction": "forward", "oneway": null, "maxspeed": "9.5 mph", "tiger:cfcc": null, "tiger:reviewed": null, "maxspeed:freight": null, "railway:ptc": null, "railway:track_class": null, "railway:track_ref": null, "old_railway_operator": null, "railway:atc": null, "tiger:name_base": null, "railway:traffic_mode": null, "reporting_marks": null, "tunnel:name": null, "segregated": null, "sidewalk": null, "cycleway": null, "tiger:name_type": null, "passenger_lines": null, "passenger": null, "railway:preserved": null, "cycleway:left": null, "cycleway:right": null, "cycleway:right:lane": null, "lcn": null, "lanes": null, "abandoned:railway": null, "abandoned:name": null, "smoothness": null, "tracktype": null, "source:construction": null, "tiger:source": null, "tiger:tlid": null, "tiger:upload_uuid": null, "review": null, "maxspeed:backward": null, "maxspeed:forward": null, "maxspeed:freight:backward": null, "historic:name": null, "historic:operator": null, "historic:usage": null, "bridge:name": null, "operator:short": null, "embankment": null, "old_name": null, "route": null, "type": null, "cutting": null, "vta:id": null, "maxheight": null, "razed:railway": null, "cycleway:both": null, "cycleway:both:lane": null, "lane_markings": null, "name_1": null, "tiger:name_base_1": null, "tiger:name_type_1": null, "width": null, "abandoned": null, "tiger:separated": null, "incline": null, "bridge:movable": null, "bridge:wikidata": null, "bridge:wikipedia": null, "heritage": null, "heritage:operator": null, "ref:nrhp": null, "bridge_ref": null, "milepost:county": null, "source:bridge": null, "source_ref:bridge": null, "hgv": null, "demolished:railway": null, "loc_name": null, "route_ref": null, "embedded": null, "addr:county": null, "ref:lahcm": null, "construction": null, "opening_date": null, "created_by": null, "bridge:alt_name": null, "maxspeed:freight:forward": null, "name:pronunciation": null, "cable_tram": "cable", "ref:cpuc": null, "ref:fra_crossing": null, "flood_prone": null, "motorcycle": null, "bing": null, "railway:cbtc": null, "tunnel:alt_name": null, "ID": null, "assmntdist": null, "built": null, "finish": null, "region": null, "shape_le_1": null, "shape_len": null, "start": null, "winter": null, "highspeed": null, "crossing:markings": null, "tunnel:wikidata": null, "NHS": null, "dog": null, "bridge:structure": null, "builder": null, "line": null, "is_in:state_code": null, "demolished": null, "old_attraction_name": null, "destination:lanes": null, "hov": null, "toll": null, "toll:hov": null, "turn:lanes": null, "railway:interlaced": "yes", "seasonal:dry_season": null, "seasonal:wet_season": null, "removed:bridge": null, "designation": null, "razed": null, "name:es": null, "destination": null, "lift_chain": null, "source:1": null, "hov:minimum": null, "old_ref": null, "construction:electrified": null, "construction:frequency": null, "construction:railway": null, "construction:voltage": null, "FIXME": null, "abandoned:usage": null, "admin_level": null, "border_type": null, "boundary": null, "ruins:bridge": null, "own": null, "leisure": null, "ohv": null, "source:maxspeed": null, "maxspeed:passenger": null, "was:gauge": null, "was:service": null, "hgv:national_network": null, "source:hgv:national_network": null, "tiger:name_base_2": null, "tiger:name_type_2": null, "nrhp:criteria": null, "nrhp:inscription_date": null, "nrhp:nhl": null, "old_name:1927-1968": null, "ref:cli": null, "name_2": null, "mtb:scale": null, "mtb:scale:uphill": null, "trail_visibility": null, "alt_owner": null, "url": null, "construction:railway:etcs": null, "lanes:backward": null, "lanes:both_ways": null, "lanes:forward": null, "parking:lane:both": null, "turn:lanes:both_ways": null, "disused:service": null, "MAPKEY": null, "OBJECTID": null, "SHAPE_STLe": null, "sccgis:objectid": null, "miniature:scale": null, "colour": null, "turn:lanes:forward": null, "turn:lanes:backward": null, "parking:lane:right": null, "mtb:scale:imba": null, "sac_scale": null, "cycleway:left:oneway": null, "end_date": null, "bus:lanes:backward": null, "bus:lanes:forward": null, "ford": null, "parking:both": null, "parking:both:orientation": null, "historic_usage": null, "construction:maxspeed": null, "proposed:electrified": null, "proposed:frequency": null, "proposed:voltage": null, "abandoned:service": null, "destination:ref": null, "construction:name": null, "construction:network": null, "construction:operator": null, "construction:wikidata": null, "construction:wikipedia": null, "change": null, "railway:disused": null, "crossing:island": null, "source:exit": null, "source:width": null, "footway": null, "disused": null, "contact:email": null, "contact:phone": null, "contact:website": null, "group_only": null, "name:en": null, "change:forward": null, "change:backward": null, "bus:lanes": null, "trolley_wire": null, "abandoned:electrified": null, "crossing:signals": null, "maxweight:hgv": null, "maxweight:hgv:conditional": null, "maxweight:hgv_articulated": null, "razed:service": null, "demolished:bridge": null, "crossing:barrier": null, "tracks": null, "heritage:website": null, "razed:usage": null, "parking:lane:left": null, "imagery": null, "local_ref": null, "crane:type": null, "submerged": null, "construction:gauge": null, "construction:usage": null, "planned": null, "floor": null, "lastcheck": null, "end_date:railway": null, "bridge:ref": null, "not:name": null, "stroller": null, "path": null, "proposed:railway:etcs": null, "was:bridge": null, "Note": null, "name:absent": null, "construction:service": null }, "geometry": { "type": "LineString", "coordinates": [ [ -122.4182537, 37.7951089 ], [ -122.418212, 37.794904 ], [ -122.4182065, 37.7948768 ], [ -122.4181567, 37.7946257 ], [ -122.4181449, 37.7945627 ], [ -122.4181362, 37.7945184 ], [ -122.4181154, 37.7944121 ], [ -122.4180489, 37.7940745 ], [ -122.418006, 37.7938571 ] ] } },
{ "type": "Feature", "properties": { "id": "way/772506993", "@id": "way/772506993", "area": null, "historic": null, "name": null, "railway": "tram", "landuse": null, "operator": "San Francisco Municipal Railway", "bicycle": null, "covered": null, "departures_board": null, "foot": null, "highway": null, "indoor": null, "network": "Muni", "public_transport": null, "ref": null, "surface": null, "train": null, "lit": null, "wheelchair": null, "bench": null, "bin": null, "shelter": null, "owner": "San Francisco Municipal Railway", "building": null, "disused:railway": null, "source": null, "source_ref": null, "level": null, "tactile_paving": null, "addr:city": null, "addr:housenumber": null, "addr:postcode": null, "addr:state": null, "addr:street": null, "addr:street_direction_prefix": null, "industrial": null, "building:levels": null, "height": null, "light_rail": null, "air_conditioning": null, "attribution": null, "bak:fac_type1": null, "internet_access": null, "bus": null, "tram": null, "wheelchair:description": null, "check_date": null, "passenger_information_display": null, "bridge": null, "layer": null, "check_date:lit": null, "trolleybus": null, "bearing": null, "check_date:shelter": null, "tourism": null, "access": null, "subway": null, "location": null, "tunnel": null, "motor_vehicle": null, "operator:wikidata": null, "electrified": "no", "gauge": "1067", "alt_name": null, "note": null, "note:website": null, "phone": null, "railway:position": null, "railway:ref": null, "short_name": null, "website": null, "wikidata": null, "wikipedia": null, "service": null, "length": null, "addr:housename": null, "attraction": null, "monorail": null, "horse": null, "check_date:bin": null, "tiger:county": null, "start_date": null, "check_date:bench": null, "ele": null, "lacounty:ain": null, "lacounty:bld_id": null, "usage": null, "fixme": null, "rail": null, "source:imagery": null, "description": null, "underground": null, "frequency": null, "voltage": null, "network:wikidata": null, "network:wikipedia": null, "operator:wikipedia": null, "owner:wikidata": null, "owner:wikipedia": null, "organization": null, "crossing": null, "official_name": null, "railway:proposed": null, "proposed:public_transport": null, "proposed:railway": null, "proposed:tram": null, "turntable": null, "biotic_reef:type": null, "image": null, "natural": null, "protection_title": null, "reef": null, "ruined": null, "seamark:type": null, "man_made": null, "proposed": null, "wikimedia_commons": null, "addr:country": null, "toilets:wheelchair": null, "baby_feeding": null, "station": null, "railway:preferred_direction": "forward", "oneway": null, "maxspeed": "9.5 mph", "tiger:cfcc": null, "tiger:reviewed": null, "maxspeed:freight": null, "railway:ptc": null, "railway:track_class": null, "railway:track_ref": null, "old_railway_operator": null, "railway:atc": null, "tiger:name_base": null, "railway:traffic_mode": null, "reporting_marks": null, "tunnel:name": null, "segregated": null, "sidewalk": null, "cycleway": null, "tiger:name_type": null, "passenger_lines": null, "passenger": null, "railway:preserved": null, "cycleway:left": null, "cycleway:right": null, "cycleway:right:lane": null, "lcn": null, "lanes": null, "abandoned:railway": null, "abandoned:name": null, "smoothness": null, "tracktype": null, "source:construction": null, "tiger:source": null, "tiger:tlid": null, "tiger:upload_uuid": null, "review": null, "maxspeed:backward": null, "maxspeed:forward": null, "maxspeed:freight:backward": null, "historic:name": null, "historic:operator": null, "historic:usage": null, "bridge:name": null, "operator:short": null, "embankment": null, "old_name": null, "route": null, "type": null, "cutting": null, "vta:id": null, "maxheight": null, "razed:railway": null, "cycleway:both": null, "cycleway:both:lane": null, "lane_markings": null, "name_1": null, "tiger:name_base_1": null, "tiger:name_type_1": null, "width": null, "abandoned": null, "tiger:separated": null, "incline": null, "bridge:movable": null, "bridge:wikidata": null, "bridge:wikipedia": null, "heritage": null, "heritage:operator": null, "ref:nrhp": null, "bridge_ref": null, "milepost:county": null, "source:bridge": null, "source_ref:bridge": null, "hgv": null, "demolished:railway": null, "loc_name": null, "route_ref": null, "embedded": null, "addr:county": null, "ref:lahcm": null, "construction": null, "opening_date": null, "created_by": null, "bridge:alt_name": null, "maxspeed:freight:forward": null, "name:pronunciation": null, "cable_tram": null, "ref:cpuc": null, "ref:fra_crossing": null, "flood_prone": null, "motorcycle": null, "bing": null, "railway:cbtc": null, "tunnel:alt_name": null, "ID": null, "assmntdist": null, "built": null, "finish": null, "region": null, "shape_le_1": null, "shape_len": null, "start": null, "winter": null, "highspeed": null, "crossing:markings": null, "tunnel:wikidata": null, "NHS": null, "dog": null, "bridge:structure": null, "builder": null, "line": null, "is_in:state_code": null, "demolished": null, "old_attraction_name": null, "destination:lanes": null, "hov": null, "toll": null, "toll:hov": null, "turn:lanes": null, "railway:interlaced": "yes", "seasonal:dry_season": null, "seasonal:wet_season": null, "removed:bridge": null, "designation": null, "razed": null, "name:es": null, "destination": null, "lift_chain": null, "source:1": null, "hov:minimum": null, "old_ref": null, "construction:electrified": null, "construction:frequency": null, "construction:railway": null, "construction:voltage": null, "FIXME": null, "abandoned:usage": null, "admin_level": null, "border_type": null, "boundary": null, "ruins:bridge": null, "own": null, "leisure": null, "ohv": null, "source:maxspeed": null, "maxspeed:passenger": null, "was:gauge": null, "was:service": null, "hgv:national_network": null, "source:hgv:national_network": null, "tiger:name_base_2": null, "tiger:name_type_2": null, "nrhp:criteria": null, "nrhp:inscription_date": null, "nrhp:nhl": null, "old_name:1927-1968": null, "ref:cli": null, "name_2": null, "mtb:scale": null, "mtb:scale:uphill": null, "trail_visibility": null, "alt_owner": null, "url": null, "construction:railway:etcs": null, "lanes:backward": null, "lanes:both_ways": null, "lanes:forward": null, "parking:lane:both": null, "turn:lanes:both_ways": null, "disused:service": null, "MAPKEY": null, "OBJECTID": null, "SHAPE_STLe": null, "sccgis:objectid": null, "miniature:scale": null, "colour": null, "turn:lanes:forward": null, "turn:lanes:backward": null, "parking:lane:right": null, "mtb:scale:imba": null, "sac_scale": null, "cycleway:left:oneway": null, "end_date": null, "bus:lanes:backward": null, "bus:lanes:forward": null, "ford": null, "parking:both": null, "parking:both:orientation": null, "historic_usage": null, "construction:maxspeed": null, "proposed:electrified": null, "proposed:frequency": null, "proposed:voltage": null, "abandoned:service": null, "destination:ref": null, "construction:name": null, "construction:network": null, "construction:operator": null, "construction:wikidata": null, "construction:wikipedia": null, "change": null, "railway:disused": null, "crossing:island": null, "source:exit": null, "source:width": null, "footway": null, "disused": null, "contact:email": null, "contact:phone": null, "contact:website": null, "group_only": null, "name:en": null, "change:forward": null, "change:backward": null, "bus:lanes": null, "trolley_wire": null, "abandoned:electrified": null, "crossing:signals": null, "maxweight:hgv": null, "maxweight:hgv:conditional": null, "maxweight:hgv_articulated": null, "razed:service": null, "demolished:bridge": null, "crossing:barrier": null, "tracks": null, "heritage:website": null, "razed:usage": null, "parking:lane:left": null, "imagery": null, "local_ref": null, "crane:type": null, "submerged": null, "construction:gauge": null, "construction:usage": null, "planned": null, "floor": null, "lastcheck": null, "end_date:railway": null, "bridge:ref": null, "not:name": null, "stroller": null, "path": null, "proposed:railway:etcs": null, "was:bridge": null, "Note": null, "name:absent": null, "construction:service": null }, "geometry": { "type": "LineString", "coordinates": [ [ -122.4103104, 37.7946602 ], [ -122.41011, 37.794685 ], [ -122.4100794, 37.7946886 ], [ -122.4100727, 37.7946894 ] ] } },
{ "type": "Feature", "properties": { "id": "way/772766520", "@id": "way/772766520", "area": null, "historic": null, "name": null, "railway": "tram", "landuse": null, "operator": "San Francisco Municipal Railway", "bicycle": null, "covered": null, "departures_board": null, "foot": null, "highway": null, "indoor": null, "network": "Muni", "public_transport": null, "ref": null, "surface": null, "train": null, "lit": null, "wheelchair": null, "bench": null, "bin": null, "shelter": null, "owner": "San Francisco Municipal Railway", "building": null, "disused:railway": null, "source": null, "source_ref": null, "level": "0", "tactile_paving": null, "addr:city": null, "addr:housenumber": null, "addr:postcode": null, "addr:state": null, "addr:street": null, "addr:street_direction_prefix": null, "industrial": null, "building:levels": null, "height": null, "light_rail": null, "air_conditioning": null, "attribution": null, "bak:fac_type1": null, "internet_access": null, "bus": null, "tram": null, "wheelchair:description": null, "check_date": null, "passenger_information_display": null, "bridge": null, "layer": null, "check_date:lit": null, "trolleybus": null, "bearing": null, "check_date:shelter": null, "tourism": null, "access": null, "subway": null, "location": null, "tunnel": null, "motor_vehicle": null, "operator:wikidata": null, "electrified": "no", "gauge": "1067", "alt_name": null, "note": null, "note:website": null, "phone": null, "railway:position": null, "railway:ref": null, "short_name": null, "website": null, "wikidata": null, "wikipedia": null, "service": null, "length": null, "addr:housename": null, "attraction": null, "monorail": null, "horse": null, "check_date:bin": null, "tiger:county": null, "start_date": null, "check_date:bench": null, "ele": null, "lacounty:ain": null, "lacounty:bld_id": null, "usage": null, "fixme": null, "rail": null, "source:imagery": null, "description": null, "underground": null, "frequency": null, "voltage": null, "network:wikidata": null, "network:wikipedia": null, "operator:wikipedia": null, "owner:wikidata": null, "owner:wikipedia": null, "organization": null, "crossing": null, "official_name": null, "railway:proposed": null, "proposed:public_transport": null, "proposed:railway": null, "proposed:tram": null, "turntable": null, "biotic_reef:type": null, "image": null, "natural": null, "protection_title": null, "reef": null, "ruined": null, "seamark:type": null, "man_made": null, "proposed": null, "wikimedia_commons": null, "addr:country": null, "toilets:wheelchair": null, "baby_feeding": null, "station": null, "railway:preferred_direction": "forward", "oneway": null, "maxspeed": null, "tiger:cfcc": null, "tiger:reviewed": null, "maxspeed:freight": null, "railway:ptc": null, "railway:track_class": null, "railway:track_ref": null, "old_railway_operator": null, "railway:atc": null, "tiger:name_base": null, "railway:traffic_mode": null, "reporting_marks": null, "tunnel:name": null, "segregated": null, "sidewalk": null, "cycleway": null, "tiger:name_type": null, "passenger_lines": null, "passenger": null, "railway:preserved": null, "cycleway:left": null, "cycleway:right": null, "cycleway:right:lane": null, "lcn": null, "lanes": null, "abandoned:railway": null, "abandoned:name": null, "smoothness": null, "tracktype": null, "source:construction": null, "tiger:source": null, "tiger:tlid": null, "tiger:upload_uuid": null, "review": null, "maxspeed:backward": null, "maxspeed:forward": null, "maxspeed:freight:backward": null, "historic:name": null, "historic:operator": null, "historic:usage": null, "bridge:name": null, "operator:short": null, "embankment": null, "old_name": null, "route": null, "type": null, "cutting": null, "vta:id": null, "maxheight": null, "razed:railway": null, "cycleway:both": null, "cycleway:both:lane": null, "lane_markings": null, "name_1": null, "tiger:name_base_1": null, "tiger:name_type_1": null, "width": null, "abandoned": null, "tiger:separated": null, "incline": null, "bridge:movable": null, "bridge:wikidata": null, "bridge:wikipedia": null, "heritage": null, "heritage:operator": null, "ref:nrhp": null, "bridge_ref": null, "milepost:county": null, "source:bridge": null, "source_ref:bridge": null, "hgv": null, "demolished:railway": null, "loc_name": null, "route_ref": null, "embedded": null, "addr:county": null, "ref:lahcm": null, "construction": null, "opening_date": null, "created_by": null, "bridge:alt_name": null, "maxspeed:freight:forward": null, "name:pronunciation": null, "cable_tram": "cable", "ref:cpuc": null, "ref:fra_crossing": null, "flood_prone": null, "motorcycle": null, "bing": null, "railway:cbtc": null, "tunnel:alt_name": null, "ID": null, "assmntdist": null, "built": null, "finish": null, "region": null, "shape_le_1": null, "shape_len": null, "start": null, "winter": null, "highspeed": null, "crossing:markings": null, "tunnel:wikidata": null, "NHS": null, "dog": null, "bridge:structure": null, "builder": null, "line": null, "is_in:state_code": null, "demolished": null, "old_attraction_name": null, "destination:lanes": null, "hov": null, "toll": null, "toll:hov": null, "turn:lanes": null, "railway:interlaced": null, "seasonal:dry_season": null, "seasonal:wet_season": null, "removed:bridge": null, "designation": null, "razed": null, "name:es": null, "destination": null, "lift_chain": null, "source:1": null, "hov:minimum": null, "old_ref": null, "construction:electrified": null, "construction:frequency": null, "construction:railway": null, "construction:voltage": null, "FIXME": null, "abandoned:usage": null, "admin_level": null, "border_type": null, "boundary": null, "ruins:bridge": null, "own": null, "leisure": null, "ohv": null, "source:maxspeed": null, "maxspeed:passenger": null, "was:gauge": null, "was:service": null, "hgv:national_network": null, "source:hgv:national_network": null, "tiger:name_base_2": null, "tiger:name_type_2": null, "nrhp:criteria": null, "nrhp:inscription_date": null, "nrhp:nhl": null, "old_name:1927-1968": null, "ref:cli": null, "name_2": null, "mtb:scale": null, "mtb:scale:uphill": null, "trail_visibility": null, "alt_owner": null, "url": null, "construction:railway:etcs": null, "lanes:backward": null, "lanes:both_ways": null, "lanes:forward": null, "parking:lane:both": null, "turn:lanes:both_ways": null, "disused:service": null, "MAPKEY": null, "OBJECTID": null, "SHAPE_STLe": null, "sccgis:objectid": null, "miniature:scale": null, "colour": null, "turn:lanes:forward": null, "turn:lanes:backward": null, "parking:lane:right": null, "mtb:scale:imba": null, "sac_scale": null, "cycleway:left:oneway": null, "end_date": null, "bus:lanes:backward": null, "bus:lanes:forward": null, "ford": null, "parking:both": null, "parking:both:orientation": null, "historic_usage": null, "construction:maxspeed": null, "proposed:electrified": null, "proposed:frequency": null, "proposed:voltage": null, "abandoned:service": null, "destination:ref": null, "construction:name": null, "construction:network": null, "construction:operator": null, "construction:wikidata": null, "construction:wikipedia": null, "change": null, "railway:disused": null, "crossing:island": null, "source:exit": null, "source:width": null, "footway": null, "disused": null, "contact:email": null, "contact:phone": null, "contact:website": null, "group_only": null, "name:en": null, "change:forward": null, "change:backward": null, "bus:lanes": null, "trolley_wire": null, "abandoned:electrified": null, "crossing:signals": null, "maxweight:hgv": null, "maxweight:hgv:conditional": null, "maxweight:hgv_articulated": null, "razed:service": null, "demolished:bridge": null, "crossing:barrier": null, "tracks": null, "heritage:website": null, "razed:usage": null, "parking:lane:left": null, "imagery": null, "local_ref": null, "crane:type": null, "submerged": null, "construction:gauge": null, "construction:usage": null, "planned": null, "floor": null, "lastcheck": null, "end_date:railway": null, "bridge:ref": null, "not:name": null, "stroller": null, "path": null, "proposed:railway:etcs": null, "was:bridge": null, "Note": null, "name:absent": null, "construction:service": null }, "geometry": { "type": "LineString", "coordinates": [ [ -122.4078695, 37.7854196 ], [ -122.407791, 37.7850162 ] ] } },
{ "type": "Feature", "properties": { "id": "way/772766521", "@id": "way/772766521", "area": null, "historic": null, "name": null, "railway": "tram", "landuse": null, "operator": "San Francisco Municipal Railway", "bicycle": null, "covered": null, "departures_board": null, "foot": null, "highway": null, "indoor": null, "network": "Muni", "public_transport": null, "ref": null, "surface": null, "train": null, "lit": null, "wheelchair": null, "bench": null, "bin": null, "shelter": null, "owner": "San Francisco Municipal Railway", "building": null, "disused:railway": null, "source": null, "source_ref": null, "level": "0", "tactile_paving": null, "addr:city": null, "addr:housenumber": null, "addr:postcode": null, "addr:state": null, "addr:street": null, "addr:street_direction_prefix": null, "industrial": null, "building:levels": null, "height": null, "light_rail": null, "air_conditioning": null, "attribution": null, "bak:fac_type1": null, "internet_access": null, "bus": null, "tram": null, "wheelchair:description": null, "check_date": null, "passenger_information_display": null, "bridge": null, "layer": null, "check_date:lit": null, "trolleybus": null, "bearing": null, "check_date:shelter": null, "tourism": null, "access": null, "subway": null, "location": null, "tunnel": null, "motor_vehicle": null, "operator:wikidata": null, "electrified": "no", "gauge": "1067", "alt_name": null, "note": null, "note:website": null, "phone": null, "railway:position": null, "railway:ref": null, "short_name": null, "website": null, "wikidata": null, "wikipedia": null, "service": null, "length": null, "addr:housename": null, "attraction": null, "monorail": null, "horse": null, "check_date:bin": null, "tiger:county": null, "start_date": null, "check_date:bench": null, "ele": null, "lacounty:ain": null, "lacounty:bld_id": null, "usage": null, "fixme": null, "rail": null, "source:imagery": null, "description": null, "underground": null, "frequency": null, "voltage": null, "network:wikidata": null, "network:wikipedia": null, "operator:wikipedia": null, "owner:wikidata": null, "owner:wikipedia": null, "organization": null, "crossing": null, "official_name": null, "railway:proposed": null, "proposed:public_transport": null, "proposed:railway": null, "proposed:tram": null, "turntable": null, "biotic_reef:type": null, "image": null, "natural": null, "protection_title": null, "reef": null, "ruined": null, "seamark:type": null, "man_made": null, "proposed": null, "wikimedia_commons": null, "addr:country": null, "toilets:wheelchair": null, "baby_feeding": null, "station": null, "railway:preferred_direction": "forward", "oneway": null, "maxspeed": null, "tiger:cfcc": null, "tiger:reviewed": null, "maxspeed:freight": null, "railway:ptc": null, "railway:track_class": null, "railway:track_ref": null, "old_railway_operator": null, "railway:atc": null, "tiger:name_base": null, "railway:traffic_mode": null, "reporting_marks": null, "tunnel:name": null, "segregated": null, "sidewalk": null, "cycleway": null, "tiger:name_type": null, "passenger_lines": null, "passenger": null, "railway:preserved": null, "cycleway:left": null, "cycleway:right": null, "cycleway:right:lane": null, "lcn": null, "lanes": null, "abandoned:railway": null, "abandoned:name": null, "smoothness": null, "tracktype": null, "source:construction": null, "tiger:source": null, "tiger:tlid": null, "tiger:upload_uuid": null, "review": null, "maxspeed:backward": null, "maxspeed:forward": null, "maxspeed:freight:backward": null, "historic:name": null, "historic:operator": null, "historic:usage": null, "bridge:name": null, "operator:short": null, "embankment": null, "old_name": null, "route": null, "type": null, "cutting": null, "vta:id": null, "maxheight": null, "razed:railway": null, "cycleway:both": null, "cycleway:both:lane": null, "lane_markings": null, "name_1": null, "tiger:name_base_1": null, "tiger:name_type_1": null, "width": null, "abandoned": null, "tiger:separated": null, "incline": null, "bridge:movable": null, "bridge:wikidata": null, "bridge:wikipedia": null, "heritage": null, "heritage:operator": null, "ref:nrhp": null, "bridge_ref": null, "milepost:county": null, "source:bridge": null, "source_ref:bridge": null, "hgv": null, "demolished:railway": null, "loc_name": null, "route_ref": null, "embedded": null, "addr:county": null, "ref:lahcm": null, "construction": null, "opening_date": null, "created_by": null, "bridge:alt_name": null, "maxspeed:freight:forward": null, "name:pronunciation": null, "cable_tram": "cable", "ref:cpuc": null, "ref:fra_crossing": null, "flood_prone": null, "motorcycle": null, "bing": null, "railway:cbtc": null, "tunnel:alt_name": null, "ID": null, "assmntdist": null, "built": null, "finish": null, "region": null, "shape_le_1": null, "shape_len": null, "start": null, "winter": null, "highspeed": null, "crossing:markings": null, "tunnel:wikidata": null, "NHS": null, "dog": null, "bridge:structure": null, "builder": null, "line": null, "is_in:state_code": null, "demolished": null, "old_attraction_name": null, "destination:lanes": null, "hov": null, "toll": null, "toll:hov": null, "turn:lanes": null, "railway:interlaced": null, "seasonal:dry_season": null, "seasonal:wet_season": null, "removed:bridge": null, "designation": null, "razed": null, "name:es": null, "destination": null, "lift_chain": null, "source:1": null, "hov:minimum": null, "old_ref": null, "construction:electrified": null, "construction:frequency": null, "construction:railway": null, "construction:voltage": null, "FIXME": null, "abandoned:usage": null, "admin_level": null, "border_type": null, "boundary": null, "ruins:bridge": null, "own": null, "leisure": null, "ohv": null, "source:maxspeed": null, "maxspeed:passenger": null, "was:gauge": null, "was:service": null, "hgv:national_network": null, "source:hgv:national_network": null, "tiger:name_base_2": null, "tiger:name_type_2": null, "nrhp:criteria": null, "nrhp:inscription_date": null, "nrhp:nhl": null, "old_name:1927-1968": null, "ref:cli": null, "name_2": null, "mtb:scale": null, "mtb:scale:uphill": null, "trail_visibility": null, "alt_owner": null, "url": null, "construction:railway:etcs": null, "lanes:backward": null, "lanes:both_ways": null, "lanes:forward": null, "parking:lane:both": null, "turn:lanes:both_ways": null, "disused:service": null, "MAPKEY": null, "OBJECTID": null, "SHAPE_STLe": null, "sccgis:objectid": null, "miniature:scale": null, "colour": null, "turn:lanes:forward": null, "turn:lanes:backward": null, "parking:lane:right": null, "mtb:scale:imba": null, "sac_scale": null, "cycleway:left:oneway": null, "end_date": null, "bus:lanes:backward": null, "bus:lanes:forward": null, "ford": null, "parking:both": null, "parking:both:orientation": null, "historic_usage": null, "construction:maxspeed": null, "proposed:electrified": null, "proposed:frequency": null, "proposed:voltage": null, "abandoned:service": null, "destination:ref": null, "construction:name": null, "construction:network": null, "construction:operator": null, "construction:wikidata": null, "construction:wikipedia": null, "change": null, "railway:disused": null, "crossing:island": null, "source:exit": null, "source:width": null, "footway": null, "disused": null, "contact:email": null, "contact:phone": null, "contact:website": null, "group_only": null, "name:en": null, "change:forward": null, "change:backward": null, "bus:lanes": null, "trolley_wire": null, "abandoned:electrified": null, "crossing:signals": null, "maxweight:hgv": null, "maxweight:hgv:conditional": null, "maxweight:hgv_articulated": null, "razed:service": null, "demolished:bridge": null, "crossing:barrier": null, "tracks": null, "heritage:website": null, "razed:usage": null, "parking:lane:left": null, "imagery": null, "local_ref": null, "crane:type": null, "submerged": null, "construction:gauge": null, "construction:usage": null, "planned": null, "floor": null, "lastcheck": null, "end_date:railway": null, "bridge:ref": null, "not:name": null, "stroller": null, "path": null, "proposed:railway:etcs": null, "was:bridge": null, "Note": null, "name:absent": null, "construction:service": null }, "geometry": { "type": "LineString", "coordinates": [ [ -122.40773, 37.7848858 ], [ -122.4078365, 37.7854237 ] ] } },
{ "type": "Feature", "properties": { "id": "way/775883278", "@id": "way/775883278", "area": null, "historic": null, "name": null, "railway": "tram", "landuse": null, "operator": "San Francisco Municipal Railway", "bicycle": null, "covered": null, "departures_board": null, "foot": null, "highway": null, "indoor": null, "network": "Muni", "public_transport": null, "ref": null, "surface": null, "train": null, "lit": null, "wheelchair": null, "bench": null, "bin": null, "shelter": null, "owner": "San Francisco Municipal Railway", "building": null, "disused:railway": null, "source": null, "source_ref": null, "level": null, "tactile_paving": null, "addr:city": null, "addr:housenumber": null, "addr:postcode": null, "addr:state": null, "addr:street": null, "addr:street_direction_prefix": null, "industrial": null, "building:levels": null, "height": null, "light_rail": null, "air_conditioning": null, "attribution": null, "bak:fac_type1": null, "internet_access": null, "bus": null, "tram": null, "wheelchair:description": null, "check_date": null, "passenger_information_display": null, "bridge": null, "layer": null, "check_date:lit": null, "trolleybus": null, "bearing": null, "check_date:shelter": null, "tourism": null, "access": null, "subway": null, "location": null, "tunnel": null, "motor_vehicle": null, "operator:wikidata": null, "electrified": "no", "gauge": "1067", "alt_name": null, "note": null, "note:website": null, "phone": null, "railway:position": null, "railway:ref": null, "short_name": null, "website": null, "wikidata": null, "wikipedia": null, "service": null, "length": null, "addr:housename": null, "attraction": null, "monorail": null, "horse": null, "check_date:bin": null, "tiger:county": null, "start_date": null, "check_date:bench": null, "ele": null, "lacounty:ain": null, "lacounty:bld_id": null, "usage": null, "fixme": null, "rail": null, "source:imagery": null, "description": null, "underground": null, "frequency": null, "voltage": null, "network:wikidata": null, "network:wikipedia": null, "operator:wikipedia": null, "owner:wikidata": null, "owner:wikipedia": null, "organization": null, "crossing": null, "official_name": null, "railway:proposed": null, "proposed:public_transport": null, "proposed:railway": null, "proposed:tram": null, "turntable": null, "biotic_reef:type": null, "image": null, "natural": null, "protection_title": null, "reef": null, "ruined": null, "seamark:type": null, "man_made": null, "proposed": null, "wikimedia_commons": null, "addr:country": null, "toilets:wheelchair": null, "baby_feeding": null, "station": null, "railway:preferred_direction": "forward", "oneway": null, "maxspeed": "9.5 mph", "tiger:cfcc": null, "tiger:reviewed": null, "maxspeed:freight": null, "railway:ptc": null, "railway:track_class": null, "railway:track_ref": null, "old_railway_operator": null, "railway:atc": null, "tiger:name_base": null, "railway:traffic_mode": null, "reporting_marks": null, "tunnel:name": null, "segregated": null, "sidewalk": null, "cycleway": null, "tiger:name_type": null, "passenger_lines": null, "passenger": null, "railway:preserved": null, "cycleway:left": null, "cycleway:right": null, "cycleway:right:lane": null, "lcn": null, "lanes": null, "abandoned:railway": null, "abandoned:name": null, "smoothness": null, "tracktype": null, "source:construction": null, "tiger:source": null, "tiger:tlid": null, "tiger:upload_uuid": null, "review": null, "maxspeed:backward": null, "maxspeed:forward": null, "maxspeed:freight:backward": null, "historic:name": null, "historic:operator": null, "historic:usage": null, "bridge:name": null, "operator:short": null, "embankment": null, "old_name": null, "route": null, "type": null, "cutting": null, "vta:id": null, "maxheight": null, "razed:railway": null, "cycleway:both": null, "cycleway:both:lane": null, "lane_markings": null, "name_1": null, "tiger:name_base_1": null, "tiger:name_type_1": null, "width": null, "abandoned": null, "tiger:separated": null, "incline": null, "bridge:movable": null, "bridge:wikidata": null, "bridge:wikipedia": null, "heritage": null, "heritage:operator": null, "ref:nrhp": null, "bridge_ref": null, "milepost:county": null, "source:bridge": null, "source_ref:bridge": null, "hgv": null, "demolished:railway": null, "loc_name": null, "route_ref": null, "embedded": null, "addr:county": null, "ref:lahcm": null, "construction": null, "opening_date": null, "created_by": null, "bridge:alt_name": null, "maxspeed:freight:forward": null, "name:pronunciation": null, "cable_tram": "cable", "ref:cpuc": null, "ref:fra_crossing": null, "flood_prone": null, "motorcycle": null, "bing": null, "railway:cbtc": null, "tunnel:alt_name": null, "ID": null, "assmntdist": null, "built": null, "finish": null, "region": null, "shape_le_1": null, "shape_len": null, "start": null, "winter": null, "highspeed": null, "crossing:markings": null, "tunnel:wikidata": null, "NHS": null, "dog": null, "bridge:structure": null, "builder": null, "line": null, "is_in:state_code": null, "demolished": null, "old_attraction_name": null, "destination:lanes": null, "hov": null, "toll": null, "toll:hov": null, "turn:lanes": null, "railway:interlaced": null, "seasonal:dry_season": null, "seasonal:wet_season": null, "removed:bridge": null, "designation": null, "razed": null, "name:es": null, "destination": null, "lift_chain": null, "source:1": null, "hov:minimum": null, "old_ref": null, "construction:electrified": null, "construction:frequency": null, "construction:railway": null, "construction:voltage": null, "FIXME": null, "abandoned:usage": null, "admin_level": null, "border_type": null, "boundary": null, "ruins:bridge": null, "own": null, "leisure": null, "ohv": null, "source:maxspeed": null, "maxspeed:passenger": null, "was:gauge": null, "was:service": null, "hgv:national_network": null, "source:hgv:national_network": null, "tiger:name_base_2": null, "tiger:name_type_2": null, "nrhp:criteria": null, "nrhp:inscription_date": null, "nrhp:nhl": null, "old_name:1927-1968": null, "ref:cli": null, "name_2": null, "mtb:scale": null, "mtb:scale:uphill": null, "trail_visibility": null, "alt_owner": null, "url": null, "construction:railway:etcs": null, "lanes:backward": null, "lanes:both_ways": null, "lanes:forward": null, "parking:lane:both": null, "turn:lanes:both_ways": null, "disused:service": null, "MAPKEY": null, "OBJECTID": null, "SHAPE_STLe": null, "sccgis:objectid": null, "miniature:scale": null, "colour": null, "turn:lanes:forward": null, "turn:lanes:backward": null, "parking:lane:right": null, "mtb:scale:imba": null, "sac_scale": null, "cycleway:left:oneway": null, "end_date": null, "bus:lanes:backward": null, "bus:lanes:forward": null, "ford": null, "parking:both": null, "parking:both:orientation": null, "historic_usage": null, "construction:maxspeed": null, "proposed:electrified": null, "proposed:frequency": null, "proposed:voltage": null, "abandoned:service": null, "destination:ref": null, "construction:name": null, "construction:network": null, "construction:operator": null, "construction:wikidata": null, "construction:wikipedia": null, "change": null, "railway:disused": null, "crossing:island": null, "source:exit": null, "source:width": null, "footway": null, "disused": null, "contact:email": null, "contact:phone": null, "contact:website": null, "group_only": null, "name:en": null, "change:forward": null, "change:backward": null, "bus:lanes": null, "trolley_wire": null, "abandoned:electrified": null, "crossing:signals": null, "maxweight:hgv": null, "maxweight:hgv:conditional": null, "maxweight:hgv_articulated": null, "razed:service": null, "demolished:bridge": null, "crossing:barrier": null, "tracks": null, "heritage:website": null, "razed:usage": null, "parking:lane:left": null, "imagery": null, "local_ref": null, "crane:type": null, "submerged": null, "construction:gauge": null, "construction:usage": null, "planned": null, "floor": null, "lastcheck": null, "end_date:railway": null, "bridge:ref": null, "not:name": null, "stroller": null, "path": null, "proposed:railway:etcs": null, "was:bridge": null, "Note": null, "name:absent": null, "construction:service": null }, "geometry": { "type": "LineString", "coordinates": [ [ -122.4113571, 37.7954355 ], [ -122.4114171, 37.7954285 ], [ -122.4114719, 37.7954223 ], [ -122.4115139, 37.7954175 ], [ -122.4115438, 37.7954138 ] ] } },
{ "type": "Feature", "properties": { "id": "way/775883284", "@id": "way/775883284", "area": null, "historic": null, "name": null, "railway": "tram", "landuse": null, "operator": "San Francisco Municipal Railway", "bicycle": null, "covered": null, "departures_board": null, "foot": null, "highway": null, "indoor": null, "network": "Muni", "public_transport": null, "ref": null, "surface": null, "train": null, "lit": null, "wheelchair": null, "bench": null, "bin": null, "shelter": null, "owner": "San Francisco Municipal Railway", "building": null, "disused:railway": null, "source": null, "source_ref": null, "level": null, "tactile_paving": null, "addr:city": null, "addr:housenumber": null, "addr:postcode": null, "addr:state": null, "addr:street": null, "addr:street_direction_prefix": null, "industrial": null, "building:levels": null, "height": null, "light_rail": null, "air_conditioning": null, "attribution": null, "bak:fac_type1": null, "internet_access": null, "bus": null, "tram": null, "wheelchair:description": null, "check_date": null, "passenger_information_display": null, "bridge": null, "layer": null, "check_date:lit": null, "trolleybus": null, "bearing": null, "check_date:shelter": null, "tourism": null, "access": null, "subway": null, "location": null, "tunnel": null, "motor_vehicle": null, "operator:wikidata": null, "electrified": "no", "gauge": "1067", "alt_name": null, "note": null, "note:website": null, "phone": null, "railway:position": null, "railway:ref": null, "short_name": null, "website": null, "wikidata": null, "wikipedia": null, "service": null, "length": null, "addr:housename": null, "attraction": null, "monorail": null, "horse": null, "check_date:bin": null, "tiger:county": null, "start_date": null, "check_date:bench": null, "ele": null, "lacounty:ain": null, "lacounty:bld_id": null, "usage": null, "fixme": null, "rail": null, "source:imagery": null, "description": null, "underground": null, "frequency": null, "voltage": null, "network:wikidata": null, "network:wikipedia": null, "operator:wikipedia": null, "owner:wikidata": null, "owner:wikipedia": null, "organization": null, "crossing": null, "official_name": null, "railway:proposed": null, "proposed:public_transport": null, "proposed:railway": null, "proposed:tram": null, "turntable": null, "biotic_reef:type": null, "image": null, "natural": null, "protection_title": null, "reef": null, "ruined": null, "seamark:type": null, "man_made": null, "proposed": null, "wikimedia_commons": null, "addr:country": null, "toilets:wheelchair": null, "baby_feeding": null, "station": null, "railway:preferred_direction": "forward", "oneway": null, "maxspeed": null, "tiger:cfcc": null, "tiger:reviewed": null, "maxspeed:freight": null, "railway:ptc": null, "railway:track_class": null, "railway:track_ref": null, "old_railway_operator": null, "railway:atc": null, "tiger:name_base": null, "railway:traffic_mode": null, "reporting_marks": null, "tunnel:name": null, "segregated": null, "sidewalk": null, "cycleway": null, "tiger:name_type": null, "passenger_lines": null, "passenger": null, "railway:preserved": null, "cycleway:left": null, "cycleway:right": null, "cycleway:right:lane": null, "lcn": null, "lanes": null, "abandoned:railway": null, "abandoned:name": null, "smoothness": null, "tracktype": null, "source:construction": null, "tiger:source": null, "tiger:tlid": null, "tiger:upload_uuid": null, "review": null, "maxspeed:backward": null, "maxspeed:forward": null, "maxspeed:freight:backward": null, "historic:name": null, "historic:operator": null, "historic:usage": null, "bridge:name": null, "operator:short": null, "embankment": null, "old_name": null, "route": null, "type": null, "cutting": null, "vta:id": null, "maxheight": null, "razed:railway": null, "cycleway:both": null, "cycleway:both:lane": null, "lane_markings": null, "name_1": null, "tiger:name_base_1": null, "tiger:name_type_1": null, "width": null, "abandoned": null, "tiger:separated": null, "incline": null, "bridge:movable": null, "bridge:wikidata": null, "bridge:wikipedia": null, "heritage": null, "heritage:operator": null, "ref:nrhp": null, "bridge_ref": null, "milepost:county": null, "source:bridge": null, "source_ref:bridge": null, "hgv": null, "demolished:railway": null, "loc_name": null, "route_ref": null, "embedded": null, "addr:county": null, "ref:lahcm": null, "construction": null, "opening_date": null, "created_by": null, "bridge:alt_name": null, "maxspeed:freight:forward": null, "name:pronunciation": null, "cable_tram": "cable", "ref:cpuc": null, "ref:fra_crossing": null, "flood_prone": null, "motorcycle": null, "bing": null, "railway:cbtc": null, "tunnel:alt_name": null, "ID": null, "assmntdist": null, "built": null, "finish": null, "region": null, "shape_le_1": null, "shape_len": null, "start": null, "winter": null, "highspeed": null, "crossing:markings": null, "tunnel:wikidata": null, "NHS": null, "dog": null, "bridge:structure": null, "builder": null, "line": null, "is_in:state_code": null, "demolished": null, "old_attraction_name": null, "destination:lanes": null, "hov": null, "toll": null, "toll:hov": null, "turn:lanes": null, "railway:interlaced": null, "seasonal:dry_season": null, "seasonal:wet_season": null, "removed:bridge": null, "designation": null, "razed": null, "name:es": null, "destination": null, "lift_chain": null, "source:1": null, "hov:minimum": null, "old_ref": null, "construction:electrified": null, "construction:frequency": null, "construction:railway": null, "construction:voltage": null, "FIXME": null, "abandoned:usage": null, "admin_level": null, "border_type": null, "boundary": null, "ruins:bridge": null, "own": null, "leisure": null, "ohv": null, "source:maxspeed": null, "maxspeed:passenger": null, "was:gauge": null, "was:service": null, "hgv:national_network": null, "source:hgv:national_network": null, "tiger:name_base_2": null, "tiger:name_type_2": null, "nrhp:criteria": null, "nrhp:inscription_date": null, "nrhp:nhl": null, "old_name:1927-1968": null, "ref:cli": null, "name_2": null, "mtb:scale": null, "mtb:scale:uphill": null, "trail_visibility": null, "alt_owner": null, "url": null, "construction:railway:etcs": null, "lanes:backward": null, "lanes:both_ways": null, "lanes:forward": null, "parking:lane:both": null, "turn:lanes:both_ways": null, "disused:service": null, "MAPKEY": null, "OBJECTID": null, "SHAPE_STLe": null, "sccgis:objectid": null, "miniature:scale": null, "colour": null, "turn:lanes:forward": null, "turn:lanes:backward": null, "parking:lane:right": null, "mtb:scale:imba": null, "sac_scale": null, "cycleway:left:oneway": null, "end_date": null, "bus:lanes:backward": null, "bus:lanes:forward": null, "ford": null, "parking:both": null, "parking:both:orientation": null, "historic_usage": null, "construction:maxspeed": null, "proposed:electrified": null, "proposed:frequency": null, "proposed:voltage": null, "abandoned:service": null, "destination:ref": null, "construction:name": null, "construction:network": null, "construction:operator": null, "construction:wikidata": null, "construction:wikipedia": null, "change": null, "railway:disused": null, "crossing:island": null, "source:exit": null, "source:width": null, "footway": null, "disused": null, "contact:email": null, "contact:phone": null, "contact:website": null, "group_only": null, "name:en": null, "change:forward": null, "change:backward": null, "bus:lanes": null, "trolley_wire": null, "abandoned:electrified": null, "crossing:signals": null, "maxweight:hgv": null, "maxweight:hgv:conditional": null, "maxweight:hgv_articulated": null, "razed:service": null, "demolished:bridge": null, "crossing:barrier": null, "tracks": null, "heritage:website": null, "razed:usage": null, "parking:lane:left": null, "imagery": null, "local_ref": null, "crane:type": null, "submerged": null, "construction:gauge": null, "construction:usage": null, "planned": null, "floor": null, "lastcheck": null, "end_date:railway": null, "bridge:ref": null, "not:name": null, "stroller": null, "path": null, "proposed:railway:etcs": null, "was:bridge": null, "Note": null, "name:absent": null, "construction:service": null }, "geometry": { "type": "LineString", "coordinates": [ [ -122.4211418, 37.8069866 ], [ -122.4209919, 37.8068982 ] ] } },
{ "type": "Feature", "properties": { "id": "way/775883285", "@id": "way/775883285", "area": null, "historic": null, "name": null, "railway": "tram", "landuse": null, "operator": "San Francisco Municipal Railway", "bicycle": null, "covered": null, "departures_board": null, "foot": null, "highway": null, "indoor": null, "network": "Muni", "public_transport": null, "ref": null, "surface": null, "train": null, "lit": null, "wheelchair": null, "bench": null, "bin": null, "shelter": null, "owner": "San Francisco Municipal Railway", "building": null, "disused:railway": null, "source": null, "source_ref": null, "level": null, "tactile_paving": null, "addr:city": null, "addr:housenumber": null, "addr:postcode": null, "addr:state": null, "addr:street": null, "addr:street_direction_prefix": null, "industrial": null, "building:levels": null, "height": null, "light_rail": null, "air_conditioning": null, "attribution": null, "bak:fac_type1": null, "internet_access": null, "bus": null, "tram": null, "wheelchair:description": null, "check_date": null, "passenger_information_display": null, "bridge": null, "layer": null, "check_date:lit": null, "trolleybus": null, "bearing": null, "check_date:shelter": null, "tourism": null, "access": null, "subway": null, "location": null, "tunnel": null, "motor_vehicle": null, "operator:wikidata": null, "electrified": "no", "gauge": "1067", "alt_name": null, "note": null, "note:website": null, "phone": null, "railway:position": null, "railway:ref": null, "short_name": null, "website": null, "wikidata": null, "wikipedia": null, "service": null, "length": null, "addr:housename": null, "attraction": null, "monorail": null, "horse": null, "check_date:bin": null, "tiger:county": null, "start_date": null, "check_date:bench": null, "ele": null, "lacounty:ain": null, "lacounty:bld_id": null, "usage": null, "fixme": null, "rail": null, "source:imagery": null, "description": null, "underground": null, "frequency": null, "voltage": null, "network:wikidata": null, "network:wikipedia": null, "operator:wikipedia": null, "owner:wikidata": null, "owner:wikipedia": null, "organization": null, "crossing": null, "official_name": null, "railway:proposed": null, "proposed:public_transport": null, "proposed:railway": null, "proposed:tram": null, "turntable": null, "biotic_reef:type": null, "image": null, "natural": null, "protection_title": null, "reef": null, "ruined": null, "seamark:type": null, "man_made": null, "proposed": null, "wikimedia_commons": null, "addr:country": null, "toilets:wheelchair": null, "baby_feeding": null, "station": null, "railway:preferred_direction": "forward", "oneway": null, "maxspeed": null, "tiger:cfcc": null, "tiger:reviewed": null, "maxspeed:freight": null, "railway:ptc": null, "railway:track_class": null, "railway:track_ref": null, "old_railway_operator": null, "railway:atc": null, "tiger:name_base": null, "railway:traffic_mode": null, "reporting_marks": null, "tunnel:name": null, "segregated": null, "sidewalk": null, "cycleway": null, "tiger:name_type": null, "passenger_lines": null, "passenger": null, "railway:preserved": null, "cycleway:left": null, "cycleway:right": null, "cycleway:right:lane": null, "lcn": null, "lanes": null, "abandoned:railway": null, "abandoned:name": null, "smoothness": null, "tracktype": null, "source:construction": null, "tiger:source": null, "tiger:tlid": null, "tiger:upload_uuid": null, "review": null, "maxspeed:backward": null, "maxspeed:forward": null, "maxspeed:freight:backward": null, "historic:name": null, "historic:operator": null, "historic:usage": null, "bridge:name": null, "operator:short": null, "embankment": null, "old_name": null, "route": null, "type": null, "cutting": null, "vta:id": null, "maxheight": null, "razed:railway": null, "cycleway:both": null, "cycleway:both:lane": null, "lane_markings": null, "name_1": null, "tiger:name_base_1": null, "tiger:name_type_1": null, "width": null, "abandoned": null, "tiger:separated": null, "incline": null, "bridge:movable": null, "bridge:wikidata": null, "bridge:wikipedia": null, "heritage": null, "heritage:operator": null, "ref:nrhp": null, "bridge_ref": null, "milepost:county": null, "source:bridge": null, "source_ref:bridge": null, "hgv": null, "demolished:railway": null, "loc_name": null, "route_ref": null, "embedded": null, "addr:county": null, "ref:lahcm": null, "construction": null, "opening_date": null, "created_by": null, "bridge:alt_name": null, "maxspeed:freight:forward": null, "name:pronunciation": null, "cable_tram": "cable", "ref:cpuc": null, "ref:fra_crossing": null, "flood_prone": null, "motorcycle": null, "bing": null, "railway:cbtc": null, "tunnel:alt_name": null, "ID": null, "assmntdist": null, "built": null, "finish": null, "region": null, "shape_le_1": null, "shape_len": null, "start": null, "winter": null, "highspeed": null, "crossing:markings": null, "tunnel:wikidata": null, "NHS": null, "dog": null, "bridge:structure": null, "builder": null, "line": null, "is_in:state_code": null, "demolished": null, "old_attraction_name": null, "destination:lanes": null, "hov": null, "toll": null, "toll:hov": null, "turn:lanes": null, "railway:interlaced": null, "seasonal:dry_season": null, "seasonal:wet_season": null, "removed:bridge": null, "designation": null, "razed": null, "name:es": null, "destination": null, "lift_chain": null, "source:1": null, "hov:minimum": null, "old_ref": null, "construction:electrified": null, "construction:frequency": null, "construction:railway": null, "construction:voltage": null, "FIXME": null, "abandoned:usage": null, "admin_level": null, "border_type": null, "boundary": null, "ruins:bridge": null, "own": null, "leisure": null, "ohv": null, "source:maxspeed": null, "maxspeed:passenger": null, "was:gauge": null, "was:service": null, "hgv:national_network": null, "source:hgv:national_network": null, "tiger:name_base_2": null, "tiger:name_type_2": null, "nrhp:criteria": null, "nrhp:inscription_date": null, "nrhp:nhl": null, "old_name:1927-1968": null, "ref:cli": null, "name_2": null, "mtb:scale": null, "mtb:scale:uphill": null, "trail_visibility": null, "alt_owner": null, "url": null, "construction:railway:etcs": null, "lanes:backward": null, "lanes:both_ways": null, "lanes:forward": null, "parking:lane:both": null, "turn:lanes:both_ways": null, "disused:service": null, "MAPKEY": null, "OBJECTID": null, "SHAPE_STLe": null, "sccgis:objectid": null, "miniature:scale": null, "colour": null, "turn:lanes:forward": null, "turn:lanes:backward": null, "parking:lane:right": null, "mtb:scale:imba": null, "sac_scale": null, "cycleway:left:oneway": null, "end_date": null, "bus:lanes:backward": null, "bus:lanes:forward": null, "ford": null, "parking:both": null, "parking:both:orientation": null, "historic_usage": null, "construction:maxspeed": null, "proposed:electrified": null, "proposed:frequency": null, "proposed:voltage": null, "abandoned:service": null, "destination:ref": null, "construction:name": null, "construction:network": null, "construction:operator": null, "construction:wikidata": null, "construction:wikipedia": null, "change": null, "railway:disused": null, "crossing:island": null, "source:exit": null, "source:width": null, "footway": null, "disused": null, "contact:email": null, "contact:phone": null, "contact:website": null, "group_only": null, "name:en": null, "change:forward": null, "change:backward": null, "bus:lanes": null, "trolley_wire": null, "abandoned:electrified": null, "crossing:signals": null, "maxweight:hgv": null, "maxweight:hgv:conditional": null, "maxweight:hgv_articulated": null, "razed:service": null, "demolished:bridge": null, "crossing:barrier": null, "tracks": null, "heritage:website": null, "razed:usage": null, "parking:lane:left": null, "imagery": null, "local_ref": null, "crane:type": null, "submerged": null, "construction:gauge": null, "construction:usage": null, "planned": null, "floor": null, "lastcheck": null, "end_date:railway": null, "bridge:ref": null, "not:name": null, "stroller": null, "path": null, "proposed:railway:etcs": null, "was:bridge": null, "Note": null, "name:absent": null, "construction:service": null }, "geometry": { "type": "LineString", "coordinates": [ [ -122.420526, 37.8065456 ], [ -122.4205293, 37.8065613 ] ] } },
{ "type": "Feature", "properties": { "id": "way/775883287", "@id": "way/775883287", "area": null, "historic": null, "name": null, "railway": "tram", "landuse": null, "operator": "San Francisco Municipal Railway", "bicycle": null, "covered": null, "departures_board": null, "foot": null, "highway": null, "indoor": null, "network": "Muni", "public_transport": null, "ref": null, "surface": null, "train": null, "lit": null, "wheelchair": null, "bench": null, "bin": null, "shelter": null, "owner": "San Francisco Municipal Railway", "building": null, "disused:railway": null, "source": null, "source_ref": null, "level": null, "tactile_paving": null, "addr:city": null, "addr:housenumber": null, "addr:postcode": null, "addr:state": null, "addr:street": null, "addr:street_direction_prefix": null, "industrial": null, "building:levels": null, "height": null, "light_rail": null, "air_conditioning": null, "attribution": null, "bak:fac_type1": null, "internet_access": null, "bus": null, "tram": null, "wheelchair:description": null, "check_date": null, "passenger_information_display": null, "bridge": null, "layer": null, "check_date:lit": null, "trolleybus": null, "bearing": null, "check_date:shelter": null, "tourism": null, "access": null, "subway": null, "location": null, "tunnel": null, "motor_vehicle": null, "operator:wikidata": null, "electrified": "no", "gauge": "1067", "alt_name": null, "note": null, "note:website": null, "phone": null, "railway:position": null, "railway:ref": null, "short_name": null, "website": null, "wikidata": null, "wikipedia": null, "service": null, "length": null, "addr:housename": null, "attraction": null, "monorail": null, "horse": null, "check_date:bin": null, "tiger:county": null, "start_date": null, "check_date:bench": null, "ele": null, "lacounty:ain": null, "lacounty:bld_id": null, "usage": null, "fixme": null, "rail": null, "source:imagery": null, "description": null, "underground": null, "frequency": null, "voltage": null, "network:wikidata": null, "network:wikipedia": null, "operator:wikipedia": null, "owner:wikidata": null, "owner:wikipedia": null, "organization": null, "crossing": null, "official_name": null, "railway:proposed": null, "proposed:public_transport": null, "proposed:railway": null, "proposed:tram": null, "turntable": null, "biotic_reef:type": null, "image": null, "natural": null, "protection_title": null, "reef": null, "ruined": null, "seamark:type": null, "man_made": null, "proposed": null, "wikimedia_commons": null, "addr:country": null, "toilets:wheelchair": null, "baby_feeding": null, "station": null, "railway:preferred_direction": "forward", "oneway": null, "maxspeed": "9.5 mph", "tiger:cfcc": null, "tiger:reviewed": null, "maxspeed:freight": null, "railway:ptc": null, "railway:track_class": null, "railway:track_ref": null, "old_railway_operator": null, "railway:atc": null, "tiger:name_base": null, "railway:traffic_mode": null, "reporting_marks": null, "tunnel:name": null, "segregated": null, "sidewalk": null, "cycleway": null, "tiger:name_type": null, "passenger_lines": null, "passenger": null, "railway:preserved": null, "cycleway:left": null, "cycleway:right": null, "cycleway:right:lane": null, "lcn": null, "lanes": null, "abandoned:railway": null, "abandoned:name": null, "smoothness": null, "tracktype": null, "source:construction": null, "tiger:source": null, "tiger:tlid": null, "tiger:upload_uuid": null, "review": null, "maxspeed:backward": null, "maxspeed:forward": null, "maxspeed:freight:backward": null, "historic:name": null, "historic:operator": null, "historic:usage": null, "bridge:name": null, "operator:short": null, "embankment": null, "old_name": null, "route": null, "type": null, "cutting": null, "vta:id": null, "maxheight": null, "razed:railway": null, "cycleway:both": null, "cycleway:both:lane": null, "lane_markings": null, "name_1": null, "tiger:name_base_1": null, "tiger:name_type_1": null, "width": null, "abandoned": null, "tiger:separated": null, "incline": null, "bridge:movable": null, "bridge:wikidata": null, "bridge:wikipedia": null, "heritage": null, "heritage:operator": null, "ref:nrhp": null, "bridge_ref": null, "milepost:county": null, "source:bridge": null, "source_ref:bridge": null, "hgv": null, "demolished:railway": null, "loc_name": null, "route_ref": null, "embedded": null, "addr:county": null, "ref:lahcm": null, "construction": null, "opening_date": null, "created_by": null, "bridge:alt_name": null, "maxspeed:freight:forward": null, "name:pronunciation": null, "cable_tram": null, "ref:cpuc": null, "ref:fra_crossing": null, "flood_prone": null, "motorcycle": null, "bing": null, "railway:cbtc": null, "tunnel:alt_name": null, "ID": null, "assmntdist": null, "built": null, "finish": null, "region": null, "shape_le_1": null, "shape_len": null, "start": null, "winter": null, "highspeed": null, "crossing:markings": null, "tunnel:wikidata": null, "NHS": null, "dog": null, "bridge:structure": null, "builder": null, "line": null, "is_in:state_code": null, "demolished": null, "old_attraction_name": null, "destination:lanes": null, "hov": null, "toll": null, "toll:hov": null, "turn:lanes": null, "railway:interlaced": null, "seasonal:dry_season": null, "seasonal:wet_season": null, "removed:bridge": null, "designation": null, "razed": null, "name:es": null, "destination": null, "lift_chain": null, "source:1": null, "hov:minimum": null, "old_ref": null, "construction:electrified": null, "construction:frequency": null, "construction:railway": null, "construction:voltage": null, "FIXME": null, "abandoned:usage": null, "admin_level": null, "border_type": null, "boundary": null, "ruins:bridge": null, "own": null, "leisure": null, "ohv": null, "source:maxspeed": null, "maxspeed:passenger": null, "was:gauge": null, "was:service": null, "hgv:national_network": null, "source:hgv:national_network": null, "tiger:name_base_2": null, "tiger:name_type_2": null, "nrhp:criteria": null, "nrhp:inscription_date": null, "nrhp:nhl": null, "old_name:1927-1968": null, "ref:cli": null, "name_2": null, "mtb:scale": null, "mtb:scale:uphill": null, "trail_visibility": null, "alt_owner": null, "url": null, "construction:railway:etcs": null, "lanes:backward": null, "lanes:both_ways": null, "lanes:forward": null, "parking:lane:both": null, "turn:lanes:both_ways": null, "disused:service": null, "MAPKEY": null, "OBJECTID": null, "SHAPE_STLe": null, "sccgis:objectid": null, "miniature:scale": null, "colour": null, "turn:lanes:forward": null, "turn:lanes:backward": null, "parking:lane:right": null, "mtb:scale:imba": null, "sac_scale": null, "cycleway:left:oneway": null, "end_date": null, "bus:lanes:backward": null, "bus:lanes:forward": null, "ford": null, "parking:both": null, "parking:both:orientation": null, "historic_usage": null, "construction:maxspeed": null, "proposed:electrified": null, "proposed:frequency": null, "proposed:voltage": null, "abandoned:service": null, "destination:ref": null, "construction:name": null, "construction:network": null, "construction:operator": null, "construction:wikidata": null, "construction:wikipedia": null, "change": null, "railway:disused": null, "crossing:island": null, "source:exit": null, "source:width": null, "footway": null, "disused": null, "contact:email": null, "contact:phone": null, "contact:website": null, "group_only": null, "name:en": null, "change:forward": null, "change:backward": null, "bus:lanes": null, "trolley_wire": null, "abandoned:electrified": null, "crossing:signals": null, "maxweight:hgv": null, "maxweight:hgv:conditional": null, "maxweight:hgv_articulated": null, "razed:service": null, "demolished:bridge": null, "crossing:barrier": null, "tracks": null, "heritage:website": null, "razed:usage": null, "parking:lane:left": null, "imagery": null, "local_ref": null, "crane:type": null, "submerged": null, "construction:gauge": null, "construction:usage": null, "planned": null, "floor": null, "lastcheck": null, "end_date:railway": null, "bridge:ref": null, "not:name": null, "stroller": null, "path": null, "proposed:railway:etcs": null, "was:bridge": null, "Note": null, "name:absent": null, "construction:service": null }, "geometry": { "type": "LineString", "coordinates": [ [ -122.4117591, 37.7944743 ], [ -122.411477, 37.79451 ], [ -122.411427, 37.7945162 ], [ -122.411379, 37.7945223 ], [ -122.4112933, 37.7945331 ], [ -122.4111901, 37.7945461 ] ] } },
{ "type": "Feature", "properties": { "id": "way/775883289", "@id": "way/775883289", "area": null, "historic": null, "name": null, "railway": "tram", "landuse": null, "operator": "San Francisco Municipal Railway", "bicycle": null, "covered": null, "departures_board": null, "foot": null, "highway": null, "indoor": null, "network": "Muni", "public_transport": null, "ref": null, "surface": null, "train": null, "lit": null, "wheelchair": null, "bench": null, "bin": null, "shelter": null, "owner": "San Francisco Municipal Railway", "building": null, "disused:railway": null, "source": null, "source_ref": null, "level": null, "tactile_paving": null, "addr:city": null, "addr:housenumber": null, "addr:postcode": null, "addr:state": null, "addr:street": null, "addr:street_direction_prefix": null, "industrial": null, "building:levels": null, "height": null, "light_rail": null, "air_conditioning": null, "attribution": null, "bak:fac_type1": null, "internet_access": null, "bus": null, "tram": null, "wheelchair:description": null, "check_date": null, "passenger_information_display": null, "bridge": null, "layer": null, "check_date:lit": null, "trolleybus": null, "bearing": null, "check_date:shelter": null, "tourism": null, "access": null, "subway": null, "location": null, "tunnel": null, "motor_vehicle": null, "operator:wikidata": null, "electrified": "no", "gauge": "1067", "alt_name": null, "note": null, "note:website": null, "phone": null, "railway:position": null, "railway:ref": null, "short_name": null, "website": null, "wikidata": null, "wikipedia": null, "service": null, "length": null, "addr:housename": null, "attraction": null, "monorail": null, "horse": null, "check_date:bin": null, "tiger:county": null, "start_date": null, "check_date:bench": null, "ele": null, "lacounty:ain": null, "lacounty:bld_id": null, "usage": null, "fixme": null, "rail": null, "source:imagery": null, "description": null, "underground": null, "frequency": null, "voltage": null, "network:wikidata": null, "network:wikipedia": null, "operator:wikipedia": null, "owner:wikidata": null, "owner:wikipedia": null, "organization": null, "crossing": null, "official_name": null, "railway:proposed": null, "proposed:public_transport": null, "proposed:railway": null, "proposed:tram": null, "turntable": null, "biotic_reef:type": null, "image": null, "natural": null, "protection_title": null, "reef": null, "ruined": null, "seamark:type": null, "man_made": null, "proposed": null, "wikimedia_commons": null, "addr:country": null, "toilets:wheelchair": null, "baby_feeding": null, "station": null, "railway:preferred_direction": "forward", "oneway": null, "maxspeed": "9.5 mph", "tiger:cfcc": null, "tiger:reviewed": null, "maxspeed:freight": null, "railway:ptc": null, "railway:track_class": null, "railway:track_ref": null, "old_railway_operator": null, "railway:atc": null, "tiger:name_base": null, "railway:traffic_mode": null, "reporting_marks": null, "tunnel:name": null, "segregated": null, "sidewalk": null, "cycleway": null, "tiger:name_type": null, "passenger_lines": null, "passenger": null, "railway:preserved": null, "cycleway:left": null, "cycleway:right": null, "cycleway:right:lane": null, "lcn": null, "lanes": null, "abandoned:railway": null, "abandoned:name": null, "smoothness": null, "tracktype": null, "source:construction": null, "tiger:source": null, "tiger:tlid": null, "tiger:upload_uuid": null, "review": null, "maxspeed:backward": null, "maxspeed:forward": null, "maxspeed:freight:backward": null, "historic:name": null, "historic:operator": null, "historic:usage": null, "bridge:name": null, "operator:short": null, "embankment": null, "old_name": null, "route": null, "type": null, "cutting": null, "vta:id": null, "maxheight": null, "razed:railway": null, "cycleway:both": null, "cycleway:both:lane": null, "lane_markings": null, "name_1": null, "tiger:name_base_1": null, "tiger:name_type_1": null, "width": null, "abandoned": null, "tiger:separated": null, "incline": null, "bridge:movable": null, "bridge:wikidata": null, "bridge:wikipedia": null, "heritage": null, "heritage:operator": null, "ref:nrhp": null, "bridge_ref": null, "milepost:county": null, "source:bridge": null, "source_ref:bridge": null, "hgv": null, "demolished:railway": null, "loc_name": null, "route_ref": null, "embedded": null, "addr:county": null, "ref:lahcm": null, "construction": null, "opening_date": null, "created_by": null, "bridge:alt_name": null, "maxspeed:freight:forward": null, "name:pronunciation": null, "cable_tram": null, "ref:cpuc": null, "ref:fra_crossing": null, "flood_prone": null, "motorcycle": null, "bing": null, "railway:cbtc": null, "tunnel:alt_name": null, "ID": null, "assmntdist": null, "built": null, "finish": null, "region": null, "shape_le_1": null, "shape_len": null, "start": null, "winter": null, "highspeed": null, "crossing:markings": null, "tunnel:wikidata": null, "NHS": null, "dog": null, "bridge:structure": null, "builder": null, "line": null, "is_in:state_code": null, "demolished": null, "old_attraction_name": null, "destination:lanes": null, "hov": null, "toll": null, "toll:hov": null, "turn:lanes": null, "railway:interlaced": null, "seasonal:dry_season": null, "seasonal:wet_season": null, "removed:bridge": null, "designation": null, "razed": null, "name:es": null, "destination": null, "lift_chain": null, "source:1": null, "hov:minimum": null, "old_ref": null, "construction:electrified": null, "construction:frequency": null, "construction:railway": null, "construction:voltage": null, "FIXME": null, "abandoned:usage": null, "admin_level": null, "border_type": null, "boundary": null, "ruins:bridge": null, "own": null, "leisure": null, "ohv": null, "source:maxspeed": null, "maxspeed:passenger": null, "was:gauge": null, "was:service": null, "hgv:national_network": null, "source:hgv:national_network": null, "tiger:name_base_2": null, "tiger:name_type_2": null, "nrhp:criteria": null, "nrhp:inscription_date": null, "nrhp:nhl": null, "old_name:1927-1968": null, "ref:cli": null, "name_2": null, "mtb:scale": null, "mtb:scale:uphill": null, "trail_visibility": null, "alt_owner": null, "url": null, "construction:railway:etcs": null, "lanes:backward": null, "lanes:both_ways": null, "lanes:forward": null, "parking:lane:both": null, "turn:lanes:both_ways": null, "disused:service": null, "MAPKEY": null, "OBJECTID": null, "SHAPE_STLe": null, "sccgis:objectid": null, "miniature:scale": null, "colour": null, "turn:lanes:forward": null, "turn:lanes:backward": null, "parking:lane:right": null, "mtb:scale:imba": null, "sac_scale": null, "cycleway:left:oneway": null, "end_date": null, "bus:lanes:backward": null, "bus:lanes:forward": null, "ford": null, "parking:both": null, "parking:both:orientation": null, "historic_usage": null, "construction:maxspeed": null, "proposed:electrified": null, "proposed:frequency": null, "proposed:voltage": null, "abandoned:service": null, "destination:ref": null, "construction:name": null, "construction:network": null, "construction:operator": null, "construction:wikidata": null, "construction:wikipedia": null, "change": null, "railway:disused": null, "crossing:island": null, "source:exit": null, "source:width": null, "footway": null, "disused": null, "contact:email": null, "contact:phone": null, "contact:website": null, "group_only": null, "name:en": null, "change:forward": null, "change:backward": null, "bus:lanes": null, "trolley_wire": null, "abandoned:electrified": null, "crossing:signals": null, "maxweight:hgv": null, "maxweight:hgv:conditional": null, "maxweight:hgv_articulated": null, "razed:service": null, "demolished:bridge": null, "crossing:barrier": null, "tracks": null, "heritage:website": null, "razed:usage": null, "parking:lane:left": null, "imagery": null, "local_ref": null, "crane:type": null, "submerged": null, "construction:gauge": null, "construction:usage": null, "planned": null, "floor": null, "lastcheck": null, "end_date:railway": null, "bridge:ref": null, "not:name": null, "stroller": null, "path": null, "proposed:railway:etcs": null, "was:bridge": null, "Note": null, "name:absent": null, "construction:service": null }, "geometry": { "type": "LineString", "coordinates": [ [ -122.4115438, 37.7954138 ], [ -122.4115608, 37.7954118 ], [ -122.4115697, 37.7954108 ], [ -122.4116479, 37.7954014 ] ] } },
{ "type": "Feature", "properties": { "id": "way/775883291", "@id": "way/775883291", "area": null, "historic": null, "name": null, "railway": "tram", "landuse": null, "operator": "San Francisco Municipal Railway", "bicycle": null, "covered": null, "departures_board": null, "foot": null, "highway": null, "indoor": null, "network": "Muni", "public_transport": null, "ref": null, "surface": null, "train": null, "lit": null, "wheelchair": null, "bench": null, "bin": null, "shelter": null, "owner": "San Francisco Municipal Railway", "building": null, "disused:railway": null, "source": null, "source_ref": null, "level": null, "tactile_paving": null, "addr:city": null, "addr:housenumber": null, "addr:postcode": null, "addr:state": null, "addr:street": null, "addr:street_direction_prefix": null, "industrial": null, "building:levels": null, "height": null, "light_rail": null, "air_conditioning": null, "attribution": null, "bak:fac_type1": null, "internet_access": null, "bus": null, "tram": null, "wheelchair:description": null, "check_date": null, "passenger_information_display": null, "bridge": null, "layer": null, "check_date:lit": null, "trolleybus": null, "bearing": null, "check_date:shelter": null, "tourism": null, "access": null, "subway": null, "location": null, "tunnel": null, "motor_vehicle": null, "operator:wikidata": null, "electrified": "no", "gauge": "1067", "alt_name": null, "note": null, "note:website": null, "phone": null, "railway:position": null, "railway:ref": null, "short_name": null, "website": null, "wikidata": null, "wikipedia": null, "service": null, "length": null, "addr:housename": null, "attraction": null, "monorail": null, "horse": null, "check_date:bin": null, "tiger:county": null, "start_date": null, "check_date:bench": null, "ele": null, "lacounty:ain": null, "lacounty:bld_id": null, "usage": null, "fixme": null, "rail": null, "source:imagery": null, "description": null, "underground": null, "frequency": null, "voltage": null, "network:wikidata": null, "network:wikipedia": null, "operator:wikipedia": null, "owner:wikidata": null, "owner:wikipedia": null, "organization": null, "crossing": null, "official_name": null, "railway:proposed": null, "proposed:public_transport": null, "proposed:railway": null, "proposed:tram": null, "turntable": null, "biotic_reef:type": null, "image": null, "natural": null, "protection_title": null, "reef": null, "ruined": null, "seamark:type": null, "man_made": null, "proposed": null, "wikimedia_commons": null, "addr:country": null, "toilets:wheelchair": null, "baby_feeding": null, "station": null, "railway:preferred_direction": "forward", "oneway": null, "maxspeed": null, "tiger:cfcc": null, "tiger:reviewed": null, "maxspeed:freight": null, "railway:ptc": null, "railway:track_class": null, "railway:track_ref": null, "old_railway_operator": null, "railway:atc": null, "tiger:name_base": null, "railway:traffic_mode": null, "reporting_marks": null, "tunnel:name": null, "segregated": null, "sidewalk": null, "cycleway": null, "tiger:name_type": null, "passenger_lines": null, "passenger": null, "railway:preserved": null, "cycleway:left": null, "cycleway:right": null, "cycleway:right:lane": null, "lcn": null, "lanes": null, "abandoned:railway": null, "abandoned:name": null, "smoothness": null, "tracktype": null, "source:construction": null, "tiger:source": null, "tiger:tlid": null, "tiger:upload_uuid": null, "review": null, "maxspeed:backward": null, "maxspeed:forward": null, "maxspeed:freight:backward": null, "historic:name": null, "historic:operator": null, "historic:usage": null, "bridge:name": null, "operator:short": null, "embankment": null, "old_name": null, "route": null, "type": null, "cutting": null, "vta:id": null, "maxheight": null, "razed:railway": null, "cycleway:both": null, "cycleway:both:lane": null, "lane_markings": null, "name_1": null, "tiger:name_base_1": null, "tiger:name_type_1": null, "width": null, "abandoned": null, "tiger:separated": null, "incline": null, "bridge:movable": null, "bridge:wikidata": null, "bridge:wikipedia": null, "heritage": null, "heritage:operator": null, "ref:nrhp": null, "bridge_ref": null, "milepost:county": null, "source:bridge": null, "source_ref:bridge": null, "hgv": null, "demolished:railway": null, "loc_name": null, "route_ref": null, "embedded": null, "addr:county": null, "ref:lahcm": null, "construction": null, "opening_date": null, "created_by": null, "bridge:alt_name": null, "maxspeed:freight:forward": null, "name:pronunciation": null, "cable_tram": null, "ref:cpuc": null, "ref:fra_crossing": null, "flood_prone": null, "motorcycle": null, "bing": null, "railway:cbtc": null, "tunnel:alt_name": null, "ID": null, "assmntdist": null, "built": null, "finish": null, "region": null, "shape_le_1": null, "shape_len": null, "start": null, "winter": null, "highspeed": null, "crossing:markings": null, "tunnel:wikidata": null, "NHS": null, "dog": null, "bridge:structure": null, "builder": null, "line": null, "is_in:state_code": null, "demolished": null, "old_attraction_name": null, "destination:lanes": null, "hov": null, "toll": null, "toll:hov": null, "turn:lanes": null, "railway:interlaced": null, "seasonal:dry_season": null, "seasonal:wet_season": null, "removed:bridge": null, "designation": null, "razed": null, "name:es": null, "destination": null, "lift_chain": null, "source:1": null, "hov:minimum": null, "old_ref": null, "construction:electrified": null, "construction:frequency": null, "construction:railway": null, "construction:voltage": null, "FIXME": null, "abandoned:usage": null, "admin_level": null, "border_type": null, "boundary": null, "ruins:bridge": null, "own": null, "leisure": null, "ohv": null, "source:maxspeed": null, "maxspeed:passenger": null, "was:gauge": null, "was:service": null, "hgv:national_network": null, "source:hgv:national_network": null, "tiger:name_base_2": null, "tiger:name_type_2": null, "nrhp:criteria": null, "nrhp:inscription_date": null, "nrhp:nhl": null, "old_name:1927-1968": null, "ref:cli": null, "name_2": null, "mtb:scale": null, "mtb:scale:uphill": null, "trail_visibility": null, "alt_owner": null, "url": null, "construction:railway:etcs": null, "lanes:backward": null, "lanes:both_ways": null, "lanes:forward": null, "parking:lane:both": null, "turn:lanes:both_ways": null, "disused:service": null, "MAPKEY": null, "OBJECTID": null, "SHAPE_STLe": null, "sccgis:objectid": null, "miniature:scale": null, "colour": null, "turn:lanes:forward": null, "turn:lanes:backward": null, "parking:lane:right": null, "mtb:scale:imba": null, "sac_scale": null, "cycleway:left:oneway": null, "end_date": null, "bus:lanes:backward": null, "bus:lanes:forward": null, "ford": null, "parking:both": null, "parking:both:orientation": null, "historic_usage": null, "construction:maxspeed": null, "proposed:electrified": null, "proposed:frequency": null, "proposed:voltage": null, "abandoned:service": null, "destination:ref": null, "construction:name": null, "construction:network": null, "construction:operator": null, "construction:wikidata": null, "construction:wikipedia": null, "change": null, "railway:disused": null, "crossing:island": null, "source:exit": null, "source:width": null, "footway": null, "disused": null, "contact:email": null, "contact:phone": null, "contact:website": null, "group_only": null, "name:en": null, "change:forward": null, "change:backward": null, "bus:lanes": null, "trolley_wire": null, "abandoned:electrified": null, "crossing:signals": null, "maxweight:hgv": null, "maxweight:hgv:conditional": null, "maxweight:hgv_articulated": null, "razed:service": null, "demolished:bridge": null, "crossing:barrier": null, "tracks": null, "heritage:website": null, "razed:usage": null, "parking:lane:left": null, "imagery": null, "local_ref": null, "crane:type": null, "submerged": null, "construction:gauge": null, "construction:usage": null, "planned": null, "floor": null, "lastcheck": null, "end_date:railway": null, "bridge:ref": null, "not:name": null, "stroller": null, "path": null, "proposed:railway:etcs": null, "was:bridge": null, "Note": null, "name:absent": null, "construction:service": null }, "geometry": { "type": "LineString", "coordinates": [ [ -122.4091526, 37.7919826 ], [ -122.4091636, 37.7920392 ], [ -122.4091665, 37.7920525 ], [ -122.4091691, 37.7920662 ], [ -122.4091785, 37.7921136 ] ] } },
{ "type": "Feature", "properties": { "id": "way/775883293", "@id": "way/775883293", "area": null, "historic": null, "name": null, "railway": "tram", "landuse": null, "operator": "San Francisco Municipal Railway", "bicycle": null, "covered": null, "departures_board": null, "foot": null, "highway": null, "indoor": null, "network": "Muni", "public_transport": null, "ref": null, "surface": null, "train": null, "lit": null, "wheelchair": null, "bench": null, "bin": null, "shelter": null, "owner": "San Francisco Municipal Railway", "building": null, "disused:railway": null, "source": null, "source_ref": null, "level": null, "tactile_paving": null, "addr:city": null, "addr:housenumber": null, "addr:postcode": null, "addr:state": null, "addr:street": null, "addr:street_direction_prefix": null, "industrial": null, "building:levels": null, "height": null, "light_rail": null, "air_conditioning": null, "attribution": null, "bak:fac_type1": null, "internet_access": null, "bus": null, "tram": null, "wheelchair:description": null, "check_date": null, "passenger_information_display": null, "bridge": null, "layer": null, "check_date:lit": null, "trolleybus": null, "bearing": null, "check_date:shelter": null, "tourism": null, "access": null, "subway": null, "location": null, "tunnel": null, "motor_vehicle": null, "operator:wikidata": null, "electrified": "no", "gauge": "1067", "alt_name": null, "note": null, "note:website": null, "phone": null, "railway:position": null, "railway:ref": null, "short_name": null, "website": null, "wikidata": null, "wikipedia": null, "service": null, "length": null, "addr:housename": null, "attraction": null, "monorail": null, "horse": null, "check_date:bin": null, "tiger:county": null, "start_date": null, "check_date:bench": null, "ele": null, "lacounty:ain": null, "lacounty:bld_id": null, "usage": null, "fixme": null, "rail": null, "source:imagery": null, "description": null, "underground": null, "frequency": null, "voltage": null, "network:wikidata": null, "network:wikipedia": null, "operator:wikipedia": null, "owner:wikidata": null, "owner:wikipedia": null, "organization": null, "crossing": null, "official_name": null, "railway:proposed": null, "proposed:public_transport": null, "proposed:railway": null, "proposed:tram": null, "turntable": null, "biotic_reef:type": null, "image": null, "natural": null, "protection_title": null, "reef": null, "ruined": null, "seamark:type": null, "man_made": null, "proposed": null, "wikimedia_commons": null, "addr:country": null, "toilets:wheelchair": null, "baby_feeding": null, "station": null, "railway:preferred_direction": "forward", "oneway": null, "maxspeed": "9.5 mph", "tiger:cfcc": null, "tiger:reviewed": null, "maxspeed:freight": null, "railway:ptc": null, "railway:track_class": null, "railway:track_ref": null, "old_railway_operator": null, "railway:atc": null, "tiger:name_base": null, "railway:traffic_mode": null, "reporting_marks": null, "tunnel:name": null, "segregated": null, "sidewalk": null, "cycleway": null, "tiger:name_type": null, "passenger_lines": null, "passenger": null, "railway:preserved": null, "cycleway:left": null, "cycleway:right": null, "cycleway:right:lane": null, "lcn": null, "lanes": null, "abandoned:railway": null, "abandoned:name": null, "smoothness": null, "tracktype": null, "source:construction": null, "tiger:source": null, "tiger:tlid": null, "tiger:upload_uuid": null, "review": null, "maxspeed:backward": null, "maxspeed:forward": null, "maxspeed:freight:backward": null, "historic:name": null, "historic:operator": null, "historic:usage": null, "bridge:name": null, "operator:short": null, "embankment": null, "old_name": null, "route": null, "type": null, "cutting": null, "vta:id": null, "maxheight": null, "razed:railway": null, "cycleway:both": null, "cycleway:both:lane": null, "lane_markings": null, "name_1": null, "tiger:name_base_1": null, "tiger:name_type_1": null, "width": null, "abandoned": null, "tiger:separated": null, "incline": null, "bridge:movable": null, "bridge:wikidata": null, "bridge:wikipedia": null, "heritage": null, "heritage:operator": null, "ref:nrhp": null, "bridge_ref": null, "milepost:county": null, "source:bridge": null, "source_ref:bridge": null, "hgv": null, "demolished:railway": null, "loc_name": null, "route_ref": null, "embedded": null, "addr:county": null, "ref:lahcm": null, "construction": null, "opening_date": null, "created_by": null, "bridge:alt_name": null, "maxspeed:freight:forward": null, "name:pronunciation": null, "cable_tram": null, "ref:cpuc": null, "ref:fra_crossing": null, "flood_prone": null, "motorcycle": null, "bing": null, "railway:cbtc": null, "tunnel:alt_name": null, "ID": null, "assmntdist": null, "built": null, "finish": null, "region": null, "shape_le_1": null, "shape_len": null, "start": null, "winter": null, "highspeed": null, "crossing:markings": null, "tunnel:wikidata": null, "NHS": null, "dog": null, "bridge:structure": null, "builder": null, "line": null, "is_in:state_code": null, "demolished": null, "old_attraction_name": null, "destination:lanes": null, "hov": null, "toll": null, "toll:hov": null, "turn:lanes": null, "railway:interlaced": null, "seasonal:dry_season": null, "seasonal:wet_season": null, "removed:bridge": null, "designation": null, "razed": null, "name:es": null, "destination": null, "lift_chain": null, "source:1": null, "hov:minimum": null, "old_ref": null, "construction:electrified": null, "construction:frequency": null, "construction:railway": null, "construction:voltage": null, "FIXME": null, "abandoned:usage": null, "admin_level": null, "border_type": null, "boundary": null, "ruins:bridge": null, "own": null, "leisure": null, "ohv": null, "source:maxspeed": null, "maxspeed:passenger": null, "was:gauge": null, "was:service": null, "hgv:national_network": null, "source:hgv:national_network": null, "tiger:name_base_2": null, "tiger:name_type_2": null, "nrhp:criteria": null, "nrhp:inscription_date": null, "nrhp:nhl": null, "old_name:1927-1968": null, "ref:cli": null, "name_2": null, "mtb:scale": null, "mtb:scale:uphill": null, "trail_visibility": null, "alt_owner": null, "url": null, "construction:railway:etcs": null, "lanes:backward": null, "lanes:both_ways": null, "lanes:forward": null, "parking:lane:both": null, "turn:lanes:both_ways": null, "disused:service": null, "MAPKEY": null, "OBJECTID": null, "SHAPE_STLe": null, "sccgis:objectid": null, "miniature:scale": null, "colour": null, "turn:lanes:forward": null, "turn:lanes:backward": null, "parking:lane:right": null, "mtb:scale:imba": null, "sac_scale": null, "cycleway:left:oneway": null, "end_date": null, "bus:lanes:backward": null, "bus:lanes:forward": null, "ford": null, "parking:both": null, "parking:both:orientation": null, "historic_usage": null, "construction:maxspeed": null, "proposed:electrified": null, "proposed:frequency": null, "proposed:voltage": null, "abandoned:service": null, "destination:ref": null, "construction:name": null, "construction:network": null, "construction:operator": null, "construction:wikidata": null, "construction:wikipedia": null, "change": null, "railway:disused": null, "crossing:island": null, "source:exit": null, "source:width": null, "footway": null, "disused": null, "contact:email": null, "contact:phone": null, "contact:website": null, "group_only": null, "name:en": null, "change:forward": null, "change:backward": null, "bus:lanes": null, "trolley_wire": null, "abandoned:electrified": null, "crossing:signals": null, "maxweight:hgv": null, "maxweight:hgv:conditional": null, "maxweight:hgv_articulated": null, "razed:service": null, "demolished:bridge": null, "crossing:barrier": null, "tracks": null, "heritage:website": null, "razed:usage": null, "parking:lane:left": null, "imagery": null, "local_ref": null, "crane:type": null, "submerged": null, "construction:gauge": null, "construction:usage": null, "planned": null, "floor": null, "lastcheck": null, "end_date:railway": null, "bridge:ref": null, "not:name": null, "stroller": null, "path": null, "proposed:railway:etcs": null, "was:bridge": null, "Note": null, "name:absent": null, "construction:service": null }, "geometry": { "type": "LineString", "coordinates": [ [ -122.4096748, 37.7945585 ], [ -122.409702, 37.7946836 ], [ -122.4097108, 37.7947244 ], [ -122.4097149, 37.7947433 ], [ -122.4097297, 37.7948103 ], [ -122.409756, 37.7949295 ] ] } },
{ "type": "Feature", "properties": { "id": "way/775883295", "@id": "way/775883295", "area": null, "historic": null, "name": null, "railway": "tram", "landuse": null, "operator": "San Francisco Municipal Railway", "bicycle": null, "covered": null, "departures_board": null, "foot": null, "highway": null, "indoor": null, "network": "Muni", "public_transport": null, "ref": null, "surface": null, "train": null, "lit": null, "wheelchair": null, "bench": null, "bin": null, "shelter": null, "owner": "San Francisco Municipal Railway", "building": null, "disused:railway": null, "source": null, "source_ref": null, "level": "0", "tactile_paving": null, "addr:city": null, "addr:housenumber": null, "addr:postcode": null, "addr:state": null, "addr:street": null, "addr:street_direction_prefix": null, "industrial": null, "building:levels": null, "height": null, "light_rail": null, "air_conditioning": null, "attribution": null, "bak:fac_type1": null, "internet_access": null, "bus": null, "tram": null, "wheelchair:description": null, "check_date": null, "passenger_information_display": null, "bridge": null, "layer": null, "check_date:lit": null, "trolleybus": null, "bearing": null, "check_date:shelter": null, "tourism": null, "access": null, "subway": null, "location": null, "tunnel": null, "motor_vehicle": null, "operator:wikidata": null, "electrified": "no", "gauge": "1067", "alt_name": null, "note": null, "note:website": null, "phone": null, "railway:position": null, "railway:ref": null, "short_name": null, "website": null, "wikidata": null, "wikipedia": null, "service": null, "length": null, "addr:housename": null, "attraction": null, "monorail": null, "horse": null, "check_date:bin": null, "tiger:county": null, "start_date": null, "check_date:bench": null, "ele": null, "lacounty:ain": null, "lacounty:bld_id": null, "usage": null, "fixme": null, "rail": null, "source:imagery": null, "description": null, "underground": null, "frequency": null, "voltage": null, "network:wikidata": null, "network:wikipedia": null, "operator:wikipedia": null, "owner:wikidata": null, "owner:wikipedia": null, "organization": null, "crossing": null, "official_name": null, "railway:proposed": null, "proposed:public_transport": null, "proposed:railway": null, "proposed:tram": null, "turntable": null, "biotic_reef:type": null, "image": null, "natural": null, "protection_title": null, "reef": null, "ruined": null, "seamark:type": null, "man_made": null, "proposed": null, "wikimedia_commons": null, "addr:country": null, "toilets:wheelchair": null, "baby_feeding": null, "station": null, "railway:preferred_direction": "forward", "oneway": null, "maxspeed": null, "tiger:cfcc": null, "tiger:reviewed": null, "maxspeed:freight": null, "railway:ptc": null, "railway:track_class": null, "railway:track_ref": null, "old_railway_operator": null, "railway:atc": null, "tiger:name_base": null, "railway:traffic_mode": null, "reporting_marks": null, "tunnel:name": null, "segregated": null, "sidewalk": null, "cycleway": null, "tiger:name_type": null, "passenger_lines": null, "passenger": null, "railway:preserved": null, "cycleway:left": null, "cycleway:right": null, "cycleway:right:lane": null, "lcn": null, "lanes": null, "abandoned:railway": null, "abandoned:name": null, "smoothness": null, "tracktype": null, "source:construction": null, "tiger:source": null, "tiger:tlid": null, "tiger:upload_uuid": null, "review": null, "maxspeed:backward": null, "maxspeed:forward": null, "maxspeed:freight:backward": null, "historic:name": null, "historic:operator": null, "historic:usage": null, "bridge:name": null, "operator:short": null, "embankment": null, "old_name": null, "route": null, "type": null, "cutting": null, "vta:id": null, "maxheight": null, "razed:railway": null, "cycleway:both": null, "cycleway:both:lane": null, "lane_markings": null, "name_1": null, "tiger:name_base_1": null, "tiger:name_type_1": null, "width": null, "abandoned": null, "tiger:separated": null, "incline": null, "bridge:movable": null, "bridge:wikidata": null, "bridge:wikipedia": null, "heritage": null, "heritage:operator": null, "ref:nrhp": null, "bridge_ref": null, "milepost:county": null, "source:bridge": null, "source_ref:bridge": null, "hgv": null, "demolished:railway": null, "loc_name": null, "route_ref": null, "embedded": null, "addr:county": null, "ref:lahcm": null, "construction": null, "opening_date": null, "created_by": null, "bridge:alt_name": null, "maxspeed:freight:forward": null, "name:pronunciation": null, "cable_tram": "cable", "ref:cpuc": null, "ref:fra_crossing": null, "flood_prone": null, "motorcycle": null, "bing": null, "railway:cbtc": null, "tunnel:alt_name": null, "ID": null, "assmntdist": null, "built": null, "finish": null, "region": null, "shape_le_1": null, "shape_len": null, "start": null, "winter": null, "highspeed": null, "crossing:markings": null, "tunnel:wikidata": null, "NHS": null, "dog": null, "bridge:structure": null, "builder": null, "line": null, "is_in:state_code": null, "demolished": null, "old_attraction_name": null, "destination:lanes": null, "hov": null, "toll": null, "toll:hov": null, "turn:lanes": null, "railway:interlaced": null, "seasonal:dry_season": null, "seasonal:wet_season": null, "removed:bridge": null, "designation": null, "razed": null, "name:es": null, "destination": null, "lift_chain": null, "source:1": null, "hov:minimum": null, "old_ref": null, "construction:electrified": null, "construction:frequency": null, "construction:railway": null, "construction:voltage": null, "FIXME": null, "abandoned:usage": null, "admin_level": null, "border_type": null, "boundary": null, "ruins:bridge": null, "own": null, "leisure": null, "ohv": null, "source:maxspeed": null, "maxspeed:passenger": null, "was:gauge": null, "was:service": null, "hgv:national_network": null, "source:hgv:national_network": null, "tiger:name_base_2": null, "tiger:name_type_2": null, "nrhp:criteria": null, "nrhp:inscription_date": null, "nrhp:nhl": null, "old_name:1927-1968": null, "ref:cli": null, "name_2": null, "mtb:scale": null, "mtb:scale:uphill": null, "trail_visibility": null, "alt_owner": null, "url": null, "construction:railway:etcs": null, "lanes:backward": null, "lanes:both_ways": null, "lanes:forward": null, "parking:lane:both": null, "turn:lanes:both_ways": null, "disused:service": null, "MAPKEY": null, "OBJECTID": null, "SHAPE_STLe": null, "sccgis:objectid": null, "miniature:scale": null, "colour": null, "turn:lanes:forward": null, "turn:lanes:backward": null, "parking:lane:right": null, "mtb:scale:imba": null, "sac_scale": null, "cycleway:left:oneway": null, "end_date": null, "bus:lanes:backward": null, "bus:lanes:forward": null, "ford": null, "parking:both": null, "parking:both:orientation": null, "historic_usage": null, "construction:maxspeed": null, "proposed:electrified": null, "proposed:frequency": null, "proposed:voltage": null, "abandoned:service": null, "destination:ref": null, "construction:name": null, "construction:network": null, "construction:operator": null, "construction:wikidata": null, "construction:wikipedia": null, "change": null, "railway:disused": null, "crossing:island": null, "source:exit": null, "source:width": null, "footway": null, "disused": null, "contact:email": null, "contact:phone": null, "contact:website": null, "group_only": null, "name:en": null, "change:forward": null, "change:backward": null, "bus:lanes": null, "trolley_wire": null, "abandoned:electrified": null, "crossing:signals": null, "maxweight:hgv": null, "maxweight:hgv:conditional": null, "maxweight:hgv_articulated": null, "razed:service": null, "demolished:bridge": null, "crossing:barrier": null, "tracks": null, "heritage:website": null, "razed:usage": null, "parking:lane:left": null, "imagery": null, "local_ref": null, "crane:type": null, "submerged": null, "construction:gauge": null, "construction:usage": null, "planned": null, "floor": null, "lastcheck": null, "end_date:railway": null, "bridge:ref": null, "not:name": null, "stroller": null, "path": null, "proposed:railway:etcs": null, "was:bridge": null, "Note": null, "name:absent": null, "construction:service": null }, "geometry": { "type": "LineString", "coordinates": [ [ -122.407791, 37.7850162 ], [ -122.4077462, 37.7847869 ] ] } },
{ "type": "Feature", "properties": { "id": "way/775883297", "@id": "way/775883297", "area": null, "historic": null, "name": null, "railway": "tram", "landuse": null, "operator": "San Francisco Municipal Railway", "bicycle": null, "covered": null, "departures_board": null, "foot": null, "highway": null, "indoor": null, "network": "Muni", "public_transport": null, "ref": null, "surface": null, "train": null, "lit": null, "wheelchair": null, "bench": null, "bin": null, "shelter": null, "owner": "San Francisco Municipal Railway", "building": null, "disused:railway": null, "source": null, "source_ref": null, "level": null, "tactile_paving": null, "addr:city": null, "addr:housenumber": null, "addr:postcode": null, "addr:state": null, "addr:street": null, "addr:street_direction_prefix": null, "industrial": null, "building:levels": null, "height": null, "light_rail": null, "air_conditioning": null, "attribution": null, "bak:fac_type1": null, "internet_access": null, "bus": null, "tram": null, "wheelchair:description": null, "check_date": null, "passenger_information_display": null, "bridge": null, "layer": null, "check_date:lit": null, "trolleybus": null, "bearing": null, "check_date:shelter": null, "tourism": null, "access": null, "subway": null, "location": null, "tunnel": null, "motor_vehicle": null, "operator:wikidata": null, "electrified": "no", "gauge": "1067", "alt_name": null, "note": null, "note:website": null, "phone": null, "railway:position": null, "railway:ref": null, "short_name": null, "website": null, "wikidata": null, "wikipedia": null, "service": null, "length": null, "addr:housename": null, "attraction": null, "monorail": null, "horse": null, "check_date:bin": null, "tiger:county": null, "start_date": null, "check_date:bench": null, "ele": null, "lacounty:ain": null, "lacounty:bld_id": null, "usage": null, "fixme": null, "rail": null, "source:imagery": null, "description": null, "underground": null, "frequency": null, "voltage": null, "network:wikidata": null, "network:wikipedia": null, "operator:wikipedia": null, "owner:wikidata": null, "owner:wikipedia": null, "organization": null, "crossing": null, "official_name": null, "railway:proposed": null, "proposed:public_transport": null, "proposed:railway": null, "proposed:tram": null, "turntable": null, "biotic_reef:type": null, "image": null, "natural": null, "protection_title": null, "reef": null, "ruined": null, "seamark:type": null, "man_made": null, "proposed": null, "wikimedia_commons": null, "addr:country": null, "toilets:wheelchair": null, "baby_feeding": null, "station": null, "railway:preferred_direction": "forward", "oneway": null, "maxspeed": null, "tiger:cfcc": null, "tiger:reviewed": null, "maxspeed:freight": null, "railway:ptc": null, "railway:track_class": null, "railway:track_ref": null, "old_railway_operator": null, "railway:atc": null, "tiger:name_base": null, "railway:traffic_mode": null, "reporting_marks": null, "tunnel:name": null, "segregated": null, "sidewalk": null, "cycleway": null, "tiger:name_type": null, "passenger_lines": null, "passenger": null, "railway:preserved": null, "cycleway:left": null, "cycleway:right": null, "cycleway:right:lane": null, "lcn": null, "lanes": null, "abandoned:railway": null, "abandoned:name": null, "smoothness": null, "tracktype": null, "source:construction": null, "tiger:source": null, "tiger:tlid": null, "tiger:upload_uuid": null, "review": null, "maxspeed:backward": null, "maxspeed:forward": null, "maxspeed:freight:backward": null, "historic:name": null, "historic:operator": null, "historic:usage": null, "bridge:name": null, "operator:short": null, "embankment": null, "old_name": null, "route": null, "type": null, "cutting": null, "vta:id": null, "maxheight": null, "razed:railway": null, "cycleway:both": null, "cycleway:both:lane": null, "lane_markings": null, "name_1": null, "tiger:name_base_1": null, "tiger:name_type_1": null, "width": null, "abandoned": null, "tiger:separated": null, "incline": null, "bridge:movable": null, "bridge:wikidata": null, "bridge:wikipedia": null, "heritage": null, "heritage:operator": null, "ref:nrhp": null, "bridge_ref": null, "milepost:county": null, "source:bridge": null, "source_ref:bridge": null, "hgv": null, "demolished:railway": null, "loc_name": null, "route_ref": null, "embedded": null, "addr:county": null, "ref:lahcm": null, "construction": null, "opening_date": null, "created_by": null, "bridge:alt_name": null, "maxspeed:freight:forward": null, "name:pronunciation": null, "cable_tram": null, "ref:cpuc": null, "ref:fra_crossing": null, "flood_prone": null, "motorcycle": null, "bing": null, "railway:cbtc": null, "tunnel:alt_name": null, "ID": null, "assmntdist": null, "built": null, "finish": null, "region": null, "shape_le_1": null, "shape_len": null, "start": null, "winter": null, "highspeed": null, "crossing:markings": null, "tunnel:wikidata": null, "NHS": null, "dog": null, "bridge:structure": null, "builder": null, "line": null, "is_in:state_code": null, "demolished": null, "old_attraction_name": null, "destination:lanes": null, "hov": null, "toll": null, "toll:hov": null, "turn:lanes": null, "railway:interlaced": null, "seasonal:dry_season": null, "seasonal:wet_season": null, "removed:bridge": null, "designation": null, "razed": null, "name:es": null, "destination": null, "lift_chain": null, "source:1": null, "hov:minimum": null, "old_ref": null, "construction:electrified": null, "construction:frequency": null, "construction:railway": null, "construction:voltage": null, "FIXME": null, "abandoned:usage": null, "admin_level": null, "border_type": null, "boundary": null, "ruins:bridge": null, "own": null, "leisure": null, "ohv": null, "source:maxspeed": null, "maxspeed:passenger": null, "was:gauge": null, "was:service": null, "hgv:national_network": null, "source:hgv:national_network": null, "tiger:name_base_2": null, "tiger:name_type_2": null, "nrhp:criteria": null, "nrhp:inscription_date": null, "nrhp:nhl": null, "old_name:1927-1968": null, "ref:cli": null, "name_2": null, "mtb:scale": null, "mtb:scale:uphill": null, "trail_visibility": null, "alt_owner": null, "url": null, "construction:railway:etcs": null, "lanes:backward": null, "lanes:both_ways": null, "lanes:forward": null, "parking:lane:both": null, "turn:lanes:both_ways": null, "disused:service": null, "MAPKEY": null, "OBJECTID": null, "SHAPE_STLe": null, "sccgis:objectid": null, "miniature:scale": null, "colour": null, "turn:lanes:forward": null, "turn:lanes:backward": null, "parking:lane:right": null, "mtb:scale:imba": null, "sac_scale": null, "cycleway:left:oneway": null, "end_date": null, "bus:lanes:backward": null, "bus:lanes:forward": null, "ford": null, "parking:both": null, "parking:both:orientation": null, "historic_usage": null, "construction:maxspeed": null, "proposed:electrified": null, "proposed:frequency": null, "proposed:voltage": null, "abandoned:service": null, "destination:ref": null, "construction:name": null, "construction:network": null, "construction:operator": null, "construction:wikidata": null, "construction:wikipedia": null, "change": null, "railway:disused": null, "crossing:island": null, "source:exit": null, "source:width": null, "footway": null, "disused": null, "contact:email": null, "contact:phone": null, "contact:website": null, "group_only": null, "name:en": null, "change:forward": null, "change:backward": null, "bus:lanes": null, "trolley_wire": null, "abandoned:electrified": null, "crossing:signals": null, "maxweight:hgv": null, "maxweight:hgv:conditional": null, "maxweight:hgv_articulated": null, "razed:service": null, "demolished:bridge": null, "crossing:barrier": null, "tracks": null, "heritage:website": null, "razed:usage": null, "parking:lane:left": null, "imagery": null, "local_ref": null, "crane:type": null, "submerged": null, "construction:gauge": null, "construction:usage": null, "planned": null, "floor": null, "lastcheck": null, "end_date:railway": null, "bridge:ref": null, "not:name": null, "stroller": null, "path": null, "proposed:railway:etcs": null, "was:bridge": null, "Note": null, "name:absent": null, "construction:service": null }, "geometry": { "type": "LineString", "coordinates": [ [ -122.4092129, 37.7921099 ], [ -122.4092045, 37.7920616 ], [ -122.4092021, 37.7920478 ], [ -122.4091995, 37.7920345 ], [ -122.409189, 37.7919797 ] ] } },
{ "type": "Feature", "properties": { "id": "way/775883298", "@id": "way/775883298", "area": null, "historic": null, "name": null, "railway": "tram", "landuse": null, "operator": "San Francisco Municipal Railway", "bicycle": null, "covered": null, "departures_board": null, "foot": null, "highway": null, "indoor": null, "network": "Muni", "public_transport": null, "ref": null, "surface": null, "train": null, "lit": null, "wheelchair": null, "bench": null, "bin": null, "shelter": null, "owner": "San Francisco Municipal Railway", "building": null, "disused:railway": null, "source": null, "source_ref": null, "level": null, "tactile_paving": null, "addr:city": null, "addr:housenumber": null, "addr:postcode": null, "addr:state": null, "addr:street": null, "addr:street_direction_prefix": null, "industrial": null, "building:levels": null, "height": null, "light_rail": null, "air_conditioning": null, "attribution": null, "bak:fac_type1": null, "internet_access": null, "bus": null, "tram": null, "wheelchair:description": null, "check_date": null, "passenger_information_display": null, "bridge": null, "layer": null, "check_date:lit": null, "trolleybus": null, "bearing": null, "check_date:shelter": null, "tourism": null, "access": null, "subway": null, "location": null, "tunnel": null, "motor_vehicle": null, "operator:wikidata": null, "electrified": "no", "gauge": "1067", "alt_name": null, "note": null, "note:website": null, "phone": null, "railway:position": null, "railway:ref": null, "short_name": null, "website": null, "wikidata": null, "wikipedia": null, "service": null, "length": null, "addr:housename": null, "attraction": null, "monorail": null, "horse": null, "check_date:bin": null, "tiger:county": null, "start_date": null, "check_date:bench": null, "ele": null, "lacounty:ain": null, "lacounty:bld_id": null, "usage": null, "fixme": null, "rail": null, "source:imagery": null, "description": null, "underground": null, "frequency": null, "voltage": null, "network:wikidata": null, "network:wikipedia": null, "operator:wikipedia": null, "owner:wikidata": null, "owner:wikipedia": null, "organization": null, "crossing": null, "official_name": null, "railway:proposed": null, "proposed:public_transport": null, "proposed:railway": null, "proposed:tram": null, "turntable": null, "biotic_reef:type": null, "image": null, "natural": null, "protection_title": null, "reef": null, "ruined": null, "seamark:type": null, "man_made": null, "proposed": null, "wikimedia_commons": null, "addr:country": null, "toilets:wheelchair": null, "baby_feeding": null, "station": null, "railway:preferred_direction": "forward", "oneway": null, "maxspeed": "9.5 mph", "tiger:cfcc": null, "tiger:reviewed": null, "maxspeed:freight": null, "railway:ptc": null, "railway:track_class": null, "railway:track_ref": null, "old_railway_operator": null, "railway:atc": null, "tiger:name_base": null, "railway:traffic_mode": null, "reporting_marks": null, "tunnel:name": null, "segregated": null, "sidewalk": null, "cycleway": null, "tiger:name_type": null, "passenger_lines": null, "passenger": null, "railway:preserved": null, "cycleway:left": null, "cycleway:right": null, "cycleway:right:lane": null, "lcn": null, "lanes": null, "abandoned:railway": null, "abandoned:name": null, "smoothness": null, "tracktype": null, "source:construction": null, "tiger:source": null, "tiger:tlid": null, "tiger:upload_uuid": null, "review": null, "maxspeed:backward": null, "maxspeed:forward": null, "maxspeed:freight:backward": null, "historic:name": null, "historic:operator": null, "historic:usage": null, "bridge:name": null, "operator:short": null, "embankment": null, "old_name": null, "route": null, "type": null, "cutting": null, "vta:id": null, "maxheight": null, "razed:railway": null, "cycleway:both": null, "cycleway:both:lane": null, "lane_markings": null, "name_1": null, "tiger:name_base_1": null, "tiger:name_type_1": null, "width": null, "abandoned": null, "tiger:separated": null, "incline": null, "bridge:movable": null, "bridge:wikidata": null, "bridge:wikipedia": null, "heritage": null, "heritage:operator": null, "ref:nrhp": null, "bridge_ref": null, "milepost:county": null, "source:bridge": null, "source_ref:bridge": null, "hgv": null, "demolished:railway": null, "loc_name": null, "route_ref": null, "embedded": null, "addr:county": null, "ref:lahcm": null, "construction": null, "opening_date": null, "created_by": null, "bridge:alt_name": null, "maxspeed:freight:forward": null, "name:pronunciation": null, "cable_tram": "cable", "ref:cpuc": null, "ref:fra_crossing": null, "flood_prone": null, "motorcycle": null, "bing": null, "railway:cbtc": null, "tunnel:alt_name": null, "ID": null, "assmntdist": null, "built": null, "finish": null, "region": null, "shape_le_1": null, "shape_len": null, "start": null, "winter": null, "highspeed": null, "crossing:markings": null, "tunnel:wikidata": null, "NHS": null, "dog": null, "bridge:structure": null, "builder": null, "line": null, "is_in:state_code": null, "demolished": null, "old_attraction_name": null, "destination:lanes": null, "hov": null, "toll": null, "toll:hov": null, "turn:lanes": null, "railway:interlaced": null, "seasonal:dry_season": null, "seasonal:wet_season": null, "removed:bridge": null, "designation": null, "razed": null, "name:es": null, "destination": null, "lift_chain": null, "source:1": null, "hov:minimum": null, "old_ref": null, "construction:electrified": null, "construction:frequency": null, "construction:railway": null, "construction:voltage": null, "FIXME": null, "abandoned:usage": null, "admin_level": null, "border_type": null, "boundary": null, "ruins:bridge": null, "own": null, "leisure": null, "ohv": null, "source:maxspeed": null, "maxspeed:passenger": null, "was:gauge": null, "was:service": null, "hgv:national_network": null, "source:hgv:national_network": null, "tiger:name_base_2": null, "tiger:name_type_2": null, "nrhp:criteria": null, "nrhp:inscription_date": null, "nrhp:nhl": null, "old_name:1927-1968": null, "ref:cli": null, "name_2": null, "mtb:scale": null, "mtb:scale:uphill": null, "trail_visibility": null, "alt_owner": null, "url": null, "construction:railway:etcs": null, "lanes:backward": null, "lanes:both_ways": null, "lanes:forward": null, "parking:lane:both": null, "turn:lanes:both_ways": null, "disused:service": null, "MAPKEY": null, "OBJECTID": null, "SHAPE_STLe": null, "sccgis:objectid": null, "miniature:scale": null, "colour": null, "turn:lanes:forward": null, "turn:lanes:backward": null, "parking:lane:right": null, "mtb:scale:imba": null, "sac_scale": null, "cycleway:left:oneway": null, "end_date": null, "bus:lanes:backward": null, "bus:lanes:forward": null, "ford": null, "parking:both": null, "parking:both:orientation": null, "historic_usage": null, "construction:maxspeed": null, "proposed:electrified": null, "proposed:frequency": null, "proposed:voltage": null, "abandoned:service": null, "destination:ref": null, "construction:name": null, "construction:network": null, "construction:operator": null, "construction:wikidata": null, "construction:wikipedia": null, "change": null, "railway:disused": null, "crossing:island": null, "source:exit": null, "source:width": null, "footway": null, "disused": null, "contact:email": null, "contact:phone": null, "contact:website": null, "group_only": null, "name:en": null, "change:forward": null, "change:backward": null, "bus:lanes": null, "trolley_wire": null, "abandoned:electrified": null, "crossing:signals": null, "maxweight:hgv": null, "maxweight:hgv:conditional": null, "maxweight:hgv_articulated": null, "razed:service": null, "demolished:bridge": null, "crossing:barrier": null, "tracks": null, "heritage:website": null, "razed:usage": null, "parking:lane:left": null, "imagery": null, "local_ref": null, "crane:type": null, "submerged": null, "construction:gauge": null, "construction:usage": null, "planned": null, "floor": null, "lastcheck": null, "end_date:railway": null, "bridge:ref": null, "not:name": null, "stroller": null, "path": null, "proposed:railway:etcs": null, "was:bridge": null, "Note": null, "name:absent": null, "construction:service": null }, "geometry": { "type": "LineString", "coordinates": [ [ -122.4099094, 37.7947098 ], [ -122.4098856, 37.7947113 ], [ -122.4098625, 37.7947111 ], [ -122.4098495, 37.7947095 ], [ -122.4098388, 37.7947081 ], [ -122.4098152, 37.794701 ], [ -122.4097953, 37.7946925 ], [ -122.4097766, 37.7946803 ], [ -122.4097712, 37.7946747 ], [ -122.4097635, 37.7946666 ], [ -122.4097472, 37.7946456 ], [ -122.4097332, 37.7946209 ], [ -122.4097218, 37.7945916 ], [ -122.4097106, 37.794549 ], [ -122.4095797, 37.7939157 ], [ -122.4095691, 37.7938565 ], [ -122.409563, 37.7938229 ], [ -122.4095612, 37.7938098 ], [ -122.4093926, 37.7930347 ], [ -122.40938, 37.7929771 ], [ -122.4093774, 37.7929603 ], [ -122.409375, 37.7929478 ], [ -122.4093702, 37.7929216 ], [ -122.409238, 37.7922457 ], [ -122.4092221, 37.7921583 ], [ -122.4092129, 37.7921099 ] ] } },
{ "type": "Feature", "properties": { "id": "way/775883299", "@id": "way/775883299", "area": null, "historic": null, "name": null, "railway": "tram", "landuse": null, "operator": "San Francisco Municipal Railway", "bicycle": null, "covered": null, "departures_board": null, "foot": null, "highway": null, "indoor": null, "network": "Muni", "public_transport": null, "ref": null, "surface": null, "train": null, "lit": null, "wheelchair": null, "bench": null, "bin": null, "shelter": null, "owner": "San Francisco Municipal Railway", "building": null, "disused:railway": null, "source": null, "source_ref": null, "level": null, "tactile_paving": null, "addr:city": null, "addr:housenumber": null, "addr:postcode": null, "addr:state": null, "addr:street": null, "addr:street_direction_prefix": null, "industrial": null, "building:levels": null, "height": null, "light_rail": null, "air_conditioning": null, "attribution": null, "bak:fac_type1": null, "internet_access": null, "bus": null, "tram": null, "wheelchair:description": null, "check_date": null, "passenger_information_display": null, "bridge": null, "layer": null, "check_date:lit": null, "trolleybus": null, "bearing": null, "check_date:shelter": null, "tourism": null, "access": null, "subway": null, "location": null, "tunnel": null, "motor_vehicle": null, "operator:wikidata": null, "electrified": "no", "gauge": "1067", "alt_name": null, "note": null, "note:website": null, "phone": null, "railway:position": null, "railway:ref": null, "short_name": null, "website": null, "wikidata": null, "wikipedia": null, "service": null, "length": null, "addr:housename": null, "attraction": null, "monorail": null, "horse": null, "check_date:bin": null, "tiger:county": null, "start_date": null, "check_date:bench": null, "ele": null, "lacounty:ain": null, "lacounty:bld_id": null, "usage": null, "fixme": null, "rail": null, "source:imagery": null, "description": null, "underground": null, "frequency": null, "voltage": null, "network:wikidata": null, "network:wikipedia": null, "operator:wikipedia": null, "owner:wikidata": null, "owner:wikipedia": null, "organization": null, "crossing": null, "official_name": null, "railway:proposed": null, "proposed:public_transport": null, "proposed:railway": null, "proposed:tram": null, "turntable": null, "biotic_reef:type": null, "image": null, "natural": null, "protection_title": null, "reef": null, "ruined": null, "seamark:type": null, "man_made": null, "proposed": null, "wikimedia_commons": null, "addr:country": null, "toilets:wheelchair": null, "baby_feeding": null, "station": null, "railway:preferred_direction": "forward", "oneway": null, "maxspeed": "9.5 mph", "tiger:cfcc": null, "tiger:reviewed": null, "maxspeed:freight": null, "railway:ptc": null, "railway:track_class": null, "railway:track_ref": null, "old_railway_operator": null, "railway:atc": null, "tiger:name_base": null, "railway:traffic_mode": null, "reporting_marks": null, "tunnel:name": null, "segregated": null, "sidewalk": null, "cycleway": null, "tiger:name_type": null, "passenger_lines": null, "passenger": null, "railway:preserved": null, "cycleway:left": null, "cycleway:right": null, "cycleway:right:lane": null, "lcn": null, "lanes": null, "abandoned:railway": null, "abandoned:name": null, "smoothness": null, "tracktype": null, "source:construction": null, "tiger:source": null, "tiger:tlid": null, "tiger:upload_uuid": null, "review": null, "maxspeed:backward": null, "maxspeed:forward": null, "maxspeed:freight:backward": null, "historic:name": null, "historic:operator": null, "historic:usage": null, "bridge:name": null, "operator:short": null, "embankment": null, "old_name": null, "route": null, "type": null, "cutting": null, "vta:id": null, "maxheight": null, "razed:railway": null, "cycleway:both": null, "cycleway:both:lane": null, "lane_markings": null, "name_1": null, "tiger:name_base_1": null, "tiger:name_type_1": null, "width": null, "abandoned": null, "tiger:separated": null, "incline": null, "bridge:movable": null, "bridge:wikidata": null, "bridge:wikipedia": null, "heritage": null, "heritage:operator": null, "ref:nrhp": null, "bridge_ref": null, "milepost:county": null, "source:bridge": null, "source_ref:bridge": null, "hgv": null, "demolished:railway": null, "loc_name": null, "route_ref": null, "embedded": null, "addr:county": null, "ref:lahcm": null, "construction": null, "opening_date": null, "created_by": null, "bridge:alt_name": null, "maxspeed:freight:forward": null, "name:pronunciation": null, "cable_tram": "cable", "ref:cpuc": null, "ref:fra_crossing": null, "flood_prone": null, "motorcycle": null, "bing": null, "railway:cbtc": null, "tunnel:alt_name": null, "ID": null, "assmntdist": null, "built": null, "finish": null, "region": null, "shape_le_1": null, "shape_len": null, "start": null, "winter": null, "highspeed": null, "crossing:markings": null, "tunnel:wikidata": null, "NHS": null, "dog": null, "bridge:structure": null, "builder": null, "line": null, "is_in:state_code": null, "demolished": null, "old_attraction_name": null, "destination:lanes": null, "hov": null, "toll": null, "toll:hov": null, "turn:lanes": null, "railway:interlaced": null, "seasonal:dry_season": null, "seasonal:wet_season": null, "removed:bridge": null, "designation": null, "razed": null, "name:es": null, "destination": null, "lift_chain": null, "source:1": null, "hov:minimum": null, "old_ref": null, "construction:electrified": null, "construction:frequency": null, "construction:railway": null, "construction:voltage": null, "FIXME": null, "abandoned:usage": null, "admin_level": null, "border_type": null, "boundary": null, "ruins:bridge": null, "own": null, "leisure": null, "ohv": null, "source:maxspeed": null, "maxspeed:passenger": null, "was:gauge": null, "was:service": null, "hgv:national_network": null, "source:hgv:national_network": null, "tiger:name_base_2": null, "tiger:name_type_2": null, "nrhp:criteria": null, "nrhp:inscription_date": null, "nrhp:nhl": null, "old_name:1927-1968": null, "ref:cli": null, "name_2": null, "mtb:scale": null, "mtb:scale:uphill": null, "trail_visibility": null, "alt_owner": null, "url": null, "construction:railway:etcs": null, "lanes:backward": null, "lanes:both_ways": null, "lanes:forward": null, "parking:lane:both": null, "turn:lanes:both_ways": null, "disused:service": null, "MAPKEY": null, "OBJECTID": null, "SHAPE_STLe": null, "sccgis:objectid": null, "miniature:scale": null, "colour": null, "turn:lanes:forward": null, "turn:lanes:backward": null, "parking:lane:right": null, "mtb:scale:imba": null, "sac_scale": null, "cycleway:left:oneway": null, "end_date": null, "bus:lanes:backward": null, "bus:lanes:forward": null, "ford": null, "parking:both": null, "parking:both:orientation": null, "historic_usage": null, "construction:maxspeed": null, "proposed:electrified": null, "proposed:frequency": null, "proposed:voltage": null, "abandoned:service": null, "destination:ref": null, "construction:name": null, "construction:network": null, "construction:operator": null, "construction:wikidata": null, "construction:wikipedia": null, "change": null, "railway:disused": null, "crossing:island": null, "source:exit": null, "source:width": null, "footway": null, "disused": null, "contact:email": null, "contact:phone": null, "contact:website": null, "group_only": null, "name:en": null, "change:forward": null, "change:backward": null, "bus:lanes": null, "trolley_wire": null, "abandoned:electrified": null, "crossing:signals": null, "maxweight:hgv": null, "maxweight:hgv:conditional": null, "maxweight:hgv_articulated": null, "razed:service": null, "demolished:bridge": null, "crossing:barrier": null, "tracks": null, "heritage:website": null, "razed:usage": null, "parking:lane:left": null, "imagery": null, "local_ref": null, "crane:type": null, "submerged": null, "construction:gauge": null, "construction:usage": null, "planned": null, "floor": null, "lastcheck": null, "end_date:railway": null, "bridge:ref": null, "not:name": null, "stroller": null, "path": null, "proposed:railway:etcs": null, "was:bridge": null, "Note": null, "name:absent": null, "construction:service": null }, "geometry": { "type": "LineString", "coordinates": [ [ -122.4091785, 37.7921136 ], [ -122.4091882, 37.7921625 ], [ -122.40922, 37.792325 ], [ -122.409331, 37.7928842 ], [ -122.4093396, 37.7929254 ], [ -122.4093468, 37.7929633 ], [ -122.40935, 37.7929809 ], [ -122.4093611, 37.7930385 ], [ -122.4094466, 37.7934827 ], [ -122.409504, 37.7937638 ], [ -122.4095142, 37.7938157 ], [ -122.4095197, 37.7938393 ], [ -122.4095248, 37.7938625 ], [ -122.4095355, 37.7939213 ], [ -122.4096222, 37.7943139 ], [ -122.4096748, 37.7945585 ] ] } },
{ "type": "Feature", "properties": { "id": "way/775883301", "@id": "way/775883301", "area": null, "historic": null, "name": null, "railway": "tram", "landuse": null, "operator": "San Francisco Municipal Railway", "bicycle": null, "covered": null, "departures_board": null, "foot": null, "highway": null, "indoor": null, "network": "Muni", "public_transport": null, "ref": null, "surface": null, "train": null, "lit": null, "wheelchair": null, "bench": null, "bin": null, "shelter": null, "owner": "San Francisco Municipal Railway", "building": null, "disused:railway": null, "source": null, "source_ref": null, "level": null, "tactile_paving": null, "addr:city": null, "addr:housenumber": null, "addr:postcode": null, "addr:state": null, "addr:street": null, "addr:street_direction_prefix": null, "industrial": null, "building:levels": null, "height": null, "light_rail": null, "air_conditioning": null, "attribution": null, "bak:fac_type1": null, "internet_access": null, "bus": null, "tram": null, "wheelchair:description": null, "check_date": null, "passenger_information_display": null, "bridge": null, "layer": null, "check_date:lit": null, "trolleybus": null, "bearing": null, "check_date:shelter": null, "tourism": null, "access": null, "subway": null, "location": null, "tunnel": null, "motor_vehicle": null, "operator:wikidata": null, "electrified": "no", "gauge": "1067", "alt_name": null, "note": null, "note:website": null, "phone": null, "railway:position": null, "railway:ref": null, "short_name": null, "website": null, "wikidata": null, "wikipedia": null, "service": null, "length": null, "addr:housename": null, "attraction": null, "monorail": null, "horse": null, "check_date:bin": null, "tiger:county": null, "start_date": null, "check_date:bench": null, "ele": null, "lacounty:ain": null, "lacounty:bld_id": null, "usage": null, "fixme": null, "rail": null, "source:imagery": null, "description": null, "underground": null, "frequency": null, "voltage": null, "network:wikidata": null, "network:wikipedia": null, "operator:wikipedia": null, "owner:wikidata": null, "owner:wikipedia": null, "organization": null, "crossing": null, "official_name": null, "railway:proposed": null, "proposed:public_transport": null, "proposed:railway": null, "proposed:tram": null, "turntable": null, "biotic_reef:type": null, "image": null, "natural": null, "protection_title": null, "reef": null, "ruined": null, "seamark:type": null, "man_made": null, "proposed": null, "wikimedia_commons": null, "addr:country": null, "toilets:wheelchair": null, "baby_feeding": null, "station": null, "railway:preferred_direction": "forward", "oneway": null, "maxspeed": "9.5 mph", "tiger:cfcc": null, "tiger:reviewed": null, "maxspeed:freight": null, "railway:ptc": null, "railway:track_class": null, "railway:track_ref": null, "old_railway_operator": null, "railway:atc": null, "tiger:name_base": null, "railway:traffic_mode": null, "reporting_marks": null, "tunnel:name": null, "segregated": null, "sidewalk": null, "cycleway": null, "tiger:name_type": null, "passenger_lines": null, "passenger": null, "railway:preserved": null, "cycleway:left": null, "cycleway:right": null, "cycleway:right:lane": null, "lcn": null, "lanes": null, "abandoned:railway": null, "abandoned:name": null, "smoothness": null, "tracktype": null, "source:construction": null, "tiger:source": null, "tiger:tlid": null, "tiger:upload_uuid": null, "review": null, "maxspeed:backward": null, "maxspeed:forward": null, "maxspeed:freight:backward": null, "historic:name": null, "historic:operator": null, "historic:usage": null, "bridge:name": null, "operator:short": null, "embankment": null, "old_name": null, "route": null, "type": null, "cutting": null, "vta:id": null, "maxheight": null, "razed:railway": null, "cycleway:both": null, "cycleway:both:lane": null, "lane_markings": null, "name_1": null, "tiger:name_base_1": null, "tiger:name_type_1": null, "width": null, "abandoned": null, "tiger:separated": null, "incline": null, "bridge:movable": null, "bridge:wikidata": null, "bridge:wikipedia": null, "heritage": null, "heritage:operator": null, "ref:nrhp": null, "bridge_ref": null, "milepost:county": null, "source:bridge": null, "source_ref:bridge": null, "hgv": null, "demolished:railway": null, "loc_name": null, "route_ref": null, "embedded": null, "addr:county": null, "ref:lahcm": null, "construction": null, "opening_date": null, "created_by": null, "bridge:alt_name": null, "maxspeed:freight:forward": null, "name:pronunciation": null, "cable_tram": "cable", "ref:cpuc": null, "ref:fra_crossing": null, "flood_prone": null, "motorcycle": null, "bing": null, "railway:cbtc": null, "tunnel:alt_name": null, "ID": null, "assmntdist": null, "built": null, "finish": null, "region": null, "shape_le_1": null, "shape_len": null, "start": null, "winter": null, "highspeed": null, "crossing:markings": null, "tunnel:wikidata": null, "NHS": null, "dog": null, "bridge:structure": null, "builder": null, "line": null, "is_in:state_code": null, "demolished": null, "old_attraction_name": null, "destination:lanes": null, "hov": null, "toll": null, "toll:hov": null, "turn:lanes": null, "railway:interlaced": "yes", "seasonal:dry_season": null, "seasonal:wet_season": null, "removed:bridge": null, "designation": null, "razed": null, "name:es": null, "destination": null, "lift_chain": null, "source:1": null, "hov:minimum": null, "old_ref": null, "construction:electrified": null, "construction:frequency": null, "construction:railway": null, "construction:voltage": null, "FIXME": null, "abandoned:usage": null, "admin_level": null, "border_type": null, "boundary": null, "ruins:bridge": null, "own": null, "leisure": null, "ohv": null, "source:maxspeed": null, "maxspeed:passenger": null, "was:gauge": null, "was:service": null, "hgv:national_network": null, "source:hgv:national_network": null, "tiger:name_base_2": null, "tiger:name_type_2": null, "nrhp:criteria": null, "nrhp:inscription_date": null, "nrhp:nhl": null, "old_name:1927-1968": null, "ref:cli": null, "name_2": null, "mtb:scale": null, "mtb:scale:uphill": null, "trail_visibility": null, "alt_owner": null, "url": null, "construction:railway:etcs": null, "lanes:backward": null, "lanes:both_ways": null, "lanes:forward": null, "parking:lane:both": null, "turn:lanes:both_ways": null, "disused:service": null, "MAPKEY": null, "OBJECTID": null, "SHAPE_STLe": null, "sccgis:objectid": null, "miniature:scale": null, "colour": null, "turn:lanes:forward": null, "turn:lanes:backward": null, "parking:lane:right": null, "mtb:scale:imba": null, "sac_scale": null, "cycleway:left:oneway": null, "end_date": null, "bus:lanes:backward": null, "bus:lanes:forward": null, "ford": null, "parking:both": null, "parking:both:orientation": null, "historic_usage": null, "construction:maxspeed": null, "proposed:electrified": null, "proposed:frequency": null, "proposed:voltage": null, "abandoned:service": null, "destination:ref": null, "construction:name": null, "construction:network": null, "construction:operator": null, "construction:wikidata": null, "construction:wikipedia": null, "change": null, "railway:disused": null, "crossing:island": null, "source:exit": null, "source:width": null, "footway": null, "disused": null, "contact:email": null, "contact:phone": null, "contact:website": null, "group_only": null, "name:en": null, "change:forward": null, "change:backward": null, "bus:lanes": null, "trolley_wire": null, "abandoned:electrified": null, "crossing:signals": null, "maxweight:hgv": null, "maxweight:hgv:conditional": null, "maxweight:hgv_articulated": null, "razed:service": null, "demolished:bridge": null, "crossing:barrier": null, "tracks": null, "heritage:website": null, "razed:usage": null, "parking:lane:left": null, "imagery": null, "local_ref": null, "crane:type": null, "submerged": null, "construction:gauge": null, "construction:usage": null, "planned": null, "floor": null, "lastcheck": null, "end_date:railway": null, "bridge:ref": null, "not:name": null, "stroller": null, "path": null, "proposed:railway:etcs": null, "was:bridge": null, "Note": null, "name:absent": null, "construction:service": null }, "geometry": { "type": "LineString", "coordinates": [ [ -122.4100727, 37.7946894 ], [ -122.4099094, 37.7947098 ] ] } }
]
}
